PlayerID,Player,Team,Opponent,Position,Stat,Projection(mean),Median
100043,Dak Prescott,DAL,NYG,QB,player_1st_td,-1,1.3
100043,Dak Prescott,DAL,NYG,QB,player_anytime_td,-1,6.9
100043,Dak Prescott,DAL,NYG,QB,player_last_td,-1,1.2
100043,Dak Prescott,DAL,NYG,QB,sim_passing+rushing_yards,243.2028,240
100043,Dak Prescott,DAL,NYG,QB,sim_passing_attempts,31.9032,32
100043,Dak Prescott,DAL,NYG,QB,sim_passing_completions,20.5614,20
100043,Dak Prescott,DAL,NYG,QB,sim_passing_interceptions,0.588,0
100043,Dak Prescott,DAL,NYG,QB,sim_passing_longest_completion,37.7408,36
100043,Dak Prescott,DAL,NYG,QB,sim_passing_touchdowns,1.2406,1
100043,Dak Prescott,DAL,NYG,QB,sim_passing_yards,226.4718,224
100043,Dak Prescott,DAL,NYG,QB,sim_rushing_attempts,3.6478,3
100043,Dak Prescott,DAL,NYG,QB,sim_rushing_yards,16.731,12
100109,Chase McLaughlin,TB,CIN,K,sim_extra_points_made,1.9892,2
100109,Chase McLaughlin,TB,CIN,K,sim_field_goals_made,1.501,1
100109,Chase McLaughlin,TB,CIN,K,sim_kicking_total_points,6.4922,6
100138,Chris Boswell,PIT,ATL,K,sim_extra_points_made,1.7574,2
100138,Chris Boswell,PIT,ATL,K,sim_field_goals_made,1.4172,1
100138,Chris Boswell,PIT,ATL,K,sim_kicking_total_points,6.009,6
100145,Drew Sample,CIN,TB,TE,player_1st_td,-1,1.1
100145,Drew Sample,CIN,TB,TE,player_anytime_td,-1,5.7
100145,Drew Sample,CIN,TB,TE,player_last_td,-1,1.1
100163,Kene Nwangwu,NYJ,TEN,RB,player_1st_td,-1,0.2
100163,Kene Nwangwu,NYJ,TEN,RB,player_anytime_td,-1,0.6
100163,Kene Nwangwu,NYJ,TEN,RB,player_last_td,-1,0.1
100186,Justin Herbert,LAC,ARI,QB,player_1st_td,-1,4
100186,Justin Herbert,LAC,ARI,QB,player_anytime_td,-1,16.5
100186,Justin Herbert,LAC,ARI,QB,player_last_td,-1,4.3
100186,Justin Herbert,LAC,ARI,QB,sim_passing+rushing_yards,259.5422,258
100186,Justin Herbert,LAC,ARI,QB,sim_passing_attempts,31.8404,32
100186,Justin Herbert,LAC,ARI,QB,sim_passing_completions,20.8484,21
100186,Justin Herbert,LAC,ARI,QB,sim_passing_interceptions,0.536,0
100186,Justin Herbert,LAC,ARI,QB,sim_passing_longest_completion,38.6588,36
100186,Justin Herbert,LAC,ARI,QB,sim_passing_touchdowns,1.4494,1
100186,Justin Herbert,LAC,ARI,QB,sim_passing_yards,228.892,226
100186,Justin Herbert,LAC,ARI,QB,sim_rushing_attempts,5.7328,5
100186,Justin Herbert,LAC,ARI,QB,sim_rushing_yards,30.6502,22
100212,Tee Higgins,CIN,TB,WR,player_1st_td,-1,7.9
100212,Tee Higgins,CIN,TB,WR,player_anytime_td,-1,31.6
100212,Tee Higgins,CIN,TB,WR,player_last_td,-1,7.5
100212,Tee Higgins,CIN,TB,WR,sim_receiving_longest_reception,20.9938,18
100212,Tee Higgins,CIN,TB,WR,sim_receiving_receptions,4.0458,4
100212,Tee Higgins,CIN,TB,WR,sim_receiving_yards,48.993,41
100213,Joe Burrow,CIN,TB,QB,player_1st_td,-1,1
100213,Joe Burrow,CIN,TB,QB,player_anytime_td,-1,4.3
100213,Joe Burrow,CIN,TB,QB,player_last_td,-1,0.8
100213,Joe Burrow,CIN,TB,QB,sim_passing+rushing_yards,257.7104,257
100213,Joe Burrow,CIN,TB,QB,sim_passing_attempts,35.4896,35
100213,Joe Burrow,CIN,TB,QB,sim_passing_completions,23.7282,24
100213,Joe Burrow,CIN,TB,QB,sim_passing_interceptions,0.592,0
100213,Joe Burrow,CIN,TB,QB,sim_passing_longest_completion,38.4986,36
100213,Joe Burrow,CIN,TB,QB,sim_passing_touchdowns,1.5084,1
100213,Joe Burrow,CIN,TB,QB,sim_passing_yards,246.6412,246
100213,Joe Burrow,CIN,TB,QB,sim_rushing_attempts,2.8528,3
100213,Joe Burrow,CIN,TB,QB,sim_rushing_longest_rush,8.7826,7
100213,Joe Burrow,CIN,TB,QB,sim_rushing_yards,11.0692,7
100229,Riley Patterson,MIA,LV,K,sim_extra_points_made,1.5144,1
100229,Riley Patterson,MIA,LV,K,sim_field_goals_made,1.631,2
100229,Riley Patterson,MIA,LV,K,sim_kicking_total_points,6.4074,6
100237,Trevor Lawrence,JAC,CLE,QB,player_1st_td,-1,5.7
100237,Trevor Lawrence,JAC,CLE,QB,player_anytime_td,-1,18.2
100237,Trevor Lawrence,JAC,CLE,QB,player_last_td,-1,5.6
100237,Trevor Lawrence,JAC,CLE,QB,sim_passing+rushing_yards,253.6094,251
100237,Trevor Lawrence,JAC,CLE,QB,sim_passing_attempts,31.947,32
100237,Trevor Lawrence,JAC,CLE,QB,sim_passing_completions,19.889,20
100237,Trevor Lawrence,JAC,CLE,QB,sim_passing_interceptions,0.644,0
100237,Trevor Lawrence,JAC,CLE,QB,sim_passing_longest_completion,36.8698,34
100237,Trevor Lawrence,JAC,CLE,QB,sim_passing_touchdowns,1.1156,1
100237,Trevor Lawrence,JAC,CLE,QB,sim_passing_yards,222.8116,219
100237,Trevor Lawrence,JAC,CLE,QB,sim_rushing_attempts,5.8822,6
100237,Trevor Lawrence,JAC,CLE,QB,sim_rushing_longest_rush,18.0178,12
100237,Trevor Lawrence,JAC,CLE,QB,sim_rushing_yards,30.7978,23
100267,Saquon Barkley,PHI,WAS,RB,player_1st_td,-1,16.4
100267,Saquon Barkley,PHI,WAS,RB,player_anytime_td,-1,45.2
100267,Saquon Barkley,PHI,WAS,RB,player_last_td,-1,14
100267,Saquon Barkley,PHI,WAS,RB,sim_receiving_longest_reception,11.1436,9
100267,Saquon Barkley,PHI,WAS,RB,sim_receiving_receptions,2.6464,2
100267,Saquon Barkley,PHI,WAS,RB,sim_receiving_yards,18.5116,13
100267,Saquon Barkley,PHI,WAS,RB,sim_rushing+receiving_yards,87.195,83
100267,Saquon Barkley,PHI,WAS,RB,sim_rushing_attempts,16.0188,16
100267,Saquon Barkley,PHI,WAS,RB,sim_rushing_longest_rush,17.9884,15
100267,Saquon Barkley,PHI,WAS,RB,sim_rushing_yards,68.6834,65
100267,Saquon Barkley,PHI,WAS,RB,sim_total_yards,87.195,83
100298,AJ Dillon,CAR,CHI,RB,player_1st_td,-1,0.4
100298,AJ Dillon,CAR,CHI,RB,player_anytime_td,-1,1.8
100298,AJ Dillon,CAR,CHI,RB,player_last_td,-1,0.4
100349,Ja'Marr Chase,CIN,TB,WR,player_1st_td,-1,11.4
100349,Ja'Marr Chase,CIN,TB,WR,player_anytime_td,-1,37.3
100349,Ja'Marr Chase,CIN,TB,WR,player_last_td,-1,8.7
100349,Ja'Marr Chase,CIN,TB,WR,sim_receiving_longest_reception,27.4232,25
100349,Ja'Marr Chase,CIN,TB,WR,sim_receiving_receptions,6.102,6
100349,Ja'Marr Chase,CIN,TB,WR,sim_receiving_yards,79.6544,71
100361,Braxton Berrios,NYG,DAL,WR,player_1st_td,-1,0
100361,Braxton Berrios,NYG,DAL,WR,player_anytime_td,-1,0
100389,Justin Jefferson,MIN,GB,WR,player_1st_td,-1,8.8
100389,Justin Jefferson,MIN,GB,WR,player_anytime_td,-1,31.6
100389,Justin Jefferson,MIN,GB,WR,player_last_td,-1,8.1
100389,Justin Jefferson,MIN,GB,WR,sim_receiving_longest_reception,25.9306,24
100389,Justin Jefferson,MIN,GB,WR,sim_receiving_receptions,5.7384,5
100389,Justin Jefferson,MIN,GB,WR,sim_receiving_yards,74.7846,67
100400,Chris Blair,ATL,PIT,WR,player_1st_td,-1,0.2
100400,Chris Blair,ATL,PIT,WR,player_anytime_td,-1,1.2
100400,Chris Blair,ATL,PIT,WR,player_last_td,-1,0.3
100407,Ty Johnson,BUF,HOU,RB,player_1st_td,-1,1.6
100407,Ty Johnson,BUF,HOU,RB,player_anytime_td,-1,7.5
100407,Ty Johnson,BUF,HOU,RB,player_last_td,-1,1.6
100457,Baker Mayfield,TB,CIN,QB,player_1st_td,-1,1.1
100457,Baker Mayfield,TB,CIN,QB,player_anytime_td,-1,6.5
100457,Baker Mayfield,TB,CIN,QB,player_last_td,-1,1.2
100457,Baker Mayfield,TB,CIN,QB,sim_passing+rushing_yards,247.8972,247
100457,Baker Mayfield,TB,CIN,QB,sim_passing_attempts,32.408,32
100457,Baker Mayfield,TB,CIN,QB,sim_passing_completions,21.0954,21
100457,Baker Mayfield,TB,CIN,QB,sim_passing_interceptions,0.6836,0
100457,Baker Mayfield,TB,CIN,QB,sim_passing_longest_completion,38.5328,37
100457,Baker Mayfield,TB,CIN,QB,sim_passing_touchdowns,1.3356,1
100457,Baker Mayfield,TB,CIN,QB,sim_passing_yards,232.807,231
100457,Baker Mayfield,TB,CIN,QB,sim_rushing_attempts,3.306,3
100457,Baker Mayfield,TB,CIN,QB,sim_rushing_longest_rush,10.6288,9
100457,Baker Mayfield,TB,CIN,QB,sim_rushing_yards,15.0902,11
100463,Evan McPherson,CIN,TB,K,sim_extra_points_made,2.3238,2
100463,Evan McPherson,CIN,TB,K,sim_field_goals_made,1.3936,1
100463,Evan McPherson,CIN,TB,K,sim_kicking_total_points,6.5046,6
100474,Austin Hooper,ATL,PIT,TE,player_1st_td,-1,0.5
100474,Austin Hooper,ATL,PIT,TE,player_anytime_td,-1,2.4
100474,Austin Hooper,ATL,PIT,TE,player_last_td,-1,0.8
100500,Dalton Schultz,HOU,BUF,TE,player_1st_td,-1,5.4
100500,Dalton Schultz,HOU,BUF,TE,player_anytime_td,-1,19.3
100500,Dalton Schultz,HOU,BUF,TE,player_last_td,-1,4.6
100500,Dalton Schultz,HOU,BUF,TE,sim_receiving_longest_reception,17.7612,15
100500,Dalton Schultz,HOU,BUF,TE,sim_receiving_receptions,4.0886,4
100500,Dalton Schultz,HOU,BUF,TE,sim_receiving_yards,40.8726,34
100524,Chris Manhertz,NYG,DAL,TE,player_1st_td,-1,0.2
100524,Chris Manhertz,NYG,DAL,TE,player_anytime_td,-1,1.4
100524,Chris Manhertz,NYG,DAL,TE,player_last_td,-1,0.3
100528,DK Metcalf,PIT,ATL,WR,player_1st_td,-1,7.3
100528,DK Metcalf,PIT,ATL,WR,player_anytime_td,-1,23.2
100528,DK Metcalf,PIT,ATL,WR,player_last_td,-1,6.3
100528,DK Metcalf,PIT,ATL,WR,sim_receiving_longest_reception,23.3902,21
100528,DK Metcalf,PIT,ATL,WR,sim_receiving_receptions,3.7006,3
100528,DK Metcalf,PIT,ATL,WR,sim_receiving_yards,51.778,45
100555,Tony Pollard,TEN,NYJ,RB,player_1st_td,-1,12.7
100555,Tony Pollard,TEN,NYJ,RB,player_anytime_td,-1,33.6
100555,Tony Pollard,TEN,NYJ,RB,player_last_td,-1,11.3
100555,Tony Pollard,TEN,NYJ,RB,sim_receiving_longest_reception,6.0874,5
100555,Tony Pollard,TEN,NYJ,RB,sim_receiving_receptions,1.697,1
100555,Tony Pollard,TEN,NYJ,RB,sim_receiving_yards,8.5412,5
100555,Tony Pollard,TEN,NYJ,RB,sim_rushing+receiving_yards,77.1326,73
100555,Tony Pollard,TEN,NYJ,RB,sim_rushing_attempts,15.782,15
100555,Tony Pollard,TEN,NYJ,RB,sim_rushing_longest_rush,18.0416,15
100555,Tony Pollard,TEN,NYJ,RB,sim_rushing_yards,68.5914,64
100559,Joshua Palmer,BUF,HOU,WR,player_1st_td,-1,0.5
100559,Joshua Palmer,BUF,HOU,WR,player_anytime_td,-1,2.6
100559,Joshua Palmer,BUF,HOU,WR,player_last_td,-1,0.7
100559,Joshua Palmer,BUF,HOU,WR,sim_receiving_longest_reception,8.6744,5
100559,Joshua Palmer,BUF,HOU,WR,sim_receiving_receptions,1.092,1
100559,Joshua Palmer,BUF,HOU,WR,sim_receiving_yards,12.1624,6
100564,David Njoku,LAC,ARI,TE,player_1st_td,-1,3.5
100564,David Njoku,LAC,ARI,TE,player_anytime_td,-1,12.4
100564,David Njoku,LAC,ARI,TE,player_last_td,-1,2.8
100564,David Njoku,LAC,ARI,TE,sim_receiving_receptions,1.8278,2
100570,Daniel Jones,IND,BAL,QB,player_1st_td,-1,2.8
100570,Daniel Jones,IND,BAL,QB,player_anytime_td,-1,10
100570,Daniel Jones,IND,BAL,QB,player_last_td,-1,2.2
100570,Daniel Jones,IND,BAL,QB,sim_passing+rushing_yards,247.73,247
100570,Daniel Jones,IND,BAL,QB,sim_passing_attempts,33.6432,34
100570,Daniel Jones,IND,BAL,QB,sim_passing_completions,21.3182,21
100570,Daniel Jones,IND,BAL,QB,sim_passing_interceptions,0.6994,0
100570,Daniel Jones,IND,BAL,QB,sim_passing_longest_completion,35.9142,34
100570,Daniel Jones,IND,BAL,QB,sim_passing_touchdowns,1.0842,1
100570,Daniel Jones,IND,BAL,QB,sim_passing_yards,226.6494,225
100570,Daniel Jones,IND,BAL,QB,sim_rushing_attempts,4.0848,4
100570,Daniel Jones,IND,BAL,QB,sim_rushing_longest_rush,13.6232,10
100570,Daniel Jones,IND,BAL,QB,sim_rushing_yards,21.0806,15
100589,CeeDee Lamb,DAL,NYG,WR,player_1st_td,-1,5.3
100589,CeeDee Lamb,DAL,NYG,WR,player_anytime_td,-1,25.5
100589,CeeDee Lamb,DAL,NYG,WR,player_last_td,-1,6.8
100589,CeeDee Lamb,DAL,NYG,WR,sim_receiving_longest_reception,22.5136,20
100589,CeeDee Lamb,DAL,NYG,WR,sim_receiving_receptions,4.4006,4
100589,CeeDee Lamb,DAL,NYG,WR,sim_receiving_yards,55.1598,48
100626,Odell Beckham Jr.,NYG,DAL,WR,player_1st_td,-1,0.3
100626,Odell Beckham Jr.,NYG,DAL,WR,player_anytime_td,-1,1.7
100626,Odell Beckham Jr.,NYG,DAL,WR,player_last_td,-1,0.4
100626,Odell Beckham Jr.,NYG,DAL,WR,sim_receiving_receptions,0.2242,0
100626,Odell Beckham Jr.,NYG,DAL,WR,sim_receiving_yards,2.877,0
100662,Kirk Cousins,LV,MIA,QB,player_1st_td,-1,0.4
100662,Kirk Cousins,LV,MIA,QB,player_anytime_td,-1,1.4
100662,Kirk Cousins,LV,MIA,QB,player_last_td,-1,0.3
100662,Kirk Cousins,LV,MIA,QB,sim_passing_attempts,33.2594,33
100662,Kirk Cousins,LV,MIA,QB,sim_passing_completions,21.3698,21
100662,Kirk Cousins,LV,MIA,QB,sim_passing_interceptions,0.7262,0
100662,Kirk Cousins,LV,MIA,QB,sim_passing_longest_completion,37.037,35
100662,Kirk Cousins,LV,MIA,QB,sim_passing_touchdowns,1.1684,1
100662,Kirk Cousins,LV,MIA,QB,sim_passing_yards,222.8282,220
100662,Kirk Cousins,LV,MIA,QB,sim_rushing_yards,3.184,0
100668,Jake Elliott,PHI,WAS,K,sim_extra_points_made,2.0488,2
100668,Jake Elliott,PHI,WAS,K,sim_field_goals_made,1.441,1
100668,Jake Elliott,PHI,WAS,K,sim_kicking_total_points,6.3718,6
100730,Terry McLaurin,WAS,PHI,WR,player_1st_td,-1,5.2
100730,Terry McLaurin,WAS,PHI,WR,player_anytime_td,-1,24.3
100730,Terry McLaurin,WAS,PHI,WR,player_last_td,-1,6.8
100730,Terry McLaurin,WAS,PHI,WR,sim_receiving_longest_reception,22.151,20
100730,Terry McLaurin,WAS,PHI,WR,sim_receiving_receptions,4.3002,4
100730,Terry McLaurin,WAS,PHI,WR,sim_receiving_yards,52.8954,47
100749,Dallas Goedert,PHI,WAS,TE,player_1st_td,-1,8
100749,Dallas Goedert,PHI,WAS,TE,player_anytime_td,-1,27.3
100749,Dallas Goedert,PHI,WAS,TE,player_last_td,-1,6.9
100749,Dallas Goedert,PHI,WAS,TE,sim_receiving_longest_reception,19.5826,17
100749,Dallas Goedert,PHI,WAS,TE,sim_receiving_receptions,4.1746,4
100749,Dallas Goedert,PHI,WAS,TE,sim_receiving_yards,44.4174,39
100765,Keenan Allen,IND,BAL,WR,player_1st_td,-1,4.1
100765,Keenan Allen,IND,BAL,WR,player_anytime_td,-1,14.6
100765,Keenan Allen,IND,BAL,WR,player_last_td,-1,3.4
100765,Keenan Allen,IND,BAL,WR,sim_receiving_longest_reception,17.9296,15
100765,Keenan Allen,IND,BAL,WR,sim_receiving_receptions,3.9992,4
100765,Keenan Allen,IND,BAL,WR,sim_receiving_yards,40.503,34
100800,Rico Dowdle,PIT,ATL,RB,player_1st_td,-1,12.8
100800,Rico Dowdle,PIT,ATL,RB,player_anytime_td,-1,35.5
100800,Rico Dowdle,PIT,ATL,RB,player_last_td,-1,11.4
100800,Rico Dowdle,PIT,ATL,RB,sim_receiving_longest_reception,10.6782,8
100800,Rico Dowdle,PIT,ATL,RB,sim_receiving_receptions,2.8388,2
100800,Rico Dowdle,PIT,ATL,RB,sim_receiving_yards,19.033,12
100800,Rico Dowdle,PIT,ATL,RB,sim_rushing+receiving_yards,64.7702,57
100800,Rico Dowdle,PIT,ATL,RB,sim_rushing_attempts,10.5502,10
100800,Rico Dowdle,PIT,ATL,RB,sim_rushing_longest_rush,14.9246,12
100800,Rico Dowdle,PIT,ATL,RB,sim_rushing_yards,45.7372,41
100839,Ameer Abdullah,JAC,CLE,RB,player_1st_td,-1,0.2
100839,Ameer Abdullah,JAC,CLE,RB,player_anytime_td,-1,0.9
100839,Ameer Abdullah,JAC,CLE,RB,player_last_td,-1,0.3
100842,Jauan Jennings,MIN,GB,WR,player_1st_td,-1,4.2
100842,Jauan Jennings,MIN,GB,WR,player_anytime_td,-1,17.1
100842,Jauan Jennings,MIN,GB,WR,player_last_td,-1,4.3
100842,Jauan Jennings,MIN,GB,WR,sim_receiving_longest_reception,15.4832,14
100842,Jauan Jennings,MIN,GB,WR,sim_receiving_receptions,2.4668,2
100842,Jauan Jennings,MIN,GB,WR,sim_receiving_yards,28.81,21
101015,DeVonta Smith,PHI,WAS,WR,player_1st_td,-1,8.8
101015,DeVonta Smith,PHI,WAS,WR,player_anytime_td,-1,29.1
101015,DeVonta Smith,PHI,WAS,WR,player_last_td,-1,8
101015,DeVonta Smith,PHI,WAS,WR,sim_receiving_longest_reception,23.0056,21
101015,DeVonta Smith,PHI,WAS,WR,sim_receiving_receptions,4.9206,5
101015,DeVonta Smith,PHI,WAS,WR,sim_receiving_yards,58.1178,51
101025,Jalen Hurts,PHI,WAS,QB,player_1st_td,-1,9.9
101025,Jalen Hurts,PHI,WAS,QB,player_anytime_td,-1,30.6
101025,Jalen Hurts,PHI,WAS,QB,player_last_td,-1,8.4
101025,Jalen Hurts,PHI,WAS,QB,sim_passing+rushing_yards,260.9304,259
101025,Jalen Hurts,PHI,WAS,QB,sim_passing_attempts,30.1224,30
101025,Jalen Hurts,PHI,WAS,QB,sim_passing_completions,19.8462,20
101025,Jalen Hurts,PHI,WAS,QB,sim_passing_interceptions,0.5082,0
101025,Jalen Hurts,PHI,WAS,QB,sim_passing_longest_completion,36.3248,34
101025,Jalen Hurts,PHI,WAS,QB,sim_passing_touchdowns,1.2388,1
101025,Jalen Hurts,PHI,WAS,QB,sim_passing_yards,210.7208,208.5
101025,Jalen Hurts,PHI,WAS,QB,sim_rushing_attempts,8.1,8
101025,Jalen Hurts,PHI,WAS,QB,sim_rushing_yards,50.2096,39
101041,Elijah Moore,PHI,WAS,WR,player_1st_td,-1,0.2
101041,Elijah Moore,PHI,WAS,WR,player_anytime_td,-1,0.8
101041,Elijah Moore,PHI,WAS,WR,player_last_td,-1,0.2
101045,Charlie Woerner,ATL,PIT,TE,player_1st_td,-1,1
101045,Charlie Woerner,ATL,PIT,TE,player_anytime_td,-1,3.9
101045,Charlie Woerner,ATL,PIT,TE,player_last_td,-1,1.1
101055,Tyler Conklin,DET,NO,TE,player_1st_td,-1,0
101055,Tyler Conklin,DET,NO,TE,player_anytime_td,-1,0
101055,Tyler Conklin,DET,NO,TE,player_last_td,-1,0
101095,Mo Alie-Cox,IND,BAL,TE,player_1st_td,-1,0.4
101095,Mo Alie-Cox,IND,BAL,TE,player_anytime_td,-1,1.8
101095,Mo Alie-Cox,IND,BAL,TE,player_last_td,-1,0.5
101097,Simi Fehoko,ARI,LAC,WR,player_1st_td,-1,0
101097,Simi Fehoko,ARI,LAC,WR,player_anytime_td,-1,0
101097,Simi Fehoko,ARI,LAC,WR,player_last_td,-1,0
101114,Travis Etienne Jr.,NO,DET,RB,player_1st_td,-1,10.4
101114,Travis Etienne Jr.,NO,DET,RB,player_anytime_td,-1,45.2
101114,Travis Etienne Jr.,NO,DET,RB,player_last_td,-1,12.1
101114,Travis Etienne Jr.,NO,DET,RB,sim_receiving_receptions,2.2088,2
101114,Travis Etienne Jr.,NO,DET,RB,sim_receiving_yards,16.9114,11
101114,Travis Etienne Jr.,NO,DET,RB,sim_rushing+receiving_yards,77.6784,73
101114,Travis Etienne Jr.,NO,DET,RB,sim_rushing_attempts,14.1452,14
101114,Travis Etienne Jr.,NO,DET,RB,sim_rushing_longest_rush,17.0272,14
101114,Travis Etienne Jr.,NO,DET,RB,sim_rushing_yards,60.767,56
101278,Najee Harris,NYG,DAL,RB,player_1st_td,-1,1.3
101278,Najee Harris,NYG,DAL,RB,player_anytime_td,-1,5.8
101278,Najee Harris,NYG,DAL,RB,player_last_td,-1,1.2
101288,John Bates,WAS,PHI,TE,player_1st_td,-1,0.4
101288,John Bates,WAS,PHI,TE,player_anytime_td,-1,2
101288,John Bates,WAS,PHI,TE,player_last_td,-1,0.3
101289,Dyami Brown,WAS,PHI,WR,player_1st_td,-1,0.2
101289,Dyami Brown,WAS,PHI,WR,player_anytime_td,-1,0.6
101289,Dyami Brown,WAS,PHI,WR,player_last_td,-1,0.1
101292,Kenny Gainwell,TB,CIN,RB,player_1st_td,-1,5.1
101292,Kenny Gainwell,TB,CIN,RB,player_anytime_td,-1,24.4
101292,Kenny Gainwell,TB,CIN,RB,player_last_td,-1,6
101292,Kenny Gainwell,TB,CIN,RB,sim_receiving_longest_reception,11.6398,8
101292,Kenny Gainwell,TB,CIN,RB,sim_receiving_receptions,3.5996,3
101292,Kenny Gainwell,TB,CIN,RB,sim_receiving_yards,22.2426,15
101292,Kenny Gainwell,TB,CIN,RB,sim_rushing+receiving_yards,43.0762,36
101292,Kenny Gainwell,TB,CIN,RB,sim_rushing_longest_rush,10.1118,8
101292,Kenny Gainwell,TB,CIN,RB,sim_rushing_yards,20.8336,16
101323,Calvin Ridley,TEN,NYJ,WR,player_1st_td,-1,5
101323,Calvin Ridley,TEN,NYJ,WR,player_anytime_td,-1,15.1
101323,Calvin Ridley,TEN,NYJ,WR,player_last_td,-1,4.3
101323,Calvin Ridley,TEN,NYJ,WR,sim_receiving_longest_reception,15.3838,14
101323,Calvin Ridley,TEN,NYJ,WR,sim_receiving_receptions,1.9272,2
101323,Calvin Ridley,TEN,NYJ,WR,sim_receiving_yards,25.3904,19
101354,Nick Folk,ATL,PIT,K,sim_extra_points_made,1.4352,1
101354,Nick Folk,ATL,PIT,K,sim_field_goals_made,1.7656,2
101354,Nick Folk,ATL,PIT,K,sim_kicking_total_points,6.732,7
101372,Samaje Perine,CIN,TB,RB,player_1st_td,-1,5.7
101372,Samaje Perine,CIN,TB,RB,player_anytime_td,-1,22.2
101372,Samaje Perine,CIN,TB,RB,player_last_td,-1,5.1
101372,Samaje Perine,CIN,TB,RB,sim_receiving_receptions,1.3048,1
101372,Samaje Perine,CIN,TB,RB,sim_receiving_yards,9.4218,3
101372,Samaje Perine,CIN,TB,RB,sim_rushing+receiving_yards,31.2746,25
101372,Samaje Perine,CIN,TB,RB,sim_rushing_yards,21.8528,17
101389,Ashton Dulin,IND,BAL,WR,player_1st_td,-1,0.5
101389,Ashton Dulin,IND,BAL,WR,player_anytime_td,-1,1.9
101389,Ashton Dulin,IND,BAL,WR,player_last_td,-1,0.4
101391,Jonathan Taylor,IND,BAL,RB,player_1st_td,-1,18.6
101391,Jonathan Taylor,IND,BAL,RB,player_anytime_td,-1,52.8
101391,Jonathan Taylor,IND,BAL,RB,player_last_td,-1,15
101391,Jonathan Taylor,IND,BAL,RB,sim_receiving_longest_reception,11.2568,9
101391,Jonathan Taylor,IND,BAL,RB,sim_receiving_receptions,2.4932,2
101391,Jonathan Taylor,IND,BAL,RB,sim_receiving_yards,18.7822,13
101391,Jonathan Taylor,IND,BAL,RB,sim_rushing+receiving_yards,102.9786,99
101391,Jonathan Taylor,IND,BAL,RB,sim_rushing_attempts,19.7242,20
101391,Jonathan Taylor,IND,BAL,RB,sim_rushing_longest_rush,19.5146,16
101391,Jonathan Taylor,IND,BAL,RB,sim_rushing_yards,84.1964,81
101391,Jonathan Taylor,IND,BAL,RB,sim_total_yards,102.9786,99
101397,Michael Pittman Jr.,PIT,ATL,WR,player_1st_td,-1,6.4
101397,Michael Pittman Jr.,PIT,ATL,WR,player_anytime_td,-1,20.7
101397,Michael Pittman Jr.,PIT,ATL,WR,player_last_td,-1,6.2
101397,Michael Pittman Jr.,PIT,ATL,WR,sim_receiving_longest_reception,19.2836,17
101397,Michael Pittman Jr.,PIT,ATL,WR,sim_receiving_receptions,3.6618,3
101397,Michael Pittman Jr.,PIT,ATL,WR,sim_receiving_yards,42.187,35
101430,Pat Freiermuth,PIT,ATL,TE,player_1st_td,-1,5.1
101430,Pat Freiermuth,PIT,ATL,TE,player_anytime_td,-1,16.7
101430,Pat Freiermuth,PIT,ATL,TE,player_last_td,-1,5.1
101430,Pat Freiermuth,PIT,ATL,TE,sim_receiving_longest_reception,16.0398,14
101430,Pat Freiermuth,PIT,ATL,TE,sim_receiving_receptions,3.109,3
101430,Pat Freiermuth,PIT,ATL,TE,sim_receiving_yards,31.9528,25
101440,Evan Engram,DEN,KC,TE,player_1st_td,-1,2.7
101440,Evan Engram,DEN,KC,TE,player_anytime_td,-1,11.3
101440,Evan Engram,DEN,KC,TE,player_last_td,-1,2.9
101440,Evan Engram,DEN,KC,TE,sim_receiving_receptions,2.7084,2
101440,Evan Engram,DEN,KC,TE,sim_receiving_yards,24.7678,18
101447,Ka'imi Fairbairn,HOU,BUF,K,sim_extra_points_made,1.833,2
101447,Ka'imi Fairbairn,HOU,BUF,K,sim_field_goals_made,1.5696,1
101447,Ka'imi Fairbairn,HOU,BUF,K,sim_kicking_total_points,6.5418,6
101448,Deshaun Watson,CLE,JAX,QB,player_1st_td,-1,1.4
101448,Deshaun Watson,CLE,JAX,QB,player_anytime_td,-1,4.3
101448,Deshaun Watson,CLE,JAX,QB,player_last_td,-1,1.3
101448,Deshaun Watson,CLE,JAX,QB,sim_passing+rushing_yards,232.336,231
101448,Deshaun Watson,CLE,JAX,QB,sim_passing_attempts,33.454,33
101448,Deshaun Watson,CLE,JAX,QB,sim_passing_completions,20.8568,21
101448,Deshaun Watson,CLE,JAX,QB,sim_passing_interceptions,0.6422,0
101448,Deshaun Watson,CLE,JAX,QB,sim_passing_longest_completion,34.965,33
101448,Deshaun Watson,CLE,JAX,QB,sim_passing_touchdowns,0.836,1
101448,Deshaun Watson,CLE,JAX,QB,sim_passing_yards,217.0034,215
101448,Deshaun Watson,CLE,JAX,QB,sim_rushing_attempts,3.4184,3
101448,Deshaun Watson,CLE,JAX,QB,sim_rushing_longest_rush,10.162,9
101448,Deshaun Watson,CLE,JAX,QB,sim_rushing_yards,15.3326,12
101450,Kyler Murray,MIN,GB,QB,player_1st_td,-1,5.6
101450,Kyler Murray,MIN,GB,QB,player_anytime_td,-1,19.9
101450,Kyler Murray,MIN,GB,QB,player_last_td,-1,4.7
101450,Kyler Murray,MIN,GB,QB,sim_passing+rushing_yards,267.6184,266
101450,Kyler Murray,MIN,GB,QB,sim_passing_attempts,31.9302,32
101450,Kyler Murray,MIN,GB,QB,sim_passing_completions,20.3736,20
101450,Kyler Murray,MIN,GB,QB,sim_passing_interceptions,0.6374,0
101450,Kyler Murray,MIN,GB,QB,sim_passing_longest_completion,36.9614,35
101450,Kyler Murray,MIN,GB,QB,sim_passing_touchdowns,1.2344,1
101450,Kyler Murray,MIN,GB,QB,sim_passing_yards,222.4062,220
101450,Kyler Murray,MIN,GB,QB,sim_rushing_attempts,8.1156,8
101450,Kyler Murray,MIN,GB,QB,sim_rushing_longest_rush,20.5946,14
101450,Kyler Murray,MIN,GB,QB,sim_rushing_yards,45.2122,37
101544,Olamide Zaccheaus,ATL,PIT,WR,player_1st_td,-1,2.2
101544,Olamide Zaccheaus,ATL,PIT,WR,player_anytime_td,-1,9.9
101544,Olamide Zaccheaus,ATL,PIT,WR,player_last_td,-1,2.8
101561,DJ Moore,BUF,HOU,WR,player_1st_td,-1,5.7
101561,DJ Moore,BUF,HOU,WR,player_anytime_td,-1,23.3
101561,DJ Moore,BUF,HOU,WR,player_last_td,-1,6.7
101561,DJ Moore,BUF,HOU,WR,sim_receiving_longest_reception,21.0766,19
101561,DJ Moore,BUF,HOU,WR,sim_receiving_receptions,3.6364,3
101561,DJ Moore,BUF,HOU,WR,sim_receiving_yards,45.1564,38
101581,Kylen Granson,TEN,NYJ,TE,player_1st_td,-1,0.5
101581,Kylen Granson,TEN,NYJ,TE,player_anytime_td,-1,2
101581,Kylen Granson,TEN,NYJ,TE,player_last_td,-1,0.5
101583,Ian Thomas,LV,MIA,TE,player_1st_td,-1,1.3
101583,Ian Thomas,LV,MIA,TE,player_anytime_td,-1,4.2
101583,Ian Thomas,LV,MIA,TE,player_last_td,-1,1.2
101637,Dawson Knox,BUF,HOU,TE,player_1st_td,-1,1.9
101637,Dawson Knox,BUF,HOU,TE,player_anytime_td,-1,9.5
101637,Dawson Knox,BUF,HOU,TE,player_last_td,-1,2.4
101637,Dawson Knox,BUF,HOU,TE,sim_receiving_longest_reception,11.844,9
101637,Dawson Knox,BUF,HOU,TE,sim_receiving_receptions,1.8944,1
101637,Dawson Knox,BUF,HOU,TE,sim_receiving_yards,19.5506,12
101639,Devin Singletary,NYG,DAL,RB,player_1st_td,-1,0.9
101639,Devin Singletary,NYG,DAL,RB,player_anytime_td,-1,2.8
101639,Devin Singletary,NYG,DAL,RB,player_last_td,-1,0.6
101655,Geno Smith,NYJ,TEN,QB,player_1st_td,-1,1.7
101655,Geno Smith,NYJ,TEN,QB,player_anytime_td,-1,6.7
101655,Geno Smith,NYJ,TEN,QB,player_last_td,-1,2
101655,Geno Smith,NYJ,TEN,QB,sim_passing+rushing_yards,220.233,218
101655,Geno Smith,NYJ,TEN,QB,sim_passing_attempts,31.6786,31
101655,Geno Smith,NYJ,TEN,QB,sim_passing_completions,20.3294,20
101655,Geno Smith,NYJ,TEN,QB,sim_passing_interceptions,0.8086,1
101655,Geno Smith,NYJ,TEN,QB,sim_passing_longest_completion,34.9168,33
101655,Geno Smith,NYJ,TEN,QB,sim_passing_touchdowns,0.904,1
101655,Geno Smith,NYJ,TEN,QB,sim_passing_yards,206.2796,204
101655,Geno Smith,NYJ,TEN,QB,sim_rushing_yards,13.9534,10
101666,Nico Collins,HOU,BUF,WR,player_1st_td,-1,7.4
101666,Nico Collins,HOU,BUF,WR,player_anytime_td,-1,25.6
101666,Nico Collins,HOU,BUF,WR,player_last_td,-1,6.6
101666,Nico Collins,HOU,BUF,WR,sim_receiving_longest_reception,24.4912,22
101666,Nico Collins,HOU,BUF,WR,sim_receiving_receptions,4.978,5
101666,Nico Collins,HOU,BUF,WR,sim_receiving_yards,65.544,58
101681,Feleipe Franks,CAR,CHI,TE,player_1st_td,-1,0
101681,Feleipe Franks,CAR,CHI,TE,player_anytime_td,-1,0
101681,Feleipe Franks,CAR,CHI,TE,player_last_td,-1,0
101686,Joey Slye,TEN,NYJ,K,sim_extra_points_made,1.5494,1
101686,Joey Slye,TEN,NYJ,K,sim_field_goals_made,1.7012,2
101686,Joey Slye,TEN,NYJ,K,sim_kicking_total_points,6.653,6
101688,Chuba Hubbard,CAR,CHI,RB,player_1st_td,-1,11.3
101688,Chuba Hubbard,CAR,CHI,RB,player_anytime_td,-1,36.6
101688,Chuba Hubbard,CAR,CHI,RB,player_last_td,-1,9.7
101688,Chuba Hubbard,CAR,CHI,RB,sim_receiving_longest_reception,9.0968,7
101688,Chuba Hubbard,CAR,CHI,RB,sim_receiving_receptions,2.0634,2
101688,Chuba Hubbard,CAR,CHI,RB,sim_receiving_yards,13.8568,9
101688,Chuba Hubbard,CAR,CHI,RB,sim_rushing+receiving_yards,71.9358,67
101688,Chuba Hubbard,CAR,CHI,RB,sim_rushing_attempts,13.6142,13
101688,Chuba Hubbard,CAR,CHI,RB,sim_rushing_longest_rush,16.3214,13
101688,Chuba Hubbard,CAR,CHI,RB,sim_rushing_yards,58.079,54
101754,Darren Waller,CAR,CHI,TE,player_1st_td,-1,1.7
101754,Darren Waller,CAR,CHI,TE,player_anytime_td,-1,7.4
101754,Darren Waller,CAR,CHI,TE,player_last_td,-1,1.8
101754,Darren Waller,CAR,CHI,TE,sim_receiving_longest_reception,9.5242,7
101754,Darren Waller,CAR,CHI,TE,sim_receiving_receptions,1.5348,1
101754,Darren Waller,CAR,CHI,TE,sim_receiving_yards,14.6424,8
101800,Jonnu Smith,GB,MIN,TE,player_1st_td,-1,1.8
101800,Jonnu Smith,GB,MIN,TE,player_anytime_td,-1,10.9
101800,Jonnu Smith,GB,MIN,TE,player_last_td,-1,2.3
101809,Tyler Bass,BUF,HOU,K,sim_extra_points_made,1.8534,2
101809,Tyler Bass,BUF,HOU,K,sim_field_goals_made,1.494,1
101809,Tyler Bass,BUF,HOU,K,sim_kicking_total_points,6.3354,6
101823,Quintin Morris,JAC,CLE,TE,player_1st_td,-1,0
101823,Quintin Morris,JAC,CLE,TE,player_anytime_td,-1,0
101823,Quintin Morris,JAC,CLE,TE,player_last_td,-1,0
101850,Kendrick Bourne,ARI,LAC,WR,player_1st_td,-1,2.8
101850,Kendrick Bourne,ARI,LAC,WR,player_anytime_td,-1,14.5
101850,Kendrick Bourne,ARI,LAC,WR,player_last_td,-1,4.6
101850,Kendrick Bourne,ARI,LAC,WR,sim_receiving_longest_reception,15.471,14
101850,Kendrick Bourne,ARI,LAC,WR,sim_receiving_receptions,2.384,2
101850,Kendrick Bourne,ARI,LAC,WR,sim_receiving_yards,28.3902,21
101864,Brevin Jordan,HOU,BUF,TE,player_1st_td,-1,0
101864,Brevin Jordan,HOU,BUF,TE,player_anytime_td,-1,0
101864,Brevin Jordan,HOU,BUF,TE,player_last_td,-1,0
101919,Daniel Carlson,NO,DET,K,sim_extra_points_made,1.6916,2
101919,Daniel Carlson,NO,DET,K,sim_field_goals_made,1.5046,1
101919,Daniel Carlson,NO,DET,K,sim_kicking_total_points,6.2054,6
101958,Hunter Long,ARI,LAC,TE,player_1st_td,-1,0
101958,Hunter Long,ARI,LAC,TE,player_anytime_td,-1,0
101958,Hunter Long,ARI,LAC,TE,player_last_td,-1,0
101960,Jaylen Waddle,DEN,KC,WR,player_1st_td,-1,4.8
101960,Jaylen Waddle,DEN,KC,WR,player_anytime_td,-1,21.3
101960,Jaylen Waddle,DEN,KC,WR,player_last_td,-1,6.1
101960,Jaylen Waddle,DEN,KC,WR,sim_receiving_longest_reception,21.5068,20
101960,Jaylen Waddle,DEN,KC,WR,sim_receiving_receptions,4.1506,4
101960,Jaylen Waddle,DEN,KC,WR,sim_receiving_yards,52.0158,45
101967,Alec Ingold,LAC,ARI,RB,player_1st_td,-1,0.2
101967,Alec Ingold,LAC,ARI,RB,player_anytime_td,-1,0.8
101967,Alec Ingold,LAC,ARI,RB,player_last_td,-1,0.1
101981,Travis Kelce,KC,DEN,TE,player_1st_td,-1,6.3
101981,Travis Kelce,KC,DEN,TE,player_anytime_td,-1,21.2
101981,Travis Kelce,KC,DEN,TE,player_last_td,-1,5.3
101981,Travis Kelce,KC,DEN,TE,sim_receiving_longest_reception,19.0964,17
101981,Travis Kelce,KC,DEN,TE,sim_receiving_receptions,4.7612,4
101981,Travis Kelce,KC,DEN,TE,sim_receiving_yards,46.9032,40
101985,Foster Moreau,HOU,BUF,TE,player_1st_td,-1,0.5
101985,Foster Moreau,HOU,BUF,TE,player_anytime_td,-1,1.7
101985,Foster Moreau,HOU,BUF,TE,player_last_td,-1,0.4
102012,Jordan Love,GB,MIN,QB,player_1st_td,-1,0.3
102012,Jordan Love,GB,MIN,QB,player_anytime_td,-1,1.7
102012,Jordan Love,GB,MIN,QB,player_last_td,-1,0.3
102012,Jordan Love,GB,MIN,QB,sim_passing+rushing_yards,241.827,240
102012,Jordan Love,GB,MIN,QB,sim_passing_attempts,30.5558,30
102012,Jordan Love,GB,MIN,QB,sim_passing_completions,19.7614,20
102012,Jordan Love,GB,MIN,QB,sim_passing_interceptions,0.5716,0
102012,Jordan Love,GB,MIN,QB,sim_passing_longest_completion,39.143,37
102012,Jordan Love,GB,MIN,QB,sim_passing_touchdowns,1.2946,1
102012,Jordan Love,GB,MIN,QB,sim_passing_yards,232.9704,230
102012,Jordan Love,GB,MIN,QB,sim_rushing_attempts,2.6702,2
102012,Jordan Love,GB,MIN,QB,sim_rushing_longest_rush,7.1782,6
102012,Jordan Love,GB,MIN,QB,sim_rushing_yards,8.8566,6
102024,Stefon Diggs,WAS,PHI,WR,player_1st_td,-1,4.2
102024,Stefon Diggs,WAS,PHI,WR,player_anytime_td,-1,18.3
102024,Stefon Diggs,WAS,PHI,WR,player_last_td,-1,4.8
102024,Stefon Diggs,WAS,PHI,WR,sim_receiving_longest_reception,20.0554,18
102024,Stefon Diggs,WAS,PHI,WR,sim_receiving_receptions,4.0974,4
102024,Stefon Diggs,WAS,PHI,WR,sim_receiving_yards,45.5726,38
102060,Tommy Tremble,CAR,CHI,TE,player_1st_td,-1,3.9
102060,Tommy Tremble,CAR,CHI,TE,player_anytime_td,-1,14
102060,Tommy Tremble,CAR,CHI,TE,player_last_td,-1,3.4
102060,Tommy Tremble,CAR,CHI,TE,sim_receiving_longest_reception,15.51,13
102060,Tommy Tremble,CAR,CHI,TE,sim_receiving_receptions,2.8356,2
102060,Tommy Tremble,CAR,CHI,TE,sim_receiving_yards,29.4558,23
102091,Jakobi Meyers,JAC,CLE,WR,player_1st_td,-1,6.8
102091,Jakobi Meyers,JAC,CLE,WR,player_anytime_td,-1,20.2
102091,Jakobi Meyers,JAC,CLE,WR,player_last_td,-1,6
102091,Jakobi Meyers,JAC,CLE,WR,sim_receiving_longest_reception,19.7426,18
102091,Jakobi Meyers,JAC,CLE,WR,sim_receiving_receptions,4.0358,4
102091,Jakobi Meyers,JAC,CLE,WR,sim_receiving_yards,46.0106,41
102117,Aaron Rodgers,PIT,ATL,QB,player_1st_td,-1,0.5
102117,Aaron Rodgers,PIT,ATL,QB,player_anytime_td,-1,1.6
102117,Aaron Rodgers,PIT,ATL,QB,player_last_td,-1,0.4
102117,Aaron Rodgers,PIT,ATL,QB,sim_passing+rushing_yards,228.9128,225
102117,Aaron Rodgers,PIT,ATL,QB,sim_passing_attempts,33.1524,33
102117,Aaron Rodgers,PIT,ATL,QB,sim_passing_completions,21.3186,21
102117,Aaron Rodgers,PIT,ATL,QB,sim_passing_interceptions,0.5634,0
102117,Aaron Rodgers,PIT,ATL,QB,sim_passing_longest_completion,37.8644,36
102117,Aaron Rodgers,PIT,ATL,QB,sim_passing_touchdowns,1.1054,1
102117,Aaron Rodgers,PIT,ATL,QB,sim_passing_yards,225.6088,222
102117,Aaron Rodgers,PIT,ATL,QB,sim_rushing_yards,3.304,0
102125,Cairo Santos,CHI,CAR,K,sim_extra_points_made,2.0614,2
102125,Cairo Santos,CHI,CAR,K,sim_field_goals_made,1.495,1
102125,Cairo Santos,CHI,CAR,K,sim_kicking_total_points,6.5464,6
102138,Derrick Henry,BAL,IND,RB,player_1st_td,-1,16
102138,Derrick Henry,BAL,IND,RB,player_anytime_td,-1,58.4
102138,Derrick Henry,BAL,IND,RB,player_last_td,-1,19.3
102138,Derrick Henry,BAL,IND,RB,sim_receiving_longest_reception,8.0714,6
102138,Derrick Henry,BAL,IND,RB,sim_receiving_receptions,1.314,1
102138,Derrick Henry,BAL,IND,RB,sim_receiving_yards,11.1598,6
102138,Derrick Henry,BAL,IND,RB,sim_rushing+receiving_yards,77.5394,73
102138,Derrick Henry,BAL,IND,RB,sim_rushing_attempts,15.4166,15
102138,Derrick Henry,BAL,IND,RB,sim_rushing_longest_rush,17.8944,15
102138,Derrick Henry,BAL,IND,RB,sim_rushing_yards,66.3796,63
102215,Josh Allen,BUF,HOU,QB,player_1st_td,-1,8.3
102215,Josh Allen,BUF,HOU,QB,player_anytime_td,-1,32.6
102215,Josh Allen,BUF,HOU,QB,player_last_td,-1,8.5
102215,Josh Allen,BUF,HOU,QB,sim_passing+rushing_yards,273.7112,273
102215,Josh Allen,BUF,HOU,QB,sim_passing_attempts,29.9516,30
102215,Josh Allen,BUF,HOU,QB,sim_passing_completions,19.6152,19
102215,Josh Allen,BUF,HOU,QB,sim_passing_interceptions,0.606,0
102215,Josh Allen,BUF,HOU,QB,sim_passing_longest_completion,37.8834,36
102215,Josh Allen,BUF,HOU,QB,sim_passing_touchdowns,1.1274,1
102215,Josh Allen,BUF,HOU,QB,sim_passing_yards,220.1208,218
102215,Josh Allen,BUF,HOU,QB,sim_rushing_attempts,8.6764,8
102215,Josh Allen,BUF,HOU,QB,sim_rushing_longest_rush,25.5588,15
102215,Josh Allen,BUF,HOU,QB,sim_rushing_yards,53.5904,43
102254,Robert Tonyan,PIT,ATL,TE,player_1st_td,-1,0.7
102254,Robert Tonyan,PIT,ATL,TE,player_anytime_td,-1,2.8
102254,Robert Tonyan,PIT,ATL,TE,player_last_td,-1,0.8
102265,Michael Burton,CLE,JAX,RB,player_1st_td,-1,0
102265,Michael Burton,CLE,JAX,RB,player_anytime_td,-1,0
102265,Michael Burton,CLE,JAX,RB,player_last_td,-1,0
102293,Jared Goff,DET,NO,QB,player_1st_td,-1,0.3
102293,Jared Goff,DET,NO,QB,player_anytime_td,-1,1.6
102293,Jared Goff,DET,NO,QB,player_last_td,-1,0.4
102293,Jared Goff,DET,NO,QB,sim_passing_attempts,31.9224,32
102293,Jared Goff,DET,NO,QB,sim_passing_completions,21.4642,21
102293,Jared Goff,DET,NO,QB,sim_passing_interceptions,0.5508,0
102293,Jared Goff,DET,NO,QB,sim_passing_longest_completion,39.2886,37
102293,Jared Goff,DET,NO,QB,sim_passing_touchdowns,1.545,1
102293,Jared Goff,DET,NO,QB,sim_passing_yards,247.4454,246
102293,Jared Goff,DET,NO,QB,sim_rushing_yards,3.4322,0
102302,David Montgomery,HOU,BUF,RB,player_1st_td,-1,17.2
102302,David Montgomery,HOU,BUF,RB,player_anytime_td,-1,47.8
102302,David Montgomery,HOU,BUF,RB,player_last_td,-1,13.8
102302,David Montgomery,HOU,BUF,RB,sim_receiving_longest_reception,9.8346,8
102302,David Montgomery,HOU,BUF,RB,sim_receiving_receptions,2.0126,2
102302,David Montgomery,HOU,BUF,RB,sim_receiving_yards,15.4584,10
102302,David Montgomery,HOU,BUF,RB,sim_rushing+receiving_yards,74.3278,70
102302,David Montgomery,HOU,BUF,RB,sim_rushing_attempts,13.7272,14
102302,David Montgomery,HOU,BUF,RB,sim_rushing_longest_rush,16.863,14
102302,David Montgomery,HOU,BUF,RB,sim_rushing_yards,58.8694,55
102302,David Montgomery,HOU,BUF,RB,sim_total_yards,74.3278,70
102307,Kalif Raymond,CHI,CAR,WR,player_1st_td,-1,1.7
102307,Kalif Raymond,CHI,CAR,WR,player_anytime_td,-1,8.9
102307,Kalif Raymond,CHI,CAR,WR,player_last_td,-1,2.1
102307,Kalif Raymond,CHI,CAR,WR,sim_receiving_longest_reception,12.541,9.5
102307,Kalif Raymond,CHI,CAR,WR,sim_receiving_receptions,1.2802,1
102307,Kalif Raymond,CHI,CAR,WR,sim_receiving_yards,18.0624,11
102323,Cole Kmet,CHI,CAR,TE,player_1st_td,-1,2
102323,Cole Kmet,CHI,CAR,TE,player_anytime_td,-1,10.5
102323,Cole Kmet,CHI,CAR,TE,player_last_td,-1,2.2
102323,Cole Kmet,CHI,CAR,TE,sim_receiving_longest_reception,11.6022,9
102323,Cole Kmet,CHI,CAR,TE,sim_receiving_receptions,1.816,1
102323,Cole Kmet,CHI,CAR,TE,sim_receiving_yards,18.6206,12
102326,Darnell Mooney,NYG,DAL,WR,player_1st_td,-1,3.3
102326,Darnell Mooney,NYG,DAL,WR,player_anytime_td,-1,12.7
102326,Darnell Mooney,NYG,DAL,WR,player_last_td,-1,3
102326,Darnell Mooney,NYG,DAL,WR,sim_receiving_longest_reception,14.3024,13
102326,Darnell Mooney,NYG,DAL,WR,sim_receiving_receptions,1.8486,2
102326,Darnell Mooney,NYG,DAL,WR,sim_receiving_yards,23.9592,17
102357,Patrick Mahomes,KC,DEN,QB,player_1st_td,-1,1.8
102357,Patrick Mahomes,KC,DEN,QB,player_anytime_td,-1,7.2
102357,Patrick Mahomes,KC,DEN,QB,player_last_td,-1,1.8
102357,Patrick Mahomes,KC,DEN,QB,sim_passing+rushing_yards,267.117,264
102357,Patrick Mahomes,KC,DEN,QB,sim_passing_attempts,35.059,35
102357,Patrick Mahomes,KC,DEN,QB,sim_passing_completions,22.7432,23
102357,Patrick Mahomes,KC,DEN,QB,sim_passing_interceptions,0.6914,0
102357,Patrick Mahomes,KC,DEN,QB,sim_passing_longest_completion,39.2994,37
102357,Patrick Mahomes,KC,DEN,QB,sim_passing_touchdowns,1.2588,1
102357,Patrick Mahomes,KC,DEN,QB,sim_passing_yards,251.2148,248
102357,Patrick Mahomes,KC,DEN,QB,sim_rushing_attempts,3.8188,4
102357,Patrick Mahomes,KC,DEN,QB,sim_rushing_yards,15.9022,12
102360,Harrison Butker,KC,DEN,K,sim_extra_points_made,2.0262,2
102360,Harrison Butker,KC,DEN,K,sim_field_goals_made,1.5704,1
102360,Harrison Butker,KC,DEN,K,sim_kicking_total_points,6.7374,7
102380,Ben Skowronek,PIT,ATL,WR,player_1st_td,-1,0.5
102380,Ben Skowronek,PIT,ATL,WR,player_anytime_td,-1,1.4
102380,Ben Skowronek,PIT,ATL,WR,player_last_td,-1,0.3
102397,T.J. Hockenson,MIN,GB,TE,player_1st_td,-1,5.1
102397,T.J. Hockenson,MIN,GB,TE,player_anytime_td,-1,18.2
102397,T.J. Hockenson,MIN,GB,TE,player_last_td,-1,4.6
102397,T.J. Hockenson,MIN,GB,TE,sim_receiving_longest_reception,15.7106,13
102397,T.J. Hockenson,MIN,GB,TE,sim_receiving_receptions,3.381,3
102397,T.J. Hockenson,MIN,GB,TE,sim_receiving_yards,32.7496,27
102441,Tom Kennedy,DET,NO,WR,player_1st_td,-1,0
102441,Tom Kennedy,DET,NO,WR,player_anytime_td,-1,0
102441,Tom Kennedy,DET,NO,WR,player_last_td,-1,0
102443,D'Andre Swift,CHI,CAR,RB,player_1st_td,-1,12.1
102443,D'Andre Swift,CHI,CAR,RB,player_anytime_td,-1,46.5
102443,D'Andre Swift,CHI,CAR,RB,player_last_td,-1,13.6
102443,D'Andre Swift,CHI,CAR,RB,sim_receiving_longest_reception,10.759,8
102443,D'Andre Swift,CHI,CAR,RB,sim_receiving_receptions,1.9252,2
102443,D'Andre Swift,CHI,CAR,RB,sim_receiving_yards,16.6026,11
102443,D'Andre Swift,CHI,CAR,RB,sim_rushing+receiving_yards,70.2674,65
102443,D'Andre Swift,CHI,CAR,RB,sim_rushing_attempts,12.6184,12
102443,D'Andre Swift,CHI,CAR,RB,sim_rushing_longest_rush,16.207,13
102443,D'Andre Swift,CHI,CAR,RB,sim_rushing_yards,53.6648,49
102443,D'Andre Swift,CHI,CAR,RB,sim_total_yards,70.2674,65
102465,Jacoby Brissett,ARI,LAC,QB,player_1st_td,-1,1
102465,Jacoby Brissett,ARI,LAC,QB,player_anytime_td,-1,5.2
102465,Jacoby Brissett,ARI,LAC,QB,player_last_td,-1,0.8
102465,Jacoby Brissett,ARI,LAC,QB,sim_passing+rushing_yards,242.794,242
102465,Jacoby Brissett,ARI,LAC,QB,sim_passing_attempts,34.4114,34
102465,Jacoby Brissett,ARI,LAC,QB,sim_passing_completions,21.695,22
102465,Jacoby Brissett,ARI,LAC,QB,sim_passing_interceptions,0.5766,0
102465,Jacoby Brissett,ARI,LAC,QB,sim_passing_longest_completion,35.5952,33
102465,Jacoby Brissett,ARI,LAC,QB,sim_passing_touchdowns,1.0718,1
102465,Jacoby Brissett,ARI,LAC,QB,sim_passing_yards,224.729,223
102465,Jacoby Brissett,ARI,LAC,QB,sim_rushing_yards,18.065,14
102490,Amon-Ra St. Brown,DET,NO,WR,player_1st_td,-1,11.4
102490,Amon-Ra St. Brown,DET,NO,WR,player_anytime_td,-1,38.2
102490,Amon-Ra St. Brown,DET,NO,WR,player_last_td,-1,9.6
102490,Amon-Ra St. Brown,DET,NO,WR,sim_receiving_longest_reception,23.7852,21
102490,Amon-Ra St. Brown,DET,NO,WR,sim_receiving_receptions,5.5108,5
102490,Amon-Ra St. Brown,DET,NO,WR,sim_receiving_yards,66.3382,58
102534,Mike Gesicki,CIN,TB,TE,player_1st_td,-1,2.5
102534,Mike Gesicki,CIN,TB,TE,player_anytime_td,-1,11.1
102534,Mike Gesicki,CIN,TB,TE,player_last_td,-1,2.4
102534,Mike Gesicki,CIN,TB,TE,sim_receiving_longest_reception,11.409,9
102534,Mike Gesicki,CIN,TB,TE,sim_receiving_receptions,1.9688,2
102534,Mike Gesicki,CIN,TB,TE,sim_receiving_yards,19.4392,13
102546,Brock Wright,DET,NO,TE,player_1st_td,-1,0.7
102546,Brock Wright,DET,NO,TE,player_anytime_td,-1,2.7
102546,Brock Wright,DET,NO,TE,player_last_td,-1,0.3
102551,Noah Gray,KC,DEN,TE,player_1st_td,-1,1.8
102551,Noah Gray,KC,DEN,TE,player_anytime_td,-1,8
102551,Noah Gray,KC,DEN,TE,player_last_td,-1,2.1
102551,Noah Gray,KC,DEN,TE,sim_receiving_receptions,1.7454,1
102551,Noah Gray,KC,DEN,TE,sim_receiving_yards,16.9848,10
102554,Durham Smythe,BAL,IND,TE,player_1st_td,-1,2.4
102554,Durham Smythe,BAL,IND,TE,player_anytime_td,-1,9.6
102554,Durham Smythe,BAL,IND,TE,player_last_td,-1,2.2
102591,Tim Patrick,NYJ,TEN,WR,player_1st_td,-1,0
102591,Tim Patrick,NYJ,TEN,WR,player_anytime_td,-1,0
102592,Courtland Sutton,DEN,KC,WR,player_1st_td,-1,3.9
102592,Courtland Sutton,DEN,KC,WR,player_anytime_td,-1,19.1
102592,Courtland Sutton,DEN,KC,WR,player_last_td,-1,5.4
102592,Courtland Sutton,DEN,KC,WR,sim_receiving_longest_reception,19.3108,18
102592,Courtland Sutton,DEN,KC,WR,sim_receiving_receptions,3.6322,3
102592,Courtland Sutton,DEN,KC,WR,sim_receiving_yards,42.92,37
102612,Noah Fant,NO,DET,TE,player_1st_td,-1,1.1
102612,Noah Fant,NO,DET,TE,player_anytime_td,-1,6.7
102612,Noah Fant,NO,DET,TE,player_last_td,-1,1.5
102620,Tylan Wallace,CLE,JAX,WR,player_1st_td,-1,0.5
102620,Tylan Wallace,CLE,JAX,WR,player_anytime_td,-1,1.4
102620,Tylan Wallace,CLE,JAX,WR,player_last_td,-1,0.4
102624,Andrew Beck,NYJ,TEN,RB,player_1st_td,-1,0
102624,Andrew Beck,NYJ,TEN,RB,player_anytime_td,-1,0
102624,Andrew Beck,NYJ,TEN,RB,player_last_td,-1,0
102626,Rashod Bateman,BAL,IND,WR,player_1st_td,-1,3.8
102626,Rashod Bateman,BAL,IND,WR,player_anytime_td,-1,18.8
102626,Rashod Bateman,BAL,IND,WR,player_last_td,-1,4.3
102626,Rashod Bateman,BAL,IND,WR,sim_receiving_longest_reception,16.104,14
102626,Rashod Bateman,BAL,IND,WR,sim_receiving_receptions,2.3064,2
102626,Rashod Bateman,BAL,IND,WR,sim_receiving_yards,28.3154,21
102652,Jerry Jeudy,CLE,JAX,WR,player_1st_td,-1,4.3
102652,Jerry Jeudy,CLE,JAX,WR,player_anytime_td,-1,18.7
102652,Jerry Jeudy,CLE,JAX,WR,player_last_td,-1,6.1
102652,Jerry Jeudy,CLE,JAX,WR,sim_receiving_longest_reception,19.7388,18
102652,Jerry Jeudy,CLE,JAX,WR,sim_receiving_receptions,3.5392,3
102652,Jerry Jeudy,CLE,JAX,WR,sim_receiving_yards,43.5314,37
102694,Johnny Mundt,PHI,WAS,TE,player_1st_td,-1,1.5
102694,Johnny Mundt,PHI,WAS,TE,player_anytime_td,-1,5.4
102694,Johnny Mundt,PHI,WAS,TE,player_last_td,-1,1
102697,Wil Lutz,DEN,KC,K,sim_extra_points_made,1.6364,1
102697,Wil Lutz,DEN,KC,K,sim_field_goals_made,1.5752,1
102697,Wil Lutz,DEN,KC,K,sim_kicking_total_points,6.362,6
102712,Alvin Kamara,NO,DET,RB,player_1st_td,-1,1.4
102712,Alvin Kamara,NO,DET,RB,player_anytime_td,-1,9.4
102712,Alvin Kamara,NO,DET,RB,player_last_td,-1,1.9
102754,Matt Gay,LV,MIA,K,sim_extra_points_made,1.7718,2
102754,Matt Gay,LV,MIA,K,sim_field_goals_made,1.4678,1
102754,Matt Gay,LV,MIA,K,sim_kicking_total_points,6.1752,6
102759,Lil'Jordan Humphrey,DEN,KC,WR,player_1st_td,-1,0
102759,Lil'Jordan Humphrey,DEN,KC,WR,player_anytime_td,-1,0
102759,Lil'Jordan Humphrey,DEN,KC,WR,player_last_td,-1,0
102777,Javonte Williams,DAL,NYG,RB,player_1st_td,-1,18.2
102777,Javonte Williams,DAL,NYG,RB,player_anytime_td,-1,60.2
102777,Javonte Williams,DAL,NYG,RB,player_last_td,-1,19.3
102777,Javonte Williams,DAL,NYG,RB,sim_receiving_receptions,2.279,2
102777,Javonte Williams,DAL,NYG,RB,sim_receiving_yards,14.073,10
102777,Javonte Williams,DAL,NYG,RB,sim_rushing+receiving_yards,86.2252,82
102777,Javonte Williams,DAL,NYG,RB,sim_rushing_attempts,17.0242,17
102777,Javonte Williams,DAL,NYG,RB,sim_rushing_longest_rush,18.1672,15
102777,Javonte Williams,DAL,NYG,RB,sim_rushing_yards,72.1522,69
102801,Juwan Johnson,NO,DET,TE,player_1st_td,-1,3.2
102801,Juwan Johnson,NO,DET,TE,player_anytime_td,-1,19.5
102801,Juwan Johnson,NO,DET,TE,player_last_td,-1,5.4
102801,Juwan Johnson,NO,DET,TE,sim_receiving_longest_reception,19.6914,18
102801,Juwan Johnson,NO,DET,TE,sim_receiving_receptions,4.4142,4
102801,Juwan Johnson,NO,DET,TE,sim_receiving_yards,46.8618,40
102805,Adam Trautman,DEN,KC,TE,player_1st_td,-1,0
102805,Adam Trautman,DEN,KC,TE,player_anytime_td,-1,0
102805,Adam Trautman,DEN,KC,TE,player_last_td,-1,0
102805,Adam Trautman,DEN,KC,TE,sim_receiving_receptions,0.9202,1
102805,Adam Trautman,DEN,KC,TE,sim_receiving_yards,9.041,2
102865,Patrick Ricard,NYG,DAL,RB,player_1st_td,-1,0.3
102865,Patrick Ricard,NYG,DAL,RB,player_anytime_td,-1,1
102865,Patrick Ricard,NYG,DAL,RB,player_last_td,-1,0.2
102866,Lamar Jackson,BAL,IND,QB,player_1st_td,-1,2.2
102866,Lamar Jackson,BAL,IND,QB,player_anytime_td,-1,11.3
102866,Lamar Jackson,BAL,IND,QB,player_last_td,-1,2.7
102866,Lamar Jackson,BAL,IND,QB,sim_passing+rushing_yards,246.0324,244
102866,Lamar Jackson,BAL,IND,QB,sim_passing_attempts,29.9298,30
102866,Lamar Jackson,BAL,IND,QB,sim_passing_completions,19.4556,19
102866,Lamar Jackson,BAL,IND,QB,sim_passing_interceptions,0.5176,0
102866,Lamar Jackson,BAL,IND,QB,sim_passing_longest_completion,37.4312,35
102866,Lamar Jackson,BAL,IND,QB,sim_passing_touchdowns,1.2176,1
102866,Lamar Jackson,BAL,IND,QB,sim_passing_yards,217.162,216
102866,Lamar Jackson,BAL,IND,QB,sim_rushing_attempts,5.8138,6
102866,Lamar Jackson,BAL,IND,QB,sim_rushing_longest_rush,15.7536,12
102866,Lamar Jackson,BAL,IND,QB,sim_rushing_yards,28.8704,23
102867,Mark Andrews,BAL,IND,TE,player_1st_td,-1,5.7
102867,Mark Andrews,BAL,IND,TE,player_anytime_td,-1,24.8
102867,Mark Andrews,BAL,IND,TE,player_last_td,-1,6.1
102867,Mark Andrews,BAL,IND,TE,sim_receiving_longest_reception,17.3794,15
102867,Mark Andrews,BAL,IND,TE,sim_receiving_receptions,3.8304,4
102867,Mark Andrews,BAL,IND,TE,sim_receiving_yards,37.9452,33
102881,Justice Hill,BAL,IND,RB,player_1st_td,-1,4.3
102881,Justice Hill,BAL,IND,RB,player_anytime_td,-1,19.4
102881,Justice Hill,BAL,IND,RB,player_last_td,-1,4.7
102881,Justice Hill,BAL,IND,RB,sim_receiving_longest_reception,10.8654,8
102881,Justice Hill,BAL,IND,RB,sim_receiving_receptions,2.327,2
102881,Justice Hill,BAL,IND,RB,sim_receiving_yards,18.1268,10
102881,Justice Hill,BAL,IND,RB,sim_rushing+receiving_yards,37.9804,29
102881,Justice Hill,BAL,IND,RB,sim_rushing_longest_rush,9.8382,8
102881,Justice Hill,BAL,IND,RB,sim_rushing_yards,19.8536,15
102884,Josh Oliver,MIN,GB,TE,player_1st_td,-1,1.9
102884,Josh Oliver,MIN,GB,TE,player_anytime_td,-1,8.1
102884,Josh Oliver,MIN,GB,TE,player_last_td,-1,2
102887,Hollywood Brown,PHI,WAS,WR,player_1st_td,-1,3.1
102887,Hollywood Brown,PHI,WAS,WR,player_anytime_td,-1,9.6
102887,Hollywood Brown,PHI,WAS,WR,sim_receiving_receptions,1.3404,1
102887,Hollywood Brown,PHI,WAS,WR,sim_receiving_yards,15.588,8
102894,J.K. Dobbins,DEN,KC,RB,player_1st_td,-1,7.5
102894,J.K. Dobbins,DEN,KC,RB,player_anytime_td,-1,29.3
102894,J.K. Dobbins,DEN,KC,RB,player_last_td,-1,8.3
102894,J.K. Dobbins,DEN,KC,RB,sim_receiving_yards,5.3418,1
102894,J.K. Dobbins,DEN,KC,RB,sim_rushing+receiving_yards,51.3116,47
102894,J.K. Dobbins,DEN,KC,RB,sim_rushing_attempts,10.7904,10
102894,J.K. Dobbins,DEN,KC,RB,sim_rushing_longest_rush,15.1286,12
102894,J.K. Dobbins,DEN,KC,RB,sim_rushing_yards,45.9698,42
102897,Devin Duvernay,ARI,LAC,WR,player_1st_td,-1,0
102897,Devin Duvernay,ARI,LAC,WR,player_anytime_td,-1,0
102897,Devin Duvernay,ARI,LAC,WR,player_last_td,-1,0
103643,Laquon Treadwell,IND,BAL,WR,player_1st_td,-1,0.4
103643,Laquon Treadwell,IND,BAL,WR,player_anytime_td,-1,1.4
103643,Laquon Treadwell,IND,BAL,WR,player_last_td,-1,0.3
104689,Breece Hall,NYJ,TEN,RB,player_1st_td,-1,12.2
104689,Breece Hall,NYJ,TEN,RB,player_anytime_td,-1,36.2
104689,Breece Hall,NYJ,TEN,RB,player_last_td,-1,13.2
104689,Breece Hall,NYJ,TEN,RB,sim_receiving_longest_reception,11.4936,9
104689,Breece Hall,NYJ,TEN,RB,sim_receiving_receptions,2.6708,2
104689,Breece Hall,NYJ,TEN,RB,sim_receiving_yards,19.6206,14
104689,Breece Hall,NYJ,TEN,RB,sim_rushing+receiving_yards,85.7558,81
104689,Breece Hall,NYJ,TEN,RB,sim_rushing_attempts,15.3752,15
104689,Breece Hall,NYJ,TEN,RB,sim_rushing_longest_rush,17.8812,15
104689,Breece Hall,NYJ,TEN,RB,sim_rushing_yards,66.1352,62
104689,Breece Hall,NYJ,TEN,RB,sim_total_yards,85.7558,81
104690,Treylon Burks,WAS,PHI,WR,player_1st_td,-1,2.3
104690,Treylon Burks,WAS,PHI,WR,player_anytime_td,-1,12.1
104690,Treylon Burks,WAS,PHI,WR,player_last_td,-1,3.5
104691,Garrett Wilson,NYJ,TEN,WR,player_1st_td,-1,8
104691,Garrett Wilson,NYJ,TEN,WR,player_anytime_td,-1,28.6
104691,Garrett Wilson,NYJ,TEN,WR,player_last_td,-1,9.6
104691,Garrett Wilson,NYJ,TEN,WR,sim_receiving_longest_reception,23.814,22
104691,Garrett Wilson,NYJ,TEN,WR,sim_receiving_receptions,5.7938,5
104691,Garrett Wilson,NYJ,TEN,WR,sim_receiving_yards,66.1632,60
104692,Drake London,ATL,PIT,WR,player_1st_td,-1,6
104692,Drake London,ATL,PIT,WR,player_anytime_td,-1,23.5
104692,Drake London,ATL,PIT,WR,player_last_td,-1,7.1
104692,Drake London,ATL,PIT,WR,sim_receiving_longest_reception,22.155,20
104692,Drake London,ATL,PIT,WR,sim_receiving_receptions,5.2336,5
104692,Drake London,ATL,PIT,WR,sim_receiving_yards,60.9046,54
104695,Chris Olave,NO,DET,WR,player_1st_td,-1,5.8
104695,Chris Olave,NO,DET,WR,player_anytime_td,-1,30.6
104695,Chris Olave,NO,DET,WR,player_last_td,-1,8.7
104695,Chris Olave,NO,DET,WR,sim_receiving_longest_reception,23.7936,22
104695,Chris Olave,NO,DET,WR,sim_receiving_receptions,5.5468,5
104695,Chris Olave,NO,DET,WR,sim_receiving_yards,64.4,57
104696,Jameson Williams,DET,NO,WR,player_1st_td,-1,8.2
104696,Jameson Williams,DET,NO,WR,player_anytime_td,-1,30.2
104696,Jameson Williams,DET,NO,WR,player_last_td,-1,6.5
104696,Jameson Williams,DET,NO,WR,sim_receiving_longest_reception,25.342,23
104696,Jameson Williams,DET,NO,WR,sim_receiving_receptions,3.878,4
104696,Jameson Williams,DET,NO,WR,sim_receiving_yards,59.058,51
104699,George Pickens,DAL,NYG,WR,player_1st_td,-1,6.1
104699,George Pickens,DAL,NYG,WR,player_anytime_td,-1,27.9
104699,George Pickens,DAL,NYG,WR,player_last_td,-1,7.3
104699,George Pickens,DAL,NYG,WR,sim_receiving_longest_reception,23.2214,21
104699,George Pickens,DAL,NYG,WR,sim_receiving_receptions,4.227,4
104699,George Pickens,DAL,NYG,WR,sim_receiving_yards,55.3522,49
104700,Jahan Dotson,ATL,PIT,WR,player_1st_td,-1,2.5
104700,Jahan Dotson,ATL,PIT,WR,player_anytime_td,-1,11.7
104700,Jahan Dotson,ATL,PIT,WR,player_last_td,-1,3.6
104700,Jahan Dotson,ATL,PIT,WR,sim_receiving_longest_reception,10.6158,7
104700,Jahan Dotson,ATL,PIT,WR,sim_receiving_receptions,1.287,1
104700,Jahan Dotson,ATL,PIT,WR,sim_receiving_yards,15.5372,8
104701,Rachaad White,WAS,PHI,RB,player_1st_td,-1,4.3
104701,Rachaad White,WAS,PHI,RB,player_anytime_td,-1,20.5
104701,Rachaad White,WAS,PHI,RB,player_last_td,-1,5.5
104701,Rachaad White,WAS,PHI,RB,sim_receiving_longest_reception,10.209,7
104701,Rachaad White,WAS,PHI,RB,sim_receiving_receptions,2.3654,2
104701,Rachaad White,WAS,PHI,RB,sim_receiving_yards,16.724,9
104701,Rachaad White,WAS,PHI,RB,sim_rushing+receiving_yards,42.742,35
104701,Rachaad White,WAS,PHI,RB,sim_rushing_attempts,6.056,6
104701,Rachaad White,WAS,PHI,RB,sim_rushing_longest_rush,11.55,9
104701,Rachaad White,WAS,PHI,RB,sim_rushing_yards,26.018,21
104702,Trey McBride,ARI,LAC,TE,player_1st_td,-1,5.7
104702,Trey McBride,ARI,LAC,TE,player_anytime_td,-1,29
104702,Trey McBride,ARI,LAC,TE,player_last_td,-1,7.9
104702,Trey McBride,ARI,LAC,TE,sim_receiving_longest_reception,21.403,19
104702,Trey McBride,ARI,LAC,TE,sim_receiving_receptions,5.9308,5
104702,Trey McBride,ARI,LAC,TE,sim_receiving_yards,59.3644,51
104703,Malik Willis,MIA,LV,QB,player_1st_td,-1,4.4
104703,Malik Willis,MIA,LV,QB,player_anytime_td,-1,16.1
104703,Malik Willis,MIA,LV,QB,player_last_td,-1,4.1
104703,Malik Willis,MIA,LV,QB,sim_passing+rushing_yards,247.6632,246
104703,Malik Willis,MIA,LV,QB,sim_passing_attempts,30.924,31
104703,Malik Willis,MIA,LV,QB,sim_passing_completions,20.4426,20
104703,Malik Willis,MIA,LV,QB,sim_passing_interceptions,0.5556,0
104703,Malik Willis,MIA,LV,QB,sim_passing_longest_completion,35.6832,33
104703,Malik Willis,MIA,LV,QB,sim_passing_touchdowns,0.9974,1
104703,Malik Willis,MIA,LV,QB,sim_passing_yards,204.7452,202
104703,Malik Willis,MIA,LV,QB,sim_rushing_attempts,8.1576,8
104703,Malik Willis,MIA,LV,QB,sim_rushing_longest_rush,19.1364,14
104703,Malik Willis,MIA,LV,QB,sim_rushing_yards,42.918,36
104705,John Metchie III,CAR,CHI,WR,player_1st_td,-1,1.8
104705,John Metchie III,CAR,CHI,WR,player_anytime_td,-1,8.3
104705,John Metchie III,CAR,CHI,WR,player_last_td,-1,1.8
104706,Wan'Dale Robinson,TEN,NYJ,WR,player_1st_td,-1,6.2
104706,Wan'Dale Robinson,TEN,NYJ,WR,player_anytime_td,-1,18.7
104706,Wan'Dale Robinson,TEN,NYJ,WR,player_last_td,-1,5.1
104706,Wan'Dale Robinson,TEN,NYJ,WR,sim_receiving_longest_reception,18.5534,16
104706,Wan'Dale Robinson,TEN,NYJ,WR,sim_receiving_receptions,4.2634,4
104706,Wan'Dale Robinson,TEN,NYJ,WR,sim_receiving_yards,42.57,36
104707,Tyler Allgeier,ARI,LAC,RB,player_1st_td,-1,5.2
104707,Tyler Allgeier,ARI,LAC,RB,player_anytime_td,-1,22.5
104707,Tyler Allgeier,ARI,LAC,RB,player_last_td,-1,5.9
104707,Tyler Allgeier,ARI,LAC,RB,sim_rushing_attempts,8.8504,8
104707,Tyler Allgeier,ARI,LAC,RB,sim_rushing_longest_rush,14.1334,12
104707,Tyler Allgeier,ARI,LAC,RB,sim_rushing_yards,38.4674,34
104708,Skyy Moore,GB,MIN,WR,player_1st_td,-1,0.5
104708,Skyy Moore,GB,MIN,WR,player_anytime_td,-1,2.5
104708,Skyy Moore,GB,MIN,WR,player_last_td,-1,0.6
104710,Christian Watson,GB,MIN,WR,player_1st_td,-1,4.5
104710,Christian Watson,GB,MIN,WR,player_anytime_td,-1,21.1
104710,Christian Watson,GB,MIN,WR,player_last_td,-1,5.4
104710,Christian Watson,GB,MIN,WR,sim_receiving_longest_reception,21.0042,20
104710,Christian Watson,GB,MIN,WR,sim_receiving_receptions,3.2832,3
104710,Christian Watson,GB,MIN,WR,sim_receiving_yards,44.5572,38
104714,Jalen Tolbert,MIA,LV,WR,player_1st_td,-1,1.3
104714,Jalen Tolbert,MIA,LV,WR,player_anytime_td,-1,5.6
104714,Jalen Tolbert,MIA,LV,WR,player_last_td,-1,1.3
104714,Jalen Tolbert,MIA,LV,WR,sim_receiving_receptions,1.114,1
104714,Jalen Tolbert,MIA,LV,WR,sim_receiving_yards,12.5448,6
104719,Khalil Shakir,BUF,HOU,WR,player_1st_td,-1,3.8
104719,Khalil Shakir,BUF,HOU,WR,player_anytime_td,-1,16.7
104719,Khalil Shakir,BUF,HOU,WR,player_last_td,-1,4.7
104719,Khalil Shakir,BUF,HOU,WR,sim_receiving_longest_reception,20.6766,19
104719,Khalil Shakir,BUF,HOU,WR,sim_receiving_receptions,3.2716,3
104719,Khalil Shakir,BUF,HOU,WR,sim_receiving_yards,41.692,34
104720,Tyler Badie,DEN,KC,RB,player_1st_td,-1,0.2
104720,Tyler Badie,DEN,KC,RB,player_anytime_td,-1,0.8
104720,Tyler Badie,DEN,KC,RB,player_last_td,-1,0.2
104727,Alec Pierce,IND,BAL,WR,player_1st_td,-1,7.1
104727,Alec Pierce,IND,BAL,WR,player_anytime_td,-1,27.3
104727,Alec Pierce,IND,BAL,WR,player_last_td,-1,6.9
104727,Alec Pierce,IND,BAL,WR,sim_receiving_longest_reception,21.6756,20
104727,Alec Pierce,IND,BAL,WR,sim_receiving_receptions,3.2144,3
104727,Alec Pierce,IND,BAL,WR,sim_receiving_yards,46.8648,39
104729,Bam Knight,ARI,LAC,RB,player_1st_td,-1,0.1
104729,Bam Knight,ARI,LAC,RB,player_anytime_td,-1,0.8
104729,Bam Knight,ARI,LAC,RB,player_last_td,-1,0.1
104734,Jeremy Ruckert,NYJ,TEN,TE,player_1st_td,-1,0.1
104734,Jeremy Ruckert,NYJ,TEN,TE,player_anytime_td,-1,0.4
104734,Jeremy Ruckert,NYJ,TEN,TE,player_last_td,-1,0.1
104737,Jalen Nailor,LV,MIA,WR,player_1st_td,-1,6.8
104737,Jalen Nailor,LV,MIA,WR,player_anytime_td,-1,22
104737,Jalen Nailor,LV,MIA,WR,player_last_td,-1,6.1
104737,Jalen Nailor,LV,MIA,WR,sim_receiving_longest_reception,19.3422,18
104737,Jalen Nailor,LV,MIA,WR,sim_receiving_receptions,3.074,3
104737,Jalen Nailor,LV,MIA,WR,sim_receiving_yards,39.7212,33
104738,Greg Dulcich,MIA,LV,TE,player_1st_td,-1,4.1
104738,Greg Dulcich,MIA,LV,TE,player_anytime_td,-1,17.4
104738,Greg Dulcich,MIA,LV,TE,player_last_td,-1,5.4
104738,Greg Dulcich,MIA,LV,TE,sim_receiving_longest_reception,17.0856,15
104738,Greg Dulcich,MIA,LV,TE,sim_receiving_receptions,2.908,3
104738,Greg Dulcich,MIA,LV,TE,sim_receiving_yards,33.0706,25
104754,Cade Otton,TB,CIN,TE,player_1st_td,-1,2.9
104754,Cade Otton,TB,CIN,TE,player_anytime_td,-1,15.9
104754,Cade Otton,TB,CIN,TE,player_last_td,-1,3.7
104754,Cade Otton,TB,CIN,TE,sim_receiving_longest_reception,14.9884,12
104754,Cade Otton,TB,CIN,TE,sim_receiving_receptions,2.8528,2
104754,Cade Otton,TB,CIN,TE,sim_receiving_yards,28.5358,21
104757,Charlie Kolar,LAC,ARI,TE,player_1st_td,-1,3.6
104757,Charlie Kolar,LAC,ARI,TE,player_anytime_td,-1,13.3
104757,Charlie Kolar,LAC,ARI,TE,player_last_td,-1,2.9
104757,Charlie Kolar,LAC,ARI,TE,sim_receiving_longest_reception,12.07,9
104757,Charlie Kolar,LAC,ARI,TE,sim_receiving_receptions,1.8326,1
104757,Charlie Kolar,LAC,ARI,TE,sim_receiving_yards,19.5094,12
104762,Isaiah Likely,NYG,DAL,TE,player_1st_td,-1,5.3
104762,Isaiah Likely,NYG,DAL,TE,player_anytime_td,-1,20.5
104762,Isaiah Likely,NYG,DAL,TE,player_last_td,-1,5.8
104762,Isaiah Likely,NYG,DAL,TE,sim_receiving_longest_reception,18.3122,16
104762,Isaiah Likely,NYG,DAL,TE,sim_receiving_receptions,3.3634,3
104762,Isaiah Likely,NYG,DAL,TE,sim_receiving_yards,38.154,31
104764,Jake Ferguson,DAL,NYG,TE,player_1st_td,-1,3.6
104764,Jake Ferguson,DAL,NYG,TE,player_anytime_td,-1,18.1
104764,Jake Ferguson,DAL,NYG,TE,player_last_td,-1,4.3
104764,Jake Ferguson,DAL,NYG,TE,sim_receiving_receptions,3.4252,3
104764,Jake Ferguson,DAL,NYG,TE,sim_receiving_yards,31.2904,24
104767,Bo Melton,GB,MIN,WR,player_1st_td,-1,1.1
104767,Bo Melton,GB,MIN,WR,player_anytime_td,-1,5
104773,Jelani Woods,NYJ,TEN,TE,player_1st_td,-1,0
104773,Jelani Woods,NYJ,TEN,TE,player_anytime_td,-1,0
104773,Jelani Woods,NYJ,TEN,TE,player_last_td,-1,0
104780,Daniel Bellinger,TEN,NYJ,TE,player_1st_td,-1,3.1
104780,Daniel Bellinger,TEN,NYJ,TE,player_anytime_td,-1,9.5
104780,Daniel Bellinger,TEN,NYJ,TE,player_last_td,-1,2.9
104791,Connor Heyward,LV,MIA,RB,player_1st_td,-1,0.2
104791,Connor Heyward,LV,MIA,RB,player_anytime_td,-1,1.4
104791,Connor Heyward,LV,MIA,RB,player_last_td,-1,0.5
105084,Jordan Mason,MIN,GB,RB,player_1st_td,-1,12.8
105084,Jordan Mason,MIN,GB,RB,player_anytime_td,-1,39.6
105084,Jordan Mason,MIN,GB,RB,player_last_td,-1,10
105084,Jordan Mason,MIN,GB,RB,sim_rushing_attempts,10.0776,10
105084,Jordan Mason,MIN,GB,RB,sim_rushing_longest_rush,14.852,12
105084,Jordan Mason,MIN,GB,RB,sim_rushing_yards,43.6054,39
105175,Tyquan Thornton,KC,DEN,WR,player_1st_td,-1,3.4
105175,Tyquan Thornton,KC,DEN,WR,player_anytime_td,-1,12.9
105175,Tyquan Thornton,KC,DEN,WR,player_last_td,-1,3.3
105175,Tyquan Thornton,KC,DEN,WR,sim_receiving_receptions,2.0288,2
105175,Tyquan Thornton,KC,DEN,WR,sim_receiving_yards,26.1052,19
105181,Jaylen Warren,PIT,ATL,RB,player_1st_td,-1,16.8
105181,Jaylen Warren,PIT,ATL,RB,player_anytime_td,-1,43.1
105181,Jaylen Warren,PIT,ATL,RB,player_last_td,-1,14.9
105181,Jaylen Warren,PIT,ATL,RB,sim_receiving_longest_reception,12.7334,10
105181,Jaylen Warren,PIT,ATL,RB,sim_receiving_receptions,2.998,3
105181,Jaylen Warren,PIT,ATL,RB,sim_receiving_yards,22.8344,17
105181,Jaylen Warren,PIT,ATL,RB,sim_rushing+receiving_yards,76.7834,72
105181,Jaylen Warren,PIT,ATL,RB,sim_rushing_attempts,12.539,12
105181,Jaylen Warren,PIT,ATL,RB,sim_rushing_longest_rush,16.2504,13
105181,Jaylen Warren,PIT,ATL,RB,sim_rushing_yards,53.949,49
105185,Chig Okonkwo,WAS,PHI,TE,player_1st_td,-1,2.6
105185,Chig Okonkwo,WAS,PHI,TE,player_anytime_td,-1,12.6
105185,Chig Okonkwo,WAS,PHI,TE,player_last_td,-1,3
105185,Chig Okonkwo,WAS,PHI,TE,sim_receiving_longest_reception,15.879,14
105185,Chig Okonkwo,WAS,PHI,TE,sim_receiving_receptions,3.1294,3
105185,Chig Okonkwo,WAS,PHI,TE,sim_receiving_yards,31.1462,24
105254,Cameron Dicker,LAC,ARI,K,sim_extra_points_made,2.3542,2
105254,Cameron Dicker,LAC,ARI,K,sim_field_goals_made,1.3648,1
105254,Cameron Dicker,LAC,ARI,K,sim_kicking_total_points,6.4486,6
105261,Julius Chestnut,TEN,NYJ,RB,player_1st_td,-1,0
105261,Julius Chestnut,TEN,NYJ,RB,player_anytime_td,-1,0
105261,Julius Chestnut,TEN,NYJ,RB,player_last_td,-1,0
105279,Drew Ogletree,IND,BAL,TE,player_1st_td,-1,0
105279,Drew Ogletree,IND,BAL,TE,player_anytime_td,-1,0
105279,Drew Ogletree,IND,BAL,TE,player_last_td,-1,0
105289,Ko Kieft,TB,CIN,TE,player_1st_td,-1,0
105289,Ko Kieft,TB,CIN,TE,player_anytime_td,-1,0
105289,Ko Kieft,TB,CIN,TE,player_last_td,-1,0
105294,Dareke Young,LV,MIA,WR,player_1st_td,-1,0.2
105294,Dareke Young,LV,MIA,WR,player_anytime_td,-1,0.7
105294,Dareke Young,LV,MIA,WR,player_last_td,-1,0.2
105324,Tay Martin,DET,NO,WR,player_1st_td,-1,0.6
105324,Tay Martin,DET,NO,WR,player_anytime_td,-1,1.9
105324,Tay Martin,DET,NO,WR,player_last_td,-1,0.3
105683,KaVontae Turpin,DAL,NYG,WR,player_1st_td,-1,2.3
105683,KaVontae Turpin,DAL,NYG,WR,player_anytime_td,-1,12.4
105683,KaVontae Turpin,DAL,NYG,WR,player_last_td,-1,2.8
105683,KaVontae Turpin,DAL,NYG,WR,sim_receiving_receptions,1.2618,1
105683,KaVontae Turpin,DAL,NYG,WR,sim_receiving_yards,19.2332,12
105683,KaVontae Turpin,DAL,NYG,WR,sim_rushing_yards,6.9748,2
106146,Zay Flowers,BAL,IND,WR,player_1st_td,-1,6.4
106146,Zay Flowers,BAL,IND,WR,player_anytime_td,-1,28.9
106146,Zay Flowers,BAL,IND,WR,player_last_td,-1,7.7
106146,Zay Flowers,BAL,IND,WR,sim_receiving_longest_reception,26.2206,25
106146,Zay Flowers,BAL,IND,WR,sim_receiving_receptions,4.9142,5
106146,Zay Flowers,BAL,IND,WR,sim_receiving_yards,68.6082,61
106147,Bryce Young,CAR,CHI,QB,player_1st_td,-1,1
106147,Bryce Young,CAR,CHI,QB,player_anytime_td,-1,4.2
106147,Bryce Young,CAR,CHI,QB,player_last_td,-1,0.9
106147,Bryce Young,CAR,CHI,QB,sim_passing+rushing_yards,233.2884,230
106147,Bryce Young,CAR,CHI,QB,sim_passing_attempts,33.5776,33
106147,Bryce Young,CAR,CHI,QB,sim_passing_completions,21.2184,21
106147,Bryce Young,CAR,CHI,QB,sim_passing_interceptions,0.6934,0
106147,Bryce Young,CAR,CHI,QB,sim_passing_longest_completion,36.927,34
106147,Bryce Young,CAR,CHI,QB,sim_passing_touchdowns,1.2528,1
106147,Bryce Young,CAR,CHI,QB,sim_passing_yards,226.5992,224
106147,Bryce Young,CAR,CHI,QB,sim_rushing_attempts,1.8934,1
106147,Bryce Young,CAR,CHI,QB,sim_rushing_longest_rush,6.198,1
106147,Bryce Young,CAR,CHI,QB,sim_rushing_yards,6.6892,0
106149,Jordan Addison,MIN,GB,WR,player_1st_td,-1,6.4
106149,Jordan Addison,MIN,GB,WR,player_anytime_td,-1,23.4
106149,Jordan Addison,MIN,GB,WR,player_last_td,-1,5.2
106149,Jordan Addison,MIN,GB,WR,sim_receiving_longest_reception,20.1324,19
106149,Jordan Addison,MIN,GB,WR,sim_receiving_receptions,3.132,3
106149,Jordan Addison,MIN,GB,WR,sim_receiving_yards,40.54,34
106150,Bijan Robinson,ATL,PIT,RB,player_1st_td,-1,13.1
106150,Bijan Robinson,ATL,PIT,RB,player_anytime_td,-1,41.8
106150,Bijan Robinson,ATL,PIT,RB,player_last_td,-1,14.2
106150,Bijan Robinson,ATL,PIT,RB,sim_receiving_longest_reception,16.1276,14
106150,Bijan Robinson,ATL,PIT,RB,sim_receiving_receptions,4.3378,4
106150,Bijan Robinson,ATL,PIT,RB,sim_receiving_yards,35.1038,29
106150,Bijan Robinson,ATL,PIT,RB,sim_rushing+receiving_yards,106.251,102
106150,Bijan Robinson,ATL,PIT,RB,sim_rushing_attempts,16.6396,16
106150,Bijan Robinson,ATL,PIT,RB,sim_rushing_longest_rush,18.3286,15
106150,Bijan Robinson,ATL,PIT,RB,sim_rushing_yards,71.1472,67
106150,Bijan Robinson,ATL,PIT,RB,sim_total_yards,106.251,102
106151,Jahmyr Gibbs,DET,NO,RB,player_1st_td,-1,32.4
106151,Jahmyr Gibbs,DET,NO,RB,player_anytime_td,-1,77.1
106151,Jahmyr Gibbs,DET,NO,RB,player_last_td,-1,27
106151,Jahmyr Gibbs,DET,NO,RB,sim_receiving_receptions,4.0166,4
106151,Jahmyr Gibbs,DET,NO,RB,sim_receiving_yards,32.8954,27
106151,Jahmyr Gibbs,DET,NO,RB,sim_rushing+receiving_yards,122.803,118
106151,Jahmyr Gibbs,DET,NO,RB,sim_rushing_attempts,21.0516,21
106151,Jahmyr Gibbs,DET,NO,RB,sim_rushing_longest_rush,20.164,17
106151,Jahmyr Gibbs,DET,NO,RB,sim_rushing_yards,89.9076,86
106152,C.J. Stroud,HOU,BUF,QB,player_1st_td,-1,0.6
106152,C.J. Stroud,HOU,BUF,QB,player_anytime_td,-1,2
106152,C.J. Stroud,HOU,BUF,QB,player_last_td,-1,0.4
106152,C.J. Stroud,HOU,BUF,QB,sim_passing+rushing_yards,245.8354,244
106152,C.J. Stroud,HOU,BUF,QB,sim_passing_attempts,33.5916,33
106152,C.J. Stroud,HOU,BUF,QB,sim_passing_completions,21.2962,21
106152,C.J. Stroud,HOU,BUF,QB,sim_passing_interceptions,0.608,0
106152,C.J. Stroud,HOU,BUF,QB,sim_passing_longest_completion,36.7594,35
106152,C.J. Stroud,HOU,BUF,QB,sim_passing_touchdowns,1.2004,1
106152,C.J. Stroud,HOU,BUF,QB,sim_passing_yards,232.6918,231
106152,C.J. Stroud,HOU,BUF,QB,sim_rushing_longest_rush,9.147,9
106152,C.J. Stroud,HOU,BUF,QB,sim_rushing_yards,13.1436,10
106158,Dalton Kincaid,BUF,HOU,TE,player_1st_td,-1,4.1
106158,Dalton Kincaid,BUF,HOU,TE,player_anytime_td,-1,18
106158,Dalton Kincaid,BUF,HOU,TE,player_last_td,-1,5.2
106158,Dalton Kincaid,BUF,HOU,TE,sim_receiving_longest_reception,18.6224,17
106158,Dalton Kincaid,BUF,HOU,TE,sim_receiving_receptions,3.1224,3
106158,Dalton Kincaid,BUF,HOU,TE,sim_receiving_yards,37.0904,30
106175,Quentin Johnston,LAC,ARI,WR,player_1st_td,-1,8.1
106175,Quentin Johnston,LAC,ARI,WR,player_anytime_td,-1,28.9
106175,Quentin Johnston,LAC,ARI,WR,player_last_td,-1,7.7
106175,Quentin Johnston,LAC,ARI,WR,sim_receiving_longest_reception,21.8648,20
106175,Quentin Johnston,LAC,ARI,WR,sim_receiving_receptions,3.4962,3
106175,Quentin Johnston,LAC,ARI,WR,sim_receiving_yards,46.3854,39
106179,Kayshon Boutte,HOU,BUF,WR,player_1st_td,-1,3.6
106179,Kayshon Boutte,HOU,BUF,WR,player_anytime_td,-1,12.3
106179,Kayshon Boutte,HOU,BUF,WR,player_last_td,-1,3
106179,Kayshon Boutte,HOU,BUF,WR,sim_receiving_longest_reception,16.2128,15
106179,Kayshon Boutte,HOU,BUF,WR,sim_receiving_receptions,2.4428,2
106179,Kayshon Boutte,HOU,BUF,WR,sim_receiving_yards,29.902,24
106180,Darnell Washington,PIT,ATL,TE,player_1st_td,-1,2.3
106180,Darnell Washington,PIT,ATL,TE,player_anytime_td,-1,7.3
106180,Darnell Washington,PIT,ATL,TE,player_last_td,-1,1.7
106180,Darnell Washington,PIT,ATL,TE,sim_receiving_longest_reception,10.6582,8
106180,Darnell Washington,PIT,ATL,TE,sim_receiving_receptions,1.3924,1
106180,Darnell Washington,PIT,ATL,TE,sim_receiving_yards,15.8296,9
106181,Michael Mayer,LV,MIA,TE,player_1st_td,-1,6.2
106181,Michael Mayer,LV,MIA,TE,player_anytime_td,-1,18.9
106181,Michael Mayer,LV,MIA,TE,player_last_td,-1,5.2
106181,Michael Mayer,LV,MIA,TE,sim_receiving_longest_reception,17.7018,15
106181,Michael Mayer,LV,MIA,TE,sim_receiving_receptions,4.2178,4
106181,Michael Mayer,LV,MIA,TE,sim_receiving_yards,39.8624,33
106182,Sam LaPorta,DET,NO,TE,player_1st_td,-1,6.5
106182,Sam LaPorta,DET,NO,TE,player_anytime_td,-1,23.4
106182,Sam LaPorta,DET,NO,TE,player_last_td,-1,4.9
106182,Sam LaPorta,DET,NO,TE,sim_receiving_longest_reception,19.3616,17
106182,Sam LaPorta,DET,NO,TE,sim_receiving_receptions,3.764,3
106182,Sam LaPorta,DET,NO,TE,sim_receiving_yards,42.4308,34
106184,Jonathan Mingo,DAL,NYG,WR,player_1st_td,-1,0.1
106184,Jonathan Mingo,DAL,NYG,WR,player_anytime_td,-1,1.3
106184,Jonathan Mingo,DAL,NYG,WR,player_last_td,-1,0.3
106185,Marvin Mims Jr.,DEN,KC,WR,player_1st_td,-1,1.1
106185,Marvin Mims Jr.,DEN,KC,WR,player_anytime_td,-1,5.2
106185,Marvin Mims Jr.,DEN,KC,WR,player_last_td,-1,1.4
106188,Tank Bigsby,PHI,WAS,RB,player_1st_td,-1,3.3
106188,Tank Bigsby,PHI,WAS,RB,player_anytime_td,-1,13.1
106188,Tank Bigsby,PHI,WAS,RB,player_last_td,-1,3.8
106188,Tank Bigsby,PHI,WAS,RB,sim_rushing_yards,15.2656,11
106191,Jayden Reed,GB,MIN,WR,player_1st_td,-1,5
106191,Jayden Reed,GB,MIN,WR,player_anytime_td,-1,24.5
106191,Jayden Reed,GB,MIN,WR,player_last_td,-1,6
106191,Jayden Reed,GB,MIN,WR,sim_receiving_longest_reception,22.1602,20
106191,Jayden Reed,GB,MIN,WR,sim_receiving_receptions,3.3772,3
106191,Jayden Reed,GB,MIN,WR,sim_receiving_yards,45.992,39
106192,Chris Rodriguez Jr.,JAC,CLE,RB,player_1st_td,-1,11.8
106192,Chris Rodriguez Jr.,JAC,CLE,RB,player_anytime_td,-1,34.3
106192,Chris Rodriguez Jr.,JAC,CLE,RB,player_last_td,-1,10.8
106192,Chris Rodriguez Jr.,JAC,CLE,RB,sim_rushing_attempts,11.5964,11
106192,Chris Rodriguez Jr.,JAC,CLE,RB,sim_rushing_longest_rush,15.6746,13
106192,Chris Rodriguez Jr.,JAC,CLE,RB,sim_rushing_yards,49.5214,45
106194,Dontayvion Wicks,PHI,WAS,WR,player_1st_td,-1,4.2
106194,Dontayvion Wicks,PHI,WAS,WR,player_anytime_td,-1,15.1
106194,Dontayvion Wicks,PHI,WAS,WR,player_last_td,-1,4.5
106194,Dontayvion Wicks,PHI,WAS,WR,sim_receiving_longest_reception,15.1846,13
106194,Dontayvion Wicks,PHI,WAS,WR,sim_receiving_receptions,2.2786,2
106194,Dontayvion Wicks,PHI,WAS,WR,sim_receiving_yards,26.3474,20
106213,Tucker Kraft,GB,MIN,TE,player_1st_td,-1,7.2
106213,Tucker Kraft,GB,MIN,TE,player_anytime_td,-1,33.5
106213,Tucker Kraft,GB,MIN,TE,player_last_td,-1,9
106213,Tucker Kraft,GB,MIN,TE,sim_receiving_longest_reception,24.5438,22
106213,Tucker Kraft,GB,MIN,TE,sim_receiving_receptions,4.0424,4
106213,Tucker Kraft,GB,MIN,TE,sim_receiving_yards,55.5532,48
106214,Andrei Iosivas,CIN,TB,WR,player_1st_td,-1,3.3
106214,Andrei Iosivas,CIN,TB,WR,player_anytime_td,-1,13.7
106214,Andrei Iosivas,CIN,TB,WR,player_last_td,-1,2.6
106214,Andrei Iosivas,CIN,TB,WR,sim_receiving_longest_reception,11.7364,9
106214,Andrei Iosivas,CIN,TB,WR,sim_receiving_receptions,1.5892,1
106214,Andrei Iosivas,CIN,TB,WR,sim_receiving_yards,18.1896,12
106215,Rashee Rice,KC,DEN,WR,player_1st_td,-1,9.5
106215,Rashee Rice,KC,DEN,WR,player_anytime_td,-1,30.4
106215,Rashee Rice,KC,DEN,WR,player_last_td,-1,7.9
106215,Rashee Rice,KC,DEN,WR,sim_receiving_longest_reception,27.2158,25
106215,Rashee Rice,KC,DEN,WR,sim_receiving_receptions,5.1864,5
106215,Rashee Rice,KC,DEN,WR,sim_receiving_yards,71.8016,63
106216,Derius Davis,LAC,ARI,WR,player_1st_td,-1,0.1
106216,Derius Davis,LAC,ARI,WR,player_anytime_td,-1,0.6
106216,Derius Davis,LAC,ARI,WR,player_last_td,-1,0.1
106218,Tyjae Spears,TEN,NYJ,RB,player_1st_td,-1,7.4
106218,Tyjae Spears,TEN,NYJ,RB,player_anytime_td,-1,22.1
106218,Tyjae Spears,TEN,NYJ,RB,player_last_td,-1,7.2
106218,Tyjae Spears,TEN,NYJ,RB,sim_receiving_longest_reception,10.157,7
106218,Tyjae Spears,TEN,NYJ,RB,sim_receiving_receptions,2.6518,2
106218,Tyjae Spears,TEN,NYJ,RB,sim_receiving_yards,17.6844,11
106218,Tyjae Spears,TEN,NYJ,RB,sim_rushing+receiving_yards,47.3748,39
106218,Tyjae Spears,TEN,NYJ,RB,sim_rushing_attempts,6.7886,6
106218,Tyjae Spears,TEN,NYJ,RB,sim_rushing_longest_rush,12.0944,10
106218,Tyjae Spears,TEN,NYJ,RB,sim_rushing_yards,29.6904,24
106228,Parker Washington,JAC,CLE,WR,player_1st_td,-1,7
106228,Parker Washington,JAC,CLE,WR,player_anytime_td,-1,22.1
106228,Parker Washington,JAC,CLE,WR,player_last_td,-1,7.1
106228,Parker Washington,JAC,CLE,WR,sim_receiving_longest_reception,22.4026,21
106228,Parker Washington,JAC,CLE,WR,sim_receiving_receptions,4.1586,4
106228,Parker Washington,JAC,CLE,WR,sim_receiving_yards,54.0512,47
106229,Josh Downs,IND,BAL,WR,player_1st_td,-1,6.8
106229,Josh Downs,IND,BAL,WR,player_anytime_td,-1,25.8
106229,Josh Downs,IND,BAL,WR,player_last_td,-1,6.5
106229,Josh Downs,IND,BAL,WR,sim_receiving_longest_reception,19.974,18
106229,Josh Downs,IND,BAL,WR,sim_receiving_receptions,4.2132,4
106229,Josh Downs,IND,BAL,WR,sim_receiving_yards,45.659,39
106233,Payne Durham,TB,CIN,TE,player_1st_td,-1,0
106233,Payne Durham,TB,CIN,TE,player_anytime_td,-1,0
106233,Payne Durham,TB,CIN,TE,player_last_td,-1,0
106250,Michael Wilson,ARI,LAC,WR,player_1st_td,-1,4.1
106250,Michael Wilson,ARI,LAC,WR,player_anytime_td,-1,21.1
106250,Michael Wilson,ARI,LAC,WR,player_last_td,-1,5.1
106250,Michael Wilson,ARI,LAC,WR,sim_receiving_longest_reception,20.506,19
106250,Michael Wilson,ARI,LAC,WR,sim_receiving_receptions,3.8466,3
106250,Michael Wilson,ARI,LAC,WR,sim_receiving_yards,45.2428,38
106253,Tre Tucker,LV,MIA,WR,player_1st_td,-1,10.5
106253,Tre Tucker,LV,MIA,WR,player_anytime_td,-1,31
106253,Tre Tucker,LV,MIA,WR,player_last_td,-1,9
106253,Tre Tucker,LV,MIA,WR,sim_receiving_longest_reception,23.1934,21
106253,Tre Tucker,LV,MIA,WR,sim_receiving_receptions,4.2092,4
106253,Tre Tucker,LV,MIA,WR,sim_receiving_yards,54.3556,46
106255,De'Von Achane,MIA,LV,RB,player_1st_td,-1,13.4
106255,De'Von Achane,MIA,LV,RB,player_anytime_td,-1,44.1
106255,De'Von Achane,MIA,LV,RB,player_last_td,-1,15.3
106255,De'Von Achane,MIA,LV,RB,sim_receiving_longest_reception,15.8756,13
106255,De'Von Achane,MIA,LV,RB,sim_receiving_receptions,4.698,4
106255,De'Von Achane,MIA,LV,RB,sim_receiving_yards,33.8216,27
106255,De'Von Achane,MIA,LV,RB,sim_rushing+receiving_yards,93.783,88
106255,De'Von Achane,MIA,LV,RB,sim_rushing_attempts,13.9522,14
106255,De'Von Achane,MIA,LV,RB,sim_rushing_longest_rush,16.998,14
106255,De'Von Achane,MIA,LV,RB,sim_rushing_yards,59.9614,56
106255,De'Von Achane,MIA,LV,RB,sim_total_yards,93.783,88
106279,Brenton Strange,JAC,CLE,TE,player_1st_td,-1,5.3
106279,Brenton Strange,JAC,CLE,TE,player_anytime_td,-1,15.4
106279,Brenton Strange,JAC,CLE,TE,player_last_td,-1,4.3
106279,Brenton Strange,JAC,CLE,TE,sim_receiving_longest_reception,16.7408,14
106279,Brenton Strange,JAC,CLE,TE,sim_receiving_receptions,3.509,3
106279,Brenton Strange,JAC,CLE,TE,sim_receiving_yards,35.3622,28
106289,Kendre Miller,NO,DET,RB,player_1st_td,-1,1.2
106289,Kendre Miller,NO,DET,RB,player_anytime_td,-1,7.2
106289,Kendre Miller,NO,DET,RB,player_last_td,-1,1.7
106322,Luke Schoonmaker,DAL,NYG,TE,player_1st_td,-1,1
106322,Luke Schoonmaker,DAL,NYG,TE,player_anytime_td,-1,4.8
106322,Luke Schoonmaker,DAL,NYG,TE,player_last_td,-1,1.1
106325,Xavier Hutchinson,HOU,BUF,WR,player_1st_td,-1,3
106325,Xavier Hutchinson,HOU,BUF,WR,player_anytime_td,-1,12.3
106325,Xavier Hutchinson,HOU,BUF,WR,player_last_td,-1,3.1
106325,Xavier Hutchinson,HOU,BUF,WR,sim_receiving_longest_reception,14.5198,13
106325,Xavier Hutchinson,HOU,BUF,WR,sim_receiving_receptions,2.3042,2
106325,Xavier Hutchinson,HOU,BUF,WR,sim_receiving_yards,26.3156,20
106336,Roschon Johnson,CHI,CAR,RB,player_1st_td,-1,0.9
106336,Roschon Johnson,CHI,CAR,RB,player_anytime_td,-1,3.5
106336,Roschon Johnson,CHI,CAR,RB,player_last_td,-1,0.8
106338,Chase Brown,CIN,TB,RB,player_1st_td,-1,20
106338,Chase Brown,CIN,TB,RB,player_anytime_td,-1,58.4
106338,Chase Brown,CIN,TB,RB,player_last_td,-1,16.3
106338,Chase Brown,CIN,TB,RB,sim_receiving_longest_reception,11.5066,9
106338,Chase Brown,CIN,TB,RB,sim_receiving_receptions,3.7358,3
106338,Chase Brown,CIN,TB,RB,sim_receiving_yards,22.0672,17
106338,Chase Brown,CIN,TB,RB,sim_rushing+receiving_yards,83.0084,78
106338,Chase Brown,CIN,TB,RB,sim_rushing_attempts,14.3034,14
106338,Chase Brown,CIN,TB,RB,sim_rushing_longest_rush,17.0402,14
106338,Chase Brown,CIN,TB,RB,sim_rushing_yards,60.9412,56
106338,Chase Brown,CIN,TB,RB,sim_total_yards,83.0084,78
106339,Josh Whyle,GB,MIN,TE,player_1st_td,-1,0.2
106339,Josh Whyle,GB,MIN,TE,player_anytime_td,-1,1.1
106339,Josh Whyle,GB,MIN,TE,player_last_td,-1,0.1
106347,Jalen Brooks,ARI,LAC,WR,player_1st_td,-1,0
106347,Jalen Brooks,ARI,LAC,WR,player_anytime_td,-1,0
106347,Jalen Brooks,ARI,LAC,WR,player_last_td,-1,0
106361,Chad Ryland,ARI,LAC,K,sim_extra_points_made,1.4892,1
106361,Chad Ryland,ARI,LAC,K,sim_field_goals_made,1.672,2
106361,Chad Ryland,ARI,LAC,K,sim_kicking_total_points,6.5052,6
106369,Elijah Higgins,ARI,LAC,TE,player_1st_td,-1,0
106369,Elijah Higgins,ARI,LAC,TE,player_anytime_td,-1,0
106369,Elijah Higgins,ARI,LAC,TE,player_last_td,-1,0
106430,Keaton Mitchell,LAC,ARI,RB,player_1st_td,-1,3.2
106430,Keaton Mitchell,LAC,ARI,RB,player_anytime_td,-1,11.8
106430,Keaton Mitchell,LAC,ARI,RB,player_last_td,-1,3.1
106444,Hunter Luepke,DAL,NYG,RB,player_1st_td,-1,0.7
106444,Hunter Luepke,DAL,NYG,RB,player_anytime_td,-1,2.5
106444,Hunter Luepke,DAL,NYG,RB,player_last_td,-1,0.7
106452,Jacob Saylors,DET,NO,RB,player_1st_td,-1,0.5
106452,Jacob Saylors,DET,NO,RB,player_anytime_td,-1,2.5
106452,Jacob Saylors,DET,NO,RB,player_last_td,-1,0.4
106458,Nikko Remigio,KC,DEN,WR,player_1st_td,-1,0
106458,Nikko Remigio,KC,DEN,WR,player_anytime_td,-1,0
106458,Nikko Remigio,KC,DEN,WR,player_last_td,-1,0
106461,Blake Whiteheart,CLE,JAX,TE,player_1st_td,-1,0.7
106461,Blake Whiteheart,CLE,JAX,TE,player_anytime_td,-1,3.2
106461,Blake Whiteheart,CLE,JAX,TE,player_last_td,-1,0.9
106530,Jake Bates,DET,NO,K,sim_extra_points_made,2.534,2
106530,Jake Bates,DET,NO,K,sim_field_goals_made,1.32,1
106530,Jake Bates,DET,NO,K,sim_kicking_total_points,6.494,6
106574,Andre Szmyt,CLE,JAX,K,sim_extra_points_made,1.2234,1
106574,Andre Szmyt,CLE,JAX,K,sim_field_goals_made,1.706,2
106574,Andre Szmyt,CLE,JAX,K,sim_kicking_total_points,6.3414,6
106584,Chris Brooks,GB,MIN,RB,player_1st_td,-1,5.1
106584,Chris Brooks,GB,MIN,RB,player_anytime_td,-1,23.6
106584,Chris Brooks,GB,MIN,RB,player_last_td,-1,6.2
106596,Jared Wayne,HOU,BUF,WR,player_1st_td,-1,0.2
106596,Jared Wayne,HOU,BUF,WR,player_anytime_td,-1,0.7
106596,Jared Wayne,HOU,BUF,WR,player_last_td,-1,0.1
106607,Emari Demercado,DAL,NYG,RB,player_1st_td,-1,1.9
106607,Emari Demercado,DAL,NYG,RB,player_anytime_td,-1,8.3
106607,Emari Demercado,DAL,NYG,RB,player_last_td,-1,2
106683,Nate Adkins,DEN,KC,TE,player_1st_td,-1,0
106683,Nate Adkins,DEN,KC,TE,player_anytime_td,-1,0
106683,Nate Adkins,DEN,KC,TE,player_last_td,-1,0
106727,Brycen Tremayne,CAR,CHI,WR,player_1st_td,-1,0
106727,Brycen Tremayne,CAR,CHI,WR,player_anytime_td,-1,0
106727,Brycen Tremayne,CAR,CHI,WR,player_last_td,-1,0
106809,E.J. Jenkins,PHI,WAS,TE,player_1st_td,-1,0
106809,E.J. Jenkins,PHI,WAS,TE,player_anytime_td,-1,0
106809,E.J. Jenkins,PHI,WAS,TE,player_last_td,-1,0
106962,Brandon Aubrey,DAL,NYG,K,sim_extra_points_made,2.063,2
106962,Brandon Aubrey,DAL,NYG,K,sim_field_goals_made,1.3416,1
106962,Brandon Aubrey,DAL,NYG,K,sim_kicking_total_points,6.0878,6
110991,Jaylen Wright,MIA,LV,RB,player_1st_td,-1,2.6
110991,Jaylen Wright,MIA,LV,RB,player_anytime_td,-1,11.1
110991,Jaylen Wright,MIA,LV,RB,player_last_td,-1,3.6
110992,Xavier Worthy,KC,DEN,WR,player_1st_td,-1,5.8
110992,Xavier Worthy,KC,DEN,WR,player_anytime_td,-1,20.2
110992,Xavier Worthy,KC,DEN,WR,player_last_td,-1,5.4
110992,Xavier Worthy,KC,DEN,WR,sim_receiving_receptions,3.3122,3
110992,Xavier Worthy,KC,DEN,WR,sim_receiving_yards,42.1858,35
110995,Caleb Williams,CHI,CAR,QB,player_1st_td,-1,1.9
110995,Caleb Williams,CHI,CAR,QB,player_anytime_td,-1,8.7
110995,Caleb Williams,CHI,CAR,QB,player_last_td,-1,1.9
110995,Caleb Williams,CHI,CAR,QB,sim_passing+rushing_yards,248.6606,248
110995,Caleb Williams,CHI,CAR,QB,sim_passing_attempts,30.9676,31
110995,Caleb Williams,CHI,CAR,QB,sim_passing_completions,19.0766,19
110995,Caleb Williams,CHI,CAR,QB,sim_passing_interceptions,0.4368,0
110995,Caleb Williams,CHI,CAR,QB,sim_passing_longest_completion,38.7656,37
110995,Caleb Williams,CHI,CAR,QB,sim_passing_touchdowns,1.2676,1
110995,Caleb Williams,CHI,CAR,QB,sim_passing_yards,227.8256,226
110995,Caleb Williams,CHI,CAR,QB,sim_rushing_attempts,4.466,4
110995,Caleb Williams,CHI,CAR,QB,sim_rushing_longest_rush,13.3238,11
110995,Caleb Williams,CHI,CAR,QB,sim_rushing_yards,20.835,16
110998,Sione Vaki,DET,NO,RB,player_1st_td,-1,0.4
110998,Sione Vaki,DET,NO,RB,player_anytime_td,-1,2.3
110998,Sione Vaki,DET,NO,RB,player_last_td,-1,0.6
111001,Brian Thomas Jr.,JAC,CLE,WR,player_1st_td,-1,7.4
111001,Brian Thomas Jr.,JAC,CLE,WR,player_anytime_td,-1,21.3
111001,Brian Thomas Jr.,JAC,CLE,WR,player_last_td,-1,6.5
111001,Brian Thomas Jr.,JAC,CLE,WR,sim_receiving_longest_reception,20.8332,19
111001,Brian Thomas Jr.,JAC,CLE,WR,sim_receiving_receptions,3.1254,3
111001,Brian Thomas Jr.,JAC,CLE,WR,sim_receiving_yards,42.7146,35
111002,Braelon Allen,NYJ,TEN,RB,player_1st_td,-1,4.5
111002,Braelon Allen,NYJ,TEN,RB,player_anytime_td,-1,16.6
111002,Braelon Allen,NYJ,TEN,RB,player_last_td,-1,5.7
111002,Braelon Allen,NYJ,TEN,RB,sim_rushing_longest_rush,10.2496,8
111002,Braelon Allen,NYJ,TEN,RB,sim_rushing_yards,21.4186,16
111012,Jonathon Brooks,CAR,CHI,RB,player_1st_td,-1,11.1
111012,Jonathon Brooks,CAR,CHI,RB,player_anytime_td,-1,34.8
111012,Jonathon Brooks,CAR,CHI,RB,player_last_td,-1,9.3
111012,Jonathon Brooks,CAR,CHI,RB,sim_receiving_longest_reception,9.7818,7
111012,Jonathon Brooks,CAR,CHI,RB,sim_receiving_receptions,2.1236,2
111012,Jonathon Brooks,CAR,CHI,RB,sim_receiving_yards,15.6262,8
111012,Jonathon Brooks,CAR,CHI,RB,sim_rushing+receiving_yards,54.2128,46
111012,Jonathon Brooks,CAR,CHI,RB,sim_rushing_attempts,8.8824,8
111012,Jonathon Brooks,CAR,CHI,RB,sim_rushing_longest_rush,13.8658,11
111012,Jonathon Brooks,CAR,CHI,RB,sim_rushing_yards,38.5866,33
111015,Ja'Tavion Sanders,CAR,CHI,TE,player_1st_td,-1,0
111015,Ja'Tavion Sanders,CAR,CHI,TE,player_anytime_td,-1,0
111015,Ja'Tavion Sanders,CAR,CHI,TE,player_last_td,-1,0
111021,Malik Nabers,NYG,DAL,WR,player_1st_td,-1,9.6
111021,Malik Nabers,NYG,DAL,WR,player_anytime_td,-1,33.6
111021,Malik Nabers,NYG,DAL,WR,player_last_td,-1,8.7
111021,Malik Nabers,NYG,DAL,WR,sim_receiving_longest_reception,23.9878,22
111021,Malik Nabers,NYG,DAL,WR,sim_receiving_receptions,5.0826,5
111021,Malik Nabers,NYG,DAL,WR,sim_receiving_yards,61.486,54
111022,Adonai Mitchell,NYJ,TEN,WR,player_1st_td,-1,5.1
111022,Adonai Mitchell,NYJ,TEN,WR,player_anytime_td,-1,18.7
111022,Adonai Mitchell,NYJ,TEN,WR,player_last_td,-1,6.6
111022,Adonai Mitchell,NYJ,TEN,WR,sim_receiving_longest_reception,19.7316,18
111022,Adonai Mitchell,NYJ,TEN,WR,sim_receiving_receptions,3.3268,3
111022,Adonai Mitchell,NYJ,TEN,WR,sim_receiving_yards,41.3812,35
111028,Cam Little,JAC,CLE,K,sim_extra_points_made,1.8882,2
111028,Cam Little,JAC,CLE,K,sim_field_goals_made,1.5512,1
111028,Cam Little,JAC,CLE,K,sim_kicking_total_points,6.5418,6
111032,Keon Coleman,BUF,HOU,WR,player_1st_td,-1,2.7
111032,Keon Coleman,BUF,HOU,WR,player_anytime_td,-1,10.6
111032,Keon Coleman,BUF,HOU,WR,player_last_td,-1,2.6
111035,Bucky Irving,TB,CIN,RB,player_1st_td,-1,10
111035,Bucky Irving,TB,CIN,RB,player_anytime_td,-1,43.7
111035,Bucky Irving,TB,CIN,RB,player_last_td,-1,11.5
111035,Bucky Irving,TB,CIN,RB,sim_receiving_longest_reception,14.3026,12
111035,Bucky Irving,TB,CIN,RB,sim_receiving_receptions,2.701,2
111035,Bucky Irving,TB,CIN,RB,sim_receiving_yards,24.6734,18
111035,Bucky Irving,TB,CIN,RB,sim_rushing+receiving_yards,88.4788,84
111035,Bucky Irving,TB,CIN,RB,sim_rushing_attempts,14.8032,15
111035,Bucky Irving,TB,CIN,RB,sim_rushing_longest_rush,17.413,14
111035,Bucky Irving,TB,CIN,RB,sim_rushing_yards,63.8054,59.5
111041,Troy Franklin,DEN,KC,WR,player_1st_td,-1,1.6
111041,Troy Franklin,DEN,KC,WR,player_anytime_td,-1,8.5
111041,Troy Franklin,DEN,KC,WR,player_last_td,-1,2.4
111042,Marvin Harrison Jr.,ARI,LAC,WR,player_1st_td,-1,4.5
111042,Marvin Harrison Jr.,ARI,LAC,WR,player_anytime_td,-1,21.9
111042,Marvin Harrison Jr.,ARI,LAC,WR,player_last_td,-1,6.2
111042,Marvin Harrison Jr.,ARI,LAC,WR,sim_receiving_longest_reception,20.0684,19
111042,Marvin Harrison Jr.,ARI,LAC,WR,sim_receiving_receptions,3.5378,3
111042,Marvin Harrison Jr.,ARI,LAC,WR,sim_receiving_yards,44.1354,37
111044,Rome Odunze,CHI,CAR,WR,player_1st_td,-1,5.5
111044,Rome Odunze,CHI,CAR,WR,player_anytime_td,-1,25.3
111044,Rome Odunze,CHI,CAR,WR,player_last_td,-1,6.9
111044,Rome Odunze,CHI,CAR,WR,sim_receiving_longest_reception,22.1796,21
111044,Rome Odunze,CHI,CAR,WR,sim_receiving_receptions,3.4258,3
111044,Rome Odunze,CHI,CAR,WR,sim_receiving_yards,48.2446,42
111045,Devontez Walker,BAL,IND,WR,player_1st_td,-1,0.7
111045,Devontez Walker,BAL,IND,WR,player_anytime_td,-1,4.1
111045,Devontez Walker,BAL,IND,WR,player_last_td,-1,0.9
111046,Malachi Corley,CLE,JAX,WR,player_1st_td,-1,0.4
111046,Malachi Corley,CLE,JAX,WR,player_anytime_td,-1,1.9
111046,Malachi Corley,CLE,JAX,WR,player_last_td,-1,0.6
111047,Ray Davis,BUF,HOU,RB,player_1st_td,-1,1.7
111047,Ray Davis,BUF,HOU,RB,player_anytime_td,-1,8.4
111047,Ray Davis,BUF,HOU,RB,player_last_td,-1,2.3
111052,Ben Sinnott,WAS,PHI,TE,player_1st_td,-1,0.2
111052,Ben Sinnott,WAS,PHI,TE,player_anytime_td,-1,0.9
111052,Ben Sinnott,WAS,PHI,TE,player_last_td,-1,0.3
111053,Cade Stover,HOU,BUF,TE,player_1st_td,-1,1.7
111053,Cade Stover,HOU,BUF,TE,player_anytime_td,-1,6.4
111053,Cade Stover,HOU,BUF,TE,player_last_td,-1,1.4
111054,Luke McCaffrey,WAS,PHI,WR,player_1st_td,-1,0.8
111054,Luke McCaffrey,WAS,PHI,WR,player_anytime_td,-1,4.5
111054,Luke McCaffrey,WAS,PHI,WR,player_last_td,-1,1.1
111070,Xavier Legette,CAR,CHI,WR,player_1st_td,-1,3.6
111070,Xavier Legette,CAR,CHI,WR,player_anytime_td,-1,14
111070,Xavier Legette,CAR,CHI,WR,player_last_td,-1,3
111070,Xavier Legette,CAR,CHI,WR,sim_receiving_longest_reception,13.2802,12
111070,Xavier Legette,CAR,CHI,WR,sim_receiving_receptions,1.9856,2
111070,Xavier Legette,CAR,CHI,WR,sim_receiving_yards,21.6282,16
111106,Roman Wilson,PIT,ATL,WR,player_1st_td,-1,3.6
111106,Roman Wilson,PIT,ATL,WR,player_anytime_td,-1,10.8
111106,Roman Wilson,PIT,ATL,WR,player_last_td,-1,2.9
111235,Rasheen Ali,BAL,IND,RB,player_1st_td,-1,0.5
111235,Rasheen Ali,BAL,IND,RB,player_anytime_td,-1,2.5
111235,Rasheen Ali,BAL,IND,RB,player_last_td,-1,0.6
111244,Dylan Laube,LV,MIA,RB,player_1st_td,-1,0.2
111244,Dylan Laube,LV,MIA,RB,player_anytime_td,-1,0.8
111244,Dylan Laube,LV,MIA,RB,player_last_td,-1,0.1
111254,Isaiah Davis,NYJ,TEN,RB,player_1st_td,-1,2.1
111254,Isaiah Davis,NYJ,TEN,RB,player_anytime_td,-1,6.5
111254,Isaiah Davis,NYJ,TEN,RB,player_last_td,-1,1.7
111259,Bo Nix,DEN,KC,QB,player_1st_td,-1,3
111259,Bo Nix,DEN,KC,QB,player_anytime_td,-1,15.3
111259,Bo Nix,DEN,KC,QB,player_last_td,-1,4
111259,Bo Nix,DEN,KC,QB,sim_passing+rushing_yards,248.668,247
111259,Bo Nix,DEN,KC,QB,sim_passing_attempts,32.7906,32
111259,Bo Nix,DEN,KC,QB,sim_passing_completions,20.704,20
111259,Bo Nix,DEN,KC,QB,sim_passing_interceptions,0.6364,0
111259,Bo Nix,DEN,KC,QB,sim_passing_longest_completion,35.921,34
111259,Bo Nix,DEN,KC,QB,sim_passing_touchdowns,1.0188,1
111259,Bo Nix,DEN,KC,QB,sim_passing_yards,216.5488,214
111259,Bo Nix,DEN,KC,QB,sim_rushing_attempts,5.7174,5
111259,Bo Nix,DEN,KC,QB,sim_rushing_yards,32.1192,25
111269,Kimani Vidal,LAC,ARI,RB,player_1st_td,-1,3.3
111269,Kimani Vidal,LAC,ARI,RB,player_anytime_td,-1,12.4
111269,Kimani Vidal,LAC,ARI,RB,player_last_td,-1,2.5
111282,Tyrone Tracy Jr.,NYG,DAL,RB,player_1st_td,-1,2.5
111282,Tyrone Tracy Jr.,NYG,DAL,RB,player_anytime_td,-1,8
111282,Tyrone Tracy Jr.,NYG,DAL,RB,player_last_td,-1,1.7
111403,Jayden Daniels,WAS,PHI,QB,player_1st_td,-1,3.7
111403,Jayden Daniels,WAS,PHI,QB,player_anytime_td,-1,16.4
111403,Jayden Daniels,WAS,PHI,QB,player_last_td,-1,4.4
111403,Jayden Daniels,WAS,PHI,QB,sim_passing+rushing_yards,261.0376,261
111403,Jayden Daniels,WAS,PHI,QB,sim_passing_attempts,31.2136,31
111403,Jayden Daniels,WAS,PHI,QB,sim_passing_completions,20.214,20
111403,Jayden Daniels,WAS,PHI,QB,sim_passing_interceptions,0.596,0
111403,Jayden Daniels,WAS,PHI,QB,sim_passing_longest_completion,36.153,34
111403,Jayden Daniels,WAS,PHI,QB,sim_passing_touchdowns,0.9744,1
111403,Jayden Daniels,WAS,PHI,QB,sim_passing_yards,213.929,213
111403,Jayden Daniels,WAS,PHI,QB,sim_rushing_attempts,8.7426,8
111403,Jayden Daniels,WAS,PHI,QB,sim_rushing_yards,47.1086,41
111416,Ladd McConkey,LAC,ARI,WR,player_1st_td,-1,8.8
111416,Ladd McConkey,LAC,ARI,WR,player_anytime_td,-1,30
111416,Ladd McConkey,LAC,ARI,WR,player_last_td,-1,7
111416,Ladd McConkey,LAC,ARI,WR,sim_receiving_longest_reception,22.844,21
111416,Ladd McConkey,LAC,ARI,WR,sim_receiving_receptions,4.1188,4
111416,Ladd McConkey,LAC,ARI,WR,sim_receiving_yards,54.5758,47
111421,Will Shipley,PHI,WAS,RB,player_1st_td,-1,0.5
111421,Will Shipley,PHI,WAS,RB,player_anytime_td,-1,2.1
111421,Will Shipley,PHI,WAS,RB,player_last_td,-1,0.5
111422,Malik Washington,MIA,LV,WR,player_1st_td,-1,4.2
111422,Malik Washington,MIA,LV,WR,player_anytime_td,-1,17.7
111422,Malik Washington,MIA,LV,WR,player_last_td,-1,5
111422,Malik Washington,MIA,LV,WR,sim_receiving_longest_reception,17.952,16
111422,Malik Washington,MIA,LV,WR,sim_receiving_receptions,3.138,3
111422,Malik Washington,MIA,LV,WR,sim_receiving_yards,35.2738,29
111426,Theo Johnson,NYG,DAL,TE,player_1st_td,-1,0
111426,Theo Johnson,NYG,DAL,TE,player_anytime_td,-1,0
111426,Theo Johnson,NYG,DAL,TE,player_last_td,-1,0
111426,Theo Johnson,NYG,DAL,TE,sim_receiving_longest_reception,12.921,11
111426,Theo Johnson,NYG,DAL,TE,sim_receiving_receptions,2.4738,2
111426,Theo Johnson,NYG,DAL,TE,sim_receiving_yards,23.9534,17
111432,MarShawn Lloyd,GB,MIN,RB,player_1st_td,-1,10.2
111432,MarShawn Lloyd,GB,MIN,RB,player_anytime_td,-1,42.2
111432,MarShawn Lloyd,GB,MIN,RB,player_last_td,-1,12
111432,MarShawn Lloyd,GB,MIN,RB,sim_receiving_receptions,1.8024,2
111432,MarShawn Lloyd,GB,MIN,RB,sim_receiving_yards,12.8626,8
111432,MarShawn Lloyd,GB,MIN,RB,sim_rushing+receiving_yards,65.5216,61
111432,MarShawn Lloyd,GB,MIN,RB,sim_rushing_attempts,12.2272,12
111432,MarShawn Lloyd,GB,MIN,RB,sim_rushing_longest_rush,16.1922,13
111432,MarShawn Lloyd,GB,MIN,RB,sim_rushing_yards,52.659,48
111453,Jared Wiley,KC,DEN,TE,player_1st_td,-1,0.3
111453,Jared Wiley,KC,DEN,TE,player_anytime_td,-1,1
111453,Jared Wiley,KC,DEN,TE,player_last_td,-1,0.2
111454,Will Reichard,MIN,GB,K,sim_extra_points_made,1.997,2
111454,Will Reichard,MIN,GB,K,sim_field_goals_made,1.507,1
111454,Will Reichard,MIN,GB,K,sim_kicking_total_points,6.518,6
111463,Jalen Coker,CAR,CHI,WR,player_1st_td,-1,5.2
111463,Jalen Coker,CAR,CHI,WR,player_anytime_td,-1,18.4
111463,Jalen Coker,CAR,CHI,WR,player_last_td,-1,4.3
111463,Jalen Coker,CAR,CHI,WR,sim_receiving_longest_reception,20.3522,19
111463,Jalen Coker,CAR,CHI,WR,sim_receiving_receptions,3.393,3
111463,Jalen Coker,CAR,CHI,WR,sim_receiving_yards,43.5888,36
111465,Ryan Flournoy,DAL,NYG,WR,player_1st_td,-1,3.3
111465,Ryan Flournoy,DAL,NYG,WR,player_anytime_td,-1,16.4
111465,Ryan Flournoy,DAL,NYG,WR,player_last_td,-1,4
111465,Ryan Flournoy,DAL,NYG,WR,sim_receiving_receptions,2.3324,2
111465,Ryan Flournoy,DAL,NYG,WR,sim_receiving_yards,29.2578,23
111475,Brevyn Spann-Ford,DAL,NYG,TE,player_1st_td,-1,0
111475,Brevyn Spann-Ford,DAL,NYG,TE,player_anytime_td,-1,0
111475,Brevyn Spann-Ford,DAL,NYG,TE,player_last_td,-1,0
111539,Devaughn Vele,NO,DET,WR,player_1st_td,-1,3.3
111539,Devaughn Vele,NO,DET,WR,player_anytime_td,-1,20.1
111539,Devaughn Vele,NO,DET,WR,player_last_td,-1,5.7
111539,Devaughn Vele,NO,DET,WR,sim_receiving_longest_reception,17.3446,16
111539,Devaughn Vele,NO,DET,WR,sim_receiving_receptions,3.5028,3
111539,Devaughn Vele,NO,DET,WR,sim_receiving_yards,36.7364,30.5
111546,Isaiah Williams,NYJ,TEN,WR,player_1st_td,-1,1.3
111546,Isaiah Williams,NYJ,TEN,WR,player_anytime_td,-1,5
111546,Isaiah Williams,NYJ,TEN,WR,player_last_td,-1,1.8
117328,Spencer Shrader,IND,BAL,K,sim_extra_points_made,1.856,2
117328,Spencer Shrader,IND,BAL,K,sim_field_goals_made,1.5844,1
117328,Spencer Shrader,IND,BAL,K,sim_kicking_total_points,6.6092,6
117376,British Brooks,HOU,BUF,RB,player_1st_td,-1,0.1
117376,British Brooks,HOU,BUF,RB,player_anytime_td,-1,0.7
117376,British Brooks,HOU,BUF,RB,player_last_td,-1,0.2
117549,Kameron Johnson,TB,CIN,WR,player_1st_td,-1,0.1
117549,Kameron Johnson,TB,CIN,WR,player_anytime_td,-1,0.7
117549,Kameron Johnson,TB,CIN,WR,player_last_td,-1,0.2
117554,David Martin-Robinson,TEN,NYJ,TE,player_1st_td,-1,0
117554,David Martin-Robinson,TEN,NYJ,TE,player_anytime_td,-1,0
117554,David Martin-Robinson,TEN,NYJ,TE,player_last_td,-1,0
117568,Colson Yankoff,WAS,PHI,TE,player_1st_td,-1,0
117568,Colson Yankoff,WAS,PHI,TE,player_anytime_td,-1,0
117568,Colson Yankoff,WAS,PHI,TE,player_last_td,-1,0
161202,Cam Ward,TEN,NYJ,QB,player_1st_td,-1,1.8
161202,Cam Ward,TEN,NYJ,QB,player_anytime_td,-1,5.9
161202,Cam Ward,TEN,NYJ,QB,player_last_td,-1,1.6
161202,Cam Ward,TEN,NYJ,QB,sim_passing+rushing_yards,214.7244,212
161202,Cam Ward,TEN,NYJ,QB,sim_passing_attempts,32.5026,32
161202,Cam Ward,TEN,NYJ,QB,sim_passing_completions,20.6632,21
161202,Cam Ward,TEN,NYJ,QB,sim_passing_interceptions,0.5248,0
161202,Cam Ward,TEN,NYJ,QB,sim_passing_longest_completion,34.9802,33
161202,Cam Ward,TEN,NYJ,QB,sim_passing_touchdowns,0.9726,1
161202,Cam Ward,TEN,NYJ,QB,sim_passing_yards,204.2156,202
161202,Cam Ward,TEN,NYJ,QB,sim_rushing_yards,10.5088,6
161949,Ashton Jeanty,LV,MIA,RB,player_1st_td,-1,21
161949,Ashton Jeanty,LV,MIA,RB,player_anytime_td,-1,51.1
161949,Ashton Jeanty,LV,MIA,RB,player_last_td,-1,17.7
161949,Ashton Jeanty,LV,MIA,RB,sim_receiving_longest_reception,12.14,9
161949,Ashton Jeanty,LV,MIA,RB,sim_receiving_receptions,2.9548,3
161949,Ashton Jeanty,LV,MIA,RB,sim_receiving_yards,21.2138,15
161949,Ashton Jeanty,LV,MIA,RB,sim_rushing+receiving_yards,84.9164,80
161949,Ashton Jeanty,LV,MIA,RB,sim_rushing_attempts,14.7948,15
161949,Ashton Jeanty,LV,MIA,RB,sim_rushing_longest_rush,17.5228,14
161949,Ashton Jeanty,LV,MIA,RB,sim_rushing_yards,63.7026,59
161950,Colston Loveland,CHI,CAR,TE,player_1st_td,-1,5.4
161950,Colston Loveland,CHI,CAR,TE,player_anytime_td,-1,23.8
161950,Colston Loveland,CHI,CAR,TE,player_last_td,-1,5.9
161950,Colston Loveland,CHI,CAR,TE,sim_receiving_longest_reception,19.1462,17
161950,Colston Loveland,CHI,CAR,TE,sim_receiving_receptions,4.0266,4
161950,Colston Loveland,CHI,CAR,TE,sim_receiving_yards,43.9046,36
161951,Tyler Warren,IND,BAL,TE,player_1st_td,-1,6.4
161951,Tyler Warren,IND,BAL,TE,player_anytime_td,-1,24.5
161951,Tyler Warren,IND,BAL,TE,player_last_td,-1,6.3
161951,Tyler Warren,IND,BAL,TE,sim_receiving_longest_reception,20.7098,18
161951,Tyler Warren,IND,BAL,TE,sim_receiving_receptions,4.7504,4
161951,Tyler Warren,IND,BAL,TE,sim_receiving_yards,51.666,46
161966,Tetairoa McMillan,CAR,CHI,WR,player_1st_td,-1,8.1
161966,Tetairoa McMillan,CAR,CHI,WR,player_anytime_td,-1,28.4
161966,Tetairoa McMillan,CAR,CHI,WR,player_last_td,-1,7.1
161966,Tetairoa McMillan,CAR,CHI,WR,sim_receiving_longest_reception,22.8092,21
161966,Tetairoa McMillan,CAR,CHI,WR,sim_receiving_receptions,4.3042,4
161966,Tetairoa McMillan,CAR,CHI,WR,sim_receiving_yards,55.9204,49
161967,Travis Hunter,JAC,CLE,WR,player_1st_td,-1,1.6
161967,Travis Hunter,JAC,CLE,WR,player_anytime_td,-1,5.1
161967,Travis Hunter,JAC,CLE,WR,player_last_td,-1,1.3
161968,Emeka Egbuka,TB,CIN,WR,player_1st_td,-1,6.7
161968,Emeka Egbuka,TB,CIN,WR,player_anytime_td,-1,33.2
161968,Emeka Egbuka,TB,CIN,WR,player_last_td,-1,8.7
161968,Emeka Egbuka,TB,CIN,WR,sim_receiving_longest_reception,24.48,22
161968,Emeka Egbuka,TB,CIN,WR,sim_receiving_receptions,4.2226,4
161968,Emeka Egbuka,TB,CIN,WR,sim_receiving_yards,59.1092,52
161981,Matthew Golden,GB,MIN,WR,player_1st_td,-1,3.7
161981,Matthew Golden,GB,MIN,WR,player_anytime_td,-1,16.5
161981,Matthew Golden,GB,MIN,WR,player_last_td,-1,3.8
161981,Matthew Golden,GB,MIN,WR,sim_receiving_longest_reception,18.0434,16
161981,Matthew Golden,GB,MIN,WR,sim_receiving_receptions,2.8436,3
161981,Matthew Golden,GB,MIN,WR,sim_receiving_yards,34.2902,28
161982,Omarion Hampton,LAC,ARI,RB,player_1st_td,-1,21.5
161982,Omarion Hampton,LAC,ARI,RB,player_anytime_td,-1,56.4
161982,Omarion Hampton,LAC,ARI,RB,player_last_td,-1,18.8
161982,Omarion Hampton,LAC,ARI,RB,sim_receiving_longest_reception,11.6618,9
161982,Omarion Hampton,LAC,ARI,RB,sim_receiving_receptions,3.1198,3
161982,Omarion Hampton,LAC,ARI,RB,sim_receiving_yards,20.7326,16
161982,Omarion Hampton,LAC,ARI,RB,sim_rushing+receiving_yards,86.0804,81
161982,Omarion Hampton,LAC,ARI,RB,sim_rushing_attempts,15.0972,15
161982,Omarion Hampton,LAC,ARI,RB,sim_rushing_longest_rush,17.7756,15
161982,Omarion Hampton,LAC,ARI,RB,sim_rushing_yards,65.3478,61
161982,Omarion Hampton,LAC,ARI,RB,sim_total_yards,86.0804,81
161990,Jaxson Dart,NYG,DAL,QB,player_1st_td,-1,7.7
161990,Jaxson Dart,NYG,DAL,QB,player_anytime_td,-1,27.1
161990,Jaxson Dart,NYG,DAL,QB,player_last_td,-1,6
161990,Jaxson Dart,NYG,DAL,QB,sim_passing+rushing_yards,262.1994,259
161990,Jaxson Dart,NYG,DAL,QB,sim_passing_attempts,31.8404,32
161990,Jaxson Dart,NYG,DAL,QB,sim_passing_completions,20.0756,20
161990,Jaxson Dart,NYG,DAL,QB,sim_passing_interceptions,0.5652,0
161990,Jaxson Dart,NYG,DAL,QB,sim_passing_longest_completion,36.9508,35
161990,Jaxson Dart,NYG,DAL,QB,sim_passing_touchdowns,1.1322,1
161990,Jaxson Dart,NYG,DAL,QB,sim_passing_yards,215.8472,214
161990,Jaxson Dart,NYG,DAL,QB,sim_rushing_attempts,7.662,7
161990,Jaxson Dart,NYG,DAL,QB,sim_rushing_yards,46.3522,37
162040,Tyler Shough,NO,DET,QB,player_1st_td,-1,2.8
162040,Tyler Shough,NO,DET,QB,player_anytime_td,-1,13.8
162040,Tyler Shough,NO,DET,QB,player_last_td,-1,2.5
162040,Tyler Shough,NO,DET,QB,sim_passing+rushing_yards,247.7064,246.5
162040,Tyler Shough,NO,DET,QB,sim_passing_attempts,32.5648,32
162040,Tyler Shough,NO,DET,QB,sim_passing_completions,21.287,21
162040,Tyler Shough,NO,DET,QB,sim_passing_interceptions,0.6514,0
162040,Tyler Shough,NO,DET,QB,sim_passing_longest_completion,35.7188,33
162040,Tyler Shough,NO,DET,QB,sim_passing_touchdowns,1.1538,1
162040,Tyler Shough,NO,DET,QB,sim_passing_yards,215.9698,215
162040,Tyler Shough,NO,DET,QB,sim_rushing_attempts,5.6086,5
162040,Tyler Shough,NO,DET,QB,sim_rushing_longest_rush,16.7052,12
162040,Tyler Shough,NO,DET,QB,sim_rushing_yards,31.7366,26
162054,Harold Fannin Jr.,CLE,JAX,TE,player_1st_td,-1,4.9
162054,Harold Fannin Jr.,CLE,JAX,TE,player_anytime_td,-1,19.8
162054,Harold Fannin Jr.,CLE,JAX,TE,player_last_td,-1,5.9
162054,Harold Fannin Jr.,CLE,JAX,TE,sim_receiving_longest_reception,18.804,16
162054,Harold Fannin Jr.,CLE,JAX,TE,sim_receiving_receptions,4.5774,4
162054,Harold Fannin Jr.,CLE,JAX,TE,sim_receiving_yards,44.844,39
162055,Jack Bech,LV,MIA,WR,player_1st_td,-1,1.1
162055,Jack Bech,LV,MIA,WR,player_anytime_td,-1,4.6
162055,Jack Bech,LV,MIA,WR,player_last_td,-1,1.3
162055,Jack Bech,LV,MIA,WR,sim_receiving_longest_reception,11.2478,9
162055,Jack Bech,LV,MIA,WR,sim_receiving_receptions,1.7348,1
162055,Jack Bech,LV,MIA,WR,sim_receiving_yards,18.3826,11
162057,Jaylin Noel,HOU,BUF,WR,player_1st_td,-1,3.2
162057,Jaylin Noel,HOU,BUF,WR,player_anytime_td,-1,12
162057,Jaylin Noel,HOU,BUF,WR,player_last_td,-1,2.6
162057,Jaylin Noel,HOU,BUF,WR,sim_receiving_longest_reception,12.185,9
162057,Jaylin Noel,HOU,BUF,WR,sim_receiving_receptions,1.661,1
162057,Jaylin Noel,HOU,BUF,WR,sim_receiving_yards,19.0908,11
162058,Tre' Harris,LAC,ARI,WR,player_1st_td,-1,5.8
162058,Tre' Harris,LAC,ARI,WR,player_anytime_td,-1,21.2
162058,Tre' Harris,LAC,ARI,WR,player_last_td,-1,5
162058,Tre' Harris,LAC,ARI,WR,sim_receiving_longest_reception,18.6576,16
162058,Tre' Harris,LAC,ARI,WR,sim_receiving_receptions,2.7434,2
162058,Tre' Harris,LAC,ARI,WR,sim_receiving_yards,35.195,29
162059,RJ Harvey,DEN,KC,RB,player_1st_td,-1,7.5
162059,RJ Harvey,DEN,KC,RB,player_anytime_td,-1,29.8
162059,RJ Harvey,DEN,KC,RB,player_last_td,-1,8.8
162059,RJ Harvey,DEN,KC,RB,sim_receiving_receptions,2.3412,2
162059,RJ Harvey,DEN,KC,RB,sim_receiving_yards,16.6226,9
162059,RJ Harvey,DEN,KC,RB,sim_rushing+receiving_yards,44.3658,37
162059,RJ Harvey,DEN,KC,RB,sim_rushing_yards,27.7432,23
162060,Quinshon Judkins,CLE,JAX,RB,player_1st_td,-1,9.8
162060,Quinshon Judkins,CLE,JAX,RB,player_anytime_td,-1,32
162060,Quinshon Judkins,CLE,JAX,RB,player_last_td,-1,9.3
162060,Quinshon Judkins,CLE,JAX,RB,sim_receiving_receptions,1.9484,2
162060,Quinshon Judkins,CLE,JAX,RB,sim_receiving_yards,12.0966,8
162060,Quinshon Judkins,CLE,JAX,RB,sim_rushing+receiving_yards,82.9118,79
162060,Quinshon Judkins,CLE,JAX,RB,sim_rushing_attempts,16.379,16
162060,Quinshon Judkins,CLE,JAX,RB,sim_rushing_longest_rush,18.343,15
162060,Quinshon Judkins,CLE,JAX,RB,sim_rushing_yards,70.8152,67
162060,Quinshon Judkins,CLE,JAX,RB,sim_total_yards,82.9118,79
162061,Mason Taylor,NYJ,TEN,TE,player_1st_td,-1,3.6
162061,Mason Taylor,NYJ,TEN,TE,player_anytime_td,-1,13.2
162061,Mason Taylor,NYJ,TEN,TE,player_last_td,-1,3.8
162061,Mason Taylor,NYJ,TEN,TE,sim_receiving_longest_reception,13.1088,11
162061,Mason Taylor,NYJ,TEN,TE,sim_receiving_receptions,2.9684,3
162061,Mason Taylor,NYJ,TEN,TE,sim_receiving_yards,25.617,20
162063,Pat Bryant,DEN,KC,WR,player_1st_td,-1,2.8
162063,Pat Bryant,DEN,KC,WR,player_anytime_td,-1,13.5
162063,Pat Bryant,DEN,KC,WR,player_last_td,-1,3.9
162063,Pat Bryant,DEN,KC,WR,sim_receiving_receptions,2.5792,2
162063,Pat Bryant,DEN,KC,WR,sim_receiving_yards,30.3988,23
162079,Kaleb Johnson,GB,MIN,RB,player_1st_td,-1,1.4
162079,Kaleb Johnson,GB,MIN,RB,player_anytime_td,-1,7
162079,Kaleb Johnson,GB,MIN,RB,player_last_td,-1,1.5
162081,Luther Burden III,CHI,CAR,WR,player_1st_td,-1,5.3
162081,Luther Burden III,CHI,CAR,WR,player_anytime_td,-1,23.8
162081,Luther Burden III,CHI,CAR,WR,player_last_td,-1,6.1
162081,Luther Burden III,CHI,CAR,WR,sim_receiving_longest_reception,24.4838,22
162081,Luther Burden III,CHI,CAR,WR,sim_receiving_receptions,3.937,4
162081,Luther Burden III,CHI,CAR,WR,sim_receiving_yards,55.9676,48
162092,Isaac TeSlaa,DET,NO,WR,player_1st_td,-1,3.7
162092,Isaac TeSlaa,DET,NO,WR,player_anytime_td,-1,15.2
162092,Isaac TeSlaa,DET,NO,WR,player_last_td,-1,3.3
162092,Isaac TeSlaa,DET,NO,WR,sim_receiving_longest_reception,14.703,13
162092,Isaac TeSlaa,DET,NO,WR,sim_receiving_receptions,1.8702,2
162092,Isaac TeSlaa,DET,NO,WR,sim_receiving_yards,24.6284,17
162117,Tai Felton,MIN,GB,WR,player_1st_td,-1,0.4
162117,Tai Felton,MIN,GB,WR,player_anytime_td,-1,1.3
162117,Tai Felton,MIN,GB,WR,player_last_td,-1,0.3
162169,Cam Skattebo,NYG,DAL,RB,player_1st_td,-1,15.5
162169,Cam Skattebo,NYG,DAL,RB,player_anytime_td,-1,46.6
162169,Cam Skattebo,NYG,DAL,RB,player_last_td,-1,13.4
162169,Cam Skattebo,NYG,DAL,RB,sim_receiving_longest_reception,9.932,8
162169,Cam Skattebo,NYG,DAL,RB,sim_receiving_receptions,2.1234,2
162169,Cam Skattebo,NYG,DAL,RB,sim_receiving_yards,15.5196,10
162169,Cam Skattebo,NYG,DAL,RB,sim_rushing+receiving_yards,72.7038,68
162169,Cam Skattebo,NYG,DAL,RB,sim_rushing_attempts,13.2792,13
162169,Cam Skattebo,NYG,DAL,RB,sim_rushing_longest_rush,16.6058,14
162169,Cam Skattebo,NYG,DAL,RB,sim_rushing_yards,57.1842,53
162169,Cam Skattebo,NYG,DAL,RB,sim_total_yards,72.7038,68
162170,Dylan Sampson,CLE,JAX,RB,player_1st_td,-1,3.1
162170,Dylan Sampson,CLE,JAX,RB,player_anytime_td,-1,10.9
162170,Dylan Sampson,CLE,JAX,RB,player_last_td,-1,3.2
162171,Bhayshul Tuten,JAC,CLE,RB,player_1st_td,-1,13.3
162171,Bhayshul Tuten,JAC,CLE,RB,player_anytime_td,-1,34.8
162171,Bhayshul Tuten,JAC,CLE,RB,player_last_td,-1,12.2
162171,Bhayshul Tuten,JAC,CLE,RB,sim_receiving_receptions,1.8102,1
162171,Bhayshul Tuten,JAC,CLE,RB,sim_receiving_yards,13.4416,6
162171,Bhayshul Tuten,JAC,CLE,RB,sim_rushing+receiving_yards,49.4704,42
162171,Bhayshul Tuten,JAC,CLE,RB,sim_rushing_attempts,8.4758,8
162171,Bhayshul Tuten,JAC,CLE,RB,sim_rushing_longest_rush,13.4782,11
162171,Bhayshul Tuten,JAC,CLE,RB,sim_rushing_yards,36.0288,31
162173,Jalen Royals,KC,DEN,WR,player_1st_td,-1,0
162173,Jalen Royals,KC,DEN,WR,player_anytime_td,-1,0
162173,Jalen Royals,KC,DEN,WR,player_last_td,-1,0
162174,Woody Marks,HOU,BUF,RB,player_1st_td,-1,8.7
162174,Woody Marks,HOU,BUF,RB,player_anytime_td,-1,29.7
162174,Woody Marks,HOU,BUF,RB,player_last_td,-1,8.6
162174,Woody Marks,HOU,BUF,RB,sim_receiving_longest_reception,10.324,7
162174,Woody Marks,HOU,BUF,RB,sim_receiving_receptions,1.902,2
162174,Woody Marks,HOU,BUF,RB,sim_receiving_yards,15.8576,8
162174,Woody Marks,HOU,BUF,RB,sim_rushing+receiving_yards,51.987,45
162174,Woody Marks,HOU,BUF,RB,sim_rushing_attempts,8.4168,8
162174,Woody Marks,HOU,BUF,RB,sim_rushing_longest_rush,13.4588,11
162174,Woody Marks,HOU,BUF,RB,sim_rushing_yards,36.1294,31
162176,Gunnar Helm,TEN,NYJ,TE,player_1st_td,-1,3.7
162176,Gunnar Helm,TEN,NYJ,TE,player_anytime_td,-1,10.8
162176,Gunnar Helm,TEN,NYJ,TE,player_last_td,-1,3.1
162176,Gunnar Helm,TEN,NYJ,TE,sim_receiving_longest_reception,12.439,10
162176,Gunnar Helm,TEN,NYJ,TE,sim_receiving_receptions,2.428,2
162176,Gunnar Helm,TEN,NYJ,TE,sim_receiving_yards,21.6878,16
162177,Elic Ayomanor,TEN,NYJ,WR,player_1st_td,-1,0.3
162177,Elic Ayomanor,TEN,NYJ,WR,player_anytime_td,-1,1
162177,Elic Ayomanor,TEN,NYJ,WR,player_last_td,-1,0.3
162178,Jaylin Lane,WAS,PHI,WR,player_1st_td,-1,0
162178,Jaylin Lane,WAS,PHI,WR,player_anytime_td,-1,0
162178,Jaylin Lane,WAS,PHI,WR,player_last_td,-1,0
162179,Chimere Dike,TEN,NYJ,WR,player_1st_td,-1,2
162179,Chimere Dike,TEN,NYJ,WR,player_anytime_td,-1,5.7
162179,Chimere Dike,TEN,NYJ,WR,player_last_td,-1,1.6
162185,Arian Smith,NYJ,TEN,WR,player_1st_td,-1,0.2
162185,Arian Smith,NYJ,TEN,WR,player_anytime_td,-1,0.7
162185,Arian Smith,NYJ,TEN,WR,player_last_td,-1,0.2
162223,Mitchell Evans,CAR,CHI,TE,player_1st_td,-1,1.5
162223,Mitchell Evans,CAR,CHI,TE,player_anytime_td,-1,7
162223,Mitchell Evans,CAR,CHI,TE,player_last_td,-1,1.6
162227,Brashard Smith,KC,DEN,RB,player_1st_td,-1,0.8
162227,Brashard Smith,KC,DEN,RB,player_anytime_td,-1,3.2
162227,Brashard Smith,KC,DEN,RB,player_last_td,-1,0.8
162228,DJ Giddens,IND,BAL,RB,player_1st_td,-1,0.6
162228,DJ Giddens,IND,BAL,RB,player_anytime_td,-1,2.1
162228,DJ Giddens,IND,BAL,RB,player_last_td,-1,0.4
162230,Tez Johnson,TB,CIN,WR,player_1st_td,-1,1.3
162230,Tez Johnson,TB,CIN,WR,player_anytime_td,-1,7.8
162230,Tez Johnson,TB,CIN,WR,player_last_td,-1,1.8
162231,Tahj Brooks,CIN,TB,RB,player_1st_td,-1,0.7
162231,Tahj Brooks,CIN,TB,RB,player_anytime_td,-1,2.5
162231,Tahj Brooks,CIN,TB,RB,player_last_td,-1,0.4
162232,Kyle Monangai,CHI,CAR,RB,player_1st_td,-1,8.4
162232,Kyle Monangai,CHI,CAR,RB,player_anytime_td,-1,33.5
162232,Kyle Monangai,CHI,CAR,RB,player_last_td,-1,9.3
162232,Kyle Monangai,CHI,CAR,RB,sim_receiving_receptions,1.0984,1
162232,Kyle Monangai,CHI,CAR,RB,sim_receiving_yards,9.14,3
162232,Kyle Monangai,CHI,CAR,RB,sim_rushing+receiving_yards,44.6522,38
162232,Kyle Monangai,CHI,CAR,RB,sim_rushing_attempts,8.2964,8
162232,Kyle Monangai,CHI,CAR,RB,sim_rushing_longest_rush,13.3272,11
162232,Kyle Monangai,CHI,CAR,RB,sim_rushing_yards,35.5122,30
162233,Ollie Gordon II,MIA,LV,RB,player_1st_td,-1,0.4
162233,Ollie Gordon II,MIA,LV,RB,player_anytime_td,-1,2.2
162233,Ollie Gordon II,MIA,LV,RB,player_last_td,-1,0.6
162235,Jackson Hawes,BUF,HOU,TE,player_1st_td,-1,0.8
162235,Jackson Hawes,BUF,HOU,TE,player_anytime_td,-1,4.4
162235,Jackson Hawes,BUF,HOU,TE,player_last_td,-1,0.9
162237,Jimmy Horn Jr.,CAR,CHI,WR,player_1st_td,-1,0.4
162237,Jimmy Horn Jr.,CAR,CHI,WR,player_anytime_td,-1,1.5
162237,Jimmy Horn Jr.,CAR,CHI,WR,player_last_td,-1,0.4
162238,LeQuint Allen Jr.,JAC,CLE,RB,player_1st_td,-1,1.2
162238,LeQuint Allen Jr.,JAC,CLE,RB,player_anytime_td,-1,3.2
162238,LeQuint Allen Jr.,JAC,CLE,RB,player_last_td,-1,0.8
162249,Keandre Lambert-Smith,LAC,ARI,WR,player_1st_td,-1,0.4
162249,Keandre Lambert-Smith,LAC,ARI,WR,player_anytime_td,-1,1.7
162249,Keandre Lambert-Smith,LAC,ARI,WR,player_last_td,-1,0.3
162256,LaJohntay Wester,BAL,IND,WR,player_1st_td,-1,0
162256,LaJohntay Wester,BAL,IND,WR,player_anytime_td,-1,0
162256,LaJohntay Wester,BAL,IND,WR,player_last_td,-1,0
162258,Tyler Loop,BAL,IND,K,sim_extra_points_made,2.1084,2
162258,Tyler Loop,BAL,IND,K,sim_field_goals_made,1.3518,1
162258,Tyler Loop,BAL,IND,K,sim_kicking_total_points,6.1638,6
162259,Gavin Bartholomew,MIN,GB,TE,player_1st_td,-1,0
162259,Gavin Bartholomew,MIN,GB,TE,player_anytime_td,-1,0
162259,Gavin Bartholomew,MIN,GB,TE,player_last_td,-1,0
162339,Jacory Croskey-Merritt,WAS,PHI,RB,player_1st_td,-1,9.3
162339,Jacory Croskey-Merritt,WAS,PHI,RB,player_anytime_td,-1,33.2
162339,Jacory Croskey-Merritt,WAS,PHI,RB,player_last_td,-1,9.4
162339,Jacory Croskey-Merritt,WAS,PHI,RB,sim_receiving_yards,7.8488,3
162339,Jacory Croskey-Merritt,WAS,PHI,RB,sim_rushing+receiving_yards,53.8746,49
162339,Jacory Croskey-Merritt,WAS,PHI,RB,sim_rushing_attempts,10.758,10
162339,Jacory Croskey-Merritt,WAS,PHI,RB,sim_rushing_longest_rush,15.3964,13
162339,Jacory Croskey-Merritt,WAS,PHI,RB,sim_rushing_yards,46.0258,41
162341,Ben Yurosek,MIN,GB,TE,player_1st_td,-1,0.2
162341,Ben Yurosek,MIN,GB,TE,player_anytime_td,-1,1.3
162341,Ben Yurosek,MIN,GB,TE,player_last_td,-1,0.3
162372,Raheim Sanders,CLE,JAX,RB,player_1st_td,-1,0.3
162372,Raheim Sanders,CLE,JAX,RB,player_anytime_td,-1,0.9
162372,Raheim Sanders,CLE,JAX,RB,player_last_td,-1,0.2
162393,Ke'Shawn Williams,CIN,TB,WR,player_1st_td,-1,0
162393,Ke'Shawn Williams,CIN,TB,WR,player_anytime_td,-1,0
162393,Ke'Shawn Williams,CIN,TB,WR,player_last_td,-1,0
162571,Jake Briningstool,KC,DEN,TE,player_1st_td,-1,0
162571,Jake Briningstool,KC,DEN,TE,player_anytime_td,-1,0
162571,Jake Briningstool,KC,DEN,TE,player_last_td,-1,0
162599,Jackson Meeks,DET,NO,TE,player_1st_td,-1,0
162599,Jackson Meeks,DET,NO,TE,player_anytime_td,-1,0
162599,Jackson Meeks,DET,NO,TE,player_last_td,-1,0
162632,Keleki Latu,BUF,HOU,TE,player_1st_td,-1,0
162632,Keleki Latu,BUF,HOU,TE,player_anytime_td,-1,0
162632,Keleki Latu,BUF,HOU,TE,player_last_td,-1,0
162643,Myles Price,MIN,GB,WR,player_1st_td,-1,0
162643,Myles Price,MIN,GB,WR,player_anytime_td,-1,0
162643,Myles Price,MIN,GB,WR,player_last_td,-1,0
162680,Mark Redman,GB,MIN,TE,player_1st_td,-1,0
162680,Mark Redman,GB,MIN,TE,player_anytime_td,-1,0
162680,Mark Redman,GB,MIN,TE,player_last_td,-1,0
163090,Darius Cooper,PHI,WAS,WR,player_1st_td,-1,0
163090,Darius Cooper,PHI,WAS,WR,player_anytime_td,-1,0
163090,Darius Cooper,PHI,WAS,WR,player_last_td,-1,0
163585,Ryan Fitzgerald,CAR,CHI,K,sim_extra_points_made,1.8412,2
163585,Ryan Fitzgerald,CAR,CHI,K,sim_field_goals_made,1.554,1
163585,Ryan Fitzgerald,CAR,CHI,K,sim_kicking_total_points,6.5032,6
163645,Jahdae Walker,CHI,CAR,WR,player_1st_td,-1,0.3
163645,Jahdae Walker,CHI,CAR,WR,player_anytime_td,-1,0.9
163645,Jahdae Walker,CHI,CAR,WR,player_last_td,-1,0.2
171127,Isaiah Bond,CLE,JAX,WR,player_1st_td,-1,0
171127,Isaiah Bond,CLE,JAX,WR,player_anytime_td,-1,0
171127,Isaiah Bond,CLE,JAX,WR,player_last_td,-1,0
198057,Dohnte Meyers,CIN,TB,WR,player_1st_td,-1,0.2
198057,Dohnte Meyers,CIN,TB,WR,player_anytime_td,-1,1.2
198057,Dohnte Meyers,CIN,TB,WR,player_last_td,-1,0.3
208458,Makai Lemon,PHI,WAS,WR,player_1st_td,-1,3.9
208458,Makai Lemon,PHI,WAS,WR,player_anytime_td,-1,14.7
208458,Makai Lemon,PHI,WAS,WR,player_last_td,-1,3.7
208458,Makai Lemon,PHI,WAS,WR,sim_receiving_longest_reception,15.5486,14
208458,Makai Lemon,PHI,WAS,WR,sim_receiving_receptions,2.178,2
208458,Makai Lemon,PHI,WAS,WR,sim_receiving_yards,27.003,19
208460,Carnell Tate,TEN,NYJ,WR,player_1st_td,-1,6.8
208460,Carnell Tate,TEN,NYJ,WR,player_anytime_td,-1,21.2
208460,Carnell Tate,TEN,NYJ,WR,player_last_td,-1,6.4
208460,Carnell Tate,TEN,NYJ,WR,sim_receiving_longest_reception,20.498,18
208460,Carnell Tate,TEN,NYJ,WR,sim_receiving_receptions,3.6742,3
208460,Carnell Tate,TEN,NYJ,WR,sim_receiving_yards,44.8542,37
208461,Kenyon Sadiq,NYJ,TEN,TE,player_1st_td,-1,0
208461,Kenyon Sadiq,NYJ,TEN,TE,player_anytime_td,-1,0
208461,Kenyon Sadiq,NYJ,TEN,TE,player_last_td,-1,0
208461,Kenyon Sadiq,NYJ,TEN,TE,sim_receiving_longest_reception,8.5244,6
208461,Kenyon Sadiq,NYJ,TEN,TE,sim_receiving_receptions,1.338,1
208461,Kenyon Sadiq,NYJ,TEN,TE,sim_receiving_yards,12.6642,6
208462,KC Concepcion,CLE,JAX,WR,player_1st_td,-1,3.3
208462,KC Concepcion,CLE,JAX,WR,player_anytime_td,-1,13.4
208462,KC Concepcion,CLE,JAX,WR,player_last_td,-1,4.6
208462,KC Concepcion,CLE,JAX,WR,sim_receiving_longest_reception,19.345,18
208462,KC Concepcion,CLE,JAX,WR,sim_receiving_receptions,3.5066,3
208462,KC Concepcion,CLE,JAX,WR,sim_receiving_yards,41.302,35
208463,Jeremiyah Love,ARI,LAC,RB,player_1st_td,-1,7
208463,Jeremiyah Love,ARI,LAC,RB,player_anytime_td,-1,30.1
208463,Jeremiyah Love,ARI,LAC,RB,player_last_td,-1,7.5
208463,Jeremiyah Love,ARI,LAC,RB,sim_receiving_longest_reception,12.5108,10
208463,Jeremiyah Love,ARI,LAC,RB,sim_receiving_receptions,3.2764,3
208463,Jeremiyah Love,ARI,LAC,RB,sim_receiving_yards,23.0084,17
208463,Jeremiyah Love,ARI,LAC,RB,sim_rushing+receiving_yards,72.2226,68
208463,Jeremiyah Love,ARI,LAC,RB,sim_rushing_attempts,11.4756,11
208463,Jeremiyah Love,ARI,LAC,RB,sim_rushing_longest_rush,15.6646,13
208463,Jeremiyah Love,ARI,LAC,RB,sim_rushing_yards,49.2142,45
208492,Omar Cooper Jr.,NYJ,TEN,WR,player_1st_td,-1,2.1
208492,Omar Cooper Jr.,NYJ,TEN,WR,player_anytime_td,-1,7.6
208492,Omar Cooper Jr.,NYJ,TEN,WR,player_last_td,-1,2.1
208492,Omar Cooper Jr.,NYJ,TEN,WR,sim_receiving_receptions,1.3378,1
208492,Omar Cooper Jr.,NYJ,TEN,WR,sim_receiving_yards,16.2284,9
208560,Malachi Fields,NYG,DAL,WR,player_1st_td,-1,4.6
208560,Malachi Fields,NYG,DAL,WR,player_anytime_td,-1,19.1
208560,Malachi Fields,NYG,DAL,WR,player_last_td,-1,4.5
208560,Malachi Fields,NYG,DAL,WR,sim_receiving_longest_reception,17.6054,16
208560,Malachi Fields,NYG,DAL,WR,sim_receiving_receptions,2.6692,2
208560,Malachi Fields,NYG,DAL,WR,sim_receiving_yards,33.0916,26
208561,Oscar Delp,NO,DET,TE,player_anytime_td,-1,0
208563,Ja'Kobi Lane,BAL,IND,WR,player_1st_td,-1,3
208563,Ja'Kobi Lane,BAL,IND,WR,player_anytime_td,-1,13.5
208563,Ja'Kobi Lane,BAL,IND,WR,player_last_td,-1,2.9
208563,Ja'Kobi Lane,BAL,IND,WR,sim_receiving_longest_reception,14.1506,12
208563,Ja'Kobi Lane,BAL,IND,WR,sim_receiving_receptions,1.8748,2
208563,Ja'Kobi Lane,BAL,IND,WR,sim_receiving_yards,23.4112,16
208564,Denzel Boston,CLE,JAX,WR,player_1st_td,-1,2.2
208564,Denzel Boston,CLE,JAX,WR,player_anytime_td,-1,11.5
208564,Denzel Boston,CLE,JAX,WR,player_last_td,-1,3.6
208564,Denzel Boston,CLE,JAX,WR,sim_receiving_longest_reception,17.4072,16
208564,Denzel Boston,CLE,JAX,WR,sim_receiving_receptions,2.9684,3
208564,Denzel Boston,CLE,JAX,WR,sim_receiving_yards,34.7472,27
208565,Germie Bernard,PIT,ATL,WR,player_1st_td,-1,1.4
208565,Germie Bernard,PIT,ATL,WR,player_anytime_td,-1,5.4
208565,Germie Bernard,PIT,ATL,WR,player_last_td,-1,1.6
208567,Eli Stowers,PHI,WAS,TE,player_1st_td,-1,0
208567,Eli Stowers,PHI,WAS,TE,player_anytime_td,-1,0
208567,Eli Stowers,PHI,WAS,TE,player_last_td,-1,0
208574,Ted Hurst III,TB,CIN,WR,player_1st_td,-1,2.9
208574,Ted Hurst III,TB,CIN,WR,player_anytime_td,-1,14.9
208574,Ted Hurst III,TB,CIN,WR,player_last_td,-1,3.5
208579,Antonio Williams,WAS,PHI,WR,player_1st_td,-1,1.5
208579,Antonio Williams,WAS,PHI,WR,player_anytime_td,-1,7.4
208579,Antonio Williams,WAS,PHI,WR,player_last_td,-1,1.8
208580,Caleb Douglas,MIA,LV,WR,player_1st_td,-1,3.2
208580,Caleb Douglas,MIA,LV,WR,player_anytime_td,-1,14
208580,Caleb Douglas,MIA,LV,WR,player_last_td,-1,4.6
208580,Caleb Douglas,MIA,LV,WR,sim_receiving_longest_reception,17.5634,16
208580,Caleb Douglas,MIA,LV,WR,sim_receiving_receptions,2.9232,3
208580,Caleb Douglas,MIA,LV,WR,sim_receiving_yards,34.8892,28
208593,Zachariah Branch,ATL,PIT,WR,player_1st_td,-1,0.8
208593,Zachariah Branch,ATL,PIT,WR,player_anytime_td,-1,2.8
208593,Zachariah Branch,ATL,PIT,WR,player_last_td,-1,0.7
208595,Marlin Klein,HOU,BUF,TE,player_1st_td,-1,0
208595,Marlin Klein,HOU,BUF,TE,player_anytime_td,-1,0
208595,Marlin Klein,HOU,BUF,TE,player_last_td,-1,0
208596,Sam Roush,CHI,CAR,TE,player_1st_td,-1,0.4
208596,Sam Roush,CHI,CAR,TE,player_anytime_td,-1,1.8
208596,Sam Roush,CHI,CAR,TE,player_last_td,-1,0.3
208597,Nate Boerkircher,JAC,CLE,TE,player_1st_td,-1,1.1
208597,Nate Boerkircher,JAC,CLE,TE,player_anytime_td,-1,2.9
208597,Nate Boerkircher,JAC,CLE,TE,player_last_td,-1,0.9
208624,Chris Bell,MIA,LV,WR,player_1st_td,-1,2.9
208624,Chris Bell,MIA,LV,WR,player_anytime_td,-1,12.9
208624,Chris Bell,MIA,LV,WR,player_last_td,-1,3.7
208624,Chris Bell,MIA,LV,WR,sim_receiving_longest_reception,16.4628,15
208624,Chris Bell,MIA,LV,WR,sim_receiving_receptions,2.5734,2
208624,Chris Bell,MIA,LV,WR,sim_receiving_yards,30.6226,23
208630,Zavion Thomas,CHI,CAR,WR,player_1st_td,-1,1
208630,Zavion Thomas,CHI,CAR,WR,player_anytime_td,-1,6.2
208630,Zavion Thomas,CHI,CAR,WR,player_last_td,-1,1.4
208631,Will Kacmarek,MIA,LV,TE,player_1st_td,-1,0
208631,Will Kacmarek,MIA,LV,TE,player_anytime_td,-1,0
208631,Will Kacmarek,MIA,LV,TE,player_last_td,-1,0
208675,Jonah Coleman,DEN,KC,RB,player_1st_td,-1,0.7
208675,Jonah Coleman,DEN,KC,RB,player_anytime_td,-1,3.7
208675,Jonah Coleman,DEN,KC,RB,player_last_td,-1,1.1
208676,Elijah Sarratt,BAL,IND,WR,player_1st_td,-1,0
208676,Elijah Sarratt,BAL,IND,WR,player_anytime_td,-1,0
208676,Elijah Sarratt,BAL,IND,WR,player_last_td,-1,0
208677,Colbie Young,CIN,TB,WR,player_1st_td,-1,1.1
208677,Colbie Young,CIN,TB,WR,player_anytime_td,-1,4.8
208677,Colbie Young,CIN,TB,WR,player_last_td,-1,1.1
208681,Skyler Bell,BUF,HOU,WR,player_1st_td,-1,0.2
208681,Skyler Bell,BUF,HOU,WR,player_anytime_td,-1,1.4
208681,Skyler Bell,BUF,HOU,WR,player_last_td,-1,0.4
208682,Brenen Thompson,LAC,ARI,WR,player_1st_td,-1,0.9
208682,Brenen Thompson,LAC,ARI,WR,player_anytime_td,-1,4.4
208682,Brenen Thompson,LAC,ARI,WR,player_last_td,-1,1.3
208683,Bryce Lance,NO,DET,WR,player_1st_td,-1,1
208683,Bryce Lance,NO,DET,WR,player_anytime_td,-1,7.3
208683,Bryce Lance,NO,DET,WR,player_last_td,-1,1.8
208697,Mike Washington Jr.,LV,MIA,RB,player_1st_td,-1,5.8
208697,Mike Washington Jr.,LV,MIA,RB,player_anytime_td,-1,18.3
208697,Mike Washington Jr.,LV,MIA,RB,player_last_td,-1,5.6
208697,Mike Washington Jr.,LV,MIA,RB,sim_rushing_attempts,7.2732,7
208697,Mike Washington Jr.,LV,MIA,RB,sim_rushing_longest_rush,12.611,10
208697,Mike Washington Jr.,LV,MIA,RB,sim_rushing_yards,31.403,26
208698,Reggie Virgil,ARI,LAC,WR,player_1st_td,-1,0
208698,Reggie Virgil,ARI,LAC,WR,player_anytime_td,-1,0
208698,Reggie Virgil,ARI,LAC,WR,player_last_td,-1,0
208699,Kaden Wetjen,PIT,ATL,WR,player_1st_td,-1,0
208699,Kaden Wetjen,PIT,ATL,WR,player_anytime_td,-1,0
208699,Kaden Wetjen,PIT,ATL,WR,player_last_td,-1,0
208734,Barion Brown,NO,DET,WR,player_1st_td,-1,0.4
208734,Barion Brown,NO,DET,WR,player_anytime_td,-1,2.7
208734,Barion Brown,NO,DET,WR,player_last_td,-1,0.6
208735,Kaytron Allen,WAS,PHI,RB,player_1st_td,-1,0.5
208735,Kaytron Allen,WAS,PHI,RB,player_anytime_td,-1,2
208735,Kaytron Allen,WAS,PHI,RB,player_last_td,-1,0.4
208737,Jack Endries,CIN,TB,TE,player_1st_td,-1,0
208737,Jack Endries,CIN,TB,TE,player_anytime_td,-1,0
208737,Jack Endries,CIN,TB,TE,player_last_td,-1,0
208739,Demond Claiborne,MIN,GB,RB,player_1st_td,-1,0.2
208739,Demond Claiborne,MIN,GB,RB,player_anytime_td,-1,1.3
208739,Demond Claiborne,MIN,GB,RB,player_last_td,-1,0.3
208740,Tanner Koziol,JAC,CLE,TE,player_1st_td,-1,0.2
208740,Tanner Koziol,JAC,CLE,TE,player_anytime_td,-1,0.7
208740,Tanner Koziol,JAC,CLE,TE,player_last_td,-1,0.1
208742,Josh Cameron,JAC,CLE,WR,player_1st_td,-1,0.2
208742,Josh Cameron,JAC,CLE,WR,player_anytime_td,-1,0.6
208742,Josh Cameron,JAC,CLE,WR,player_last_td,-1,0.2
208744,Emmett Johnson,KC,DEN,RB,player_1st_td,-1,5.5
208744,Emmett Johnson,KC,DEN,RB,player_anytime_td,-1,17
208744,Emmett Johnson,KC,DEN,RB,player_last_td,-1,4.1
208746,Justin Joly,MIA,LV,TE,player_1st_td,-1,0
208746,Justin Joly,MIA,LV,TE,player_anytime_td,-1,0
208746,Justin Joly,MIA,LV,TE,player_last_td,-1,0
208762,Seth McGowan,IND,BAL,RB,player_1st_td,-1,2
208762,Seth McGowan,IND,BAL,RB,player_anytime_td,-1,8.2
208762,Seth McGowan,IND,BAL,RB,player_last_td,-1,1.9
208763,Malik Benson,LV,MIA,WR,player_1st_td,-1,2.2
208763,Malik Benson,LV,MIA,WR,player_anytime_td,-1,7.5
208763,Malik Benson,LV,MIA,WR,player_last_td,-1,2
208765,Bauer Sharp,TB,CIN,TE,player_1st_td,-1,0
208765,Bauer Sharp,TB,CIN,TE,player_anytime_td,-1,0
208765,Bauer Sharp,TB,CIN,TE,player_last_td,-1,0
208766,Seydou Traore,MIA,LV,TE,player_1st_td,-1,0.4
208766,Seydou Traore,MIA,LV,TE,player_anytime_td,-1,1.8
208766,Seydou Traore,MIA,LV,TE,player_last_td,-1,0.7
208767,Eli Heidenreich,PIT,ATL,RB,player_1st_td,-1,0.4
208767,Eli Heidenreich,PIT,ATL,RB,player_anytime_td,-1,1.1
208767,Eli Heidenreich,PIT,ATL,RB,player_last_td,-1,0.3
208769,Cyrus Allen,KC,DEN,WR,player_1st_td,-1,0.9
208769,Cyrus Allen,KC,DEN,WR,player_anytime_td,-1,4.1
208769,Cyrus Allen,KC,DEN,WR,player_last_td,-1,0.9
208787,Nicholas Singleton,TEN,NYJ,RB,player_1st_td,-1,1.3
208787,Nicholas Singleton,TEN,NYJ,RB,player_anytime_td,-1,4.2
208787,Nicholas Singleton,TEN,NYJ,RB,player_last_td,-1,1.3
208789,Max Bredeson,MIN,GB,RB,player_1st_td,-1,0
208789,Max Bredeson,MIN,GB,RB,player_anytime_td,-1,0
208789,Max Bredeson,MIN,GB,RB,player_last_td,-1,0
208790,Kevin Coleman Jr.,MIA,LV,WR,player_1st_td,-1,0
208790,Kevin Coleman Jr.,MIA,LV,WR,player_anytime_td,-1,0
208790,Kevin Coleman Jr.,MIA,LV,WR,player_last_td,-1,0
208791,Josh Cuevas,BAL,IND,TE,player_1st_td,-1,0
208791,Josh Cuevas,BAL,IND,TE,player_anytime_td,-1,0
208791,Josh Cuevas,BAL,IND,TE,player_last_td,-1,0
208794,Riley Nowakowski,PIT,ATL,RB,player_1st_td,-1,0
208794,Riley Nowakowski,PIT,ATL,RB,player_anytime_td,-1,0
208794,Riley Nowakowski,PIT,ATL,RB,player_last_td,-1,0
208808,Trey Smack,GB,MIN,K,sim_extra_points_made,1.9866,2
208808,Trey Smack,GB,MIN,K,sim_field_goals_made,1.5092,1
208808,Trey Smack,GB,MIN,K,sim_kicking_total_points,6.5142,6
208825,CJ Williams,JAC,CLE,WR,player_1st_td,-1,0
208825,CJ Williams,JAC,CLE,WR,player_anytime_td,-1,0
208825,CJ Williams,JAC,CLE,WR,player_last_td,-1,0
208842,Deion Burks,IND,BAL,WR,player_1st_td,-1,0
208842,Deion Burks,IND,BAL,WR,player_anytime_td,-1,0
208842,Deion Burks,IND,BAL,WR,player_last_td,-1,0
208851,Dallen Bentley,DEN,KC,TE,player_1st_td,-1,0
208851,Dallen Bentley,DEN,KC,TE,player_anytime_td,-1,0
208851,Dallen Bentley,DEN,KC,TE,player_last_td,-1,0
208856,Carsen Ryan,CLE,JAX,TE,player_1st_td,-1,0.2
208856,Carsen Ryan,CLE,JAX,TE,player_anytime_td,-1,0.8
208856,Carsen Ryan,CLE,JAX,TE,player_last_td,-1,0.2
209654,J. Michael Sturdivant,GB,MIN,WR,player_1st_td,-1,0
209654,J. Michael Sturdivant,GB,MIN,WR,player_anytime_td,-1,0
209654,J. Michael Sturdivant,GB,MIN,WR,player_last_td,-1,0
210911,Dominic Zvada,NYG,DAL,K,sim_extra_points_made,1.9388,2
210911,Dominic Zvada,NYG,DAL,K,sim_field_goals_made,1.615,1
210911,Dominic Zvada,NYG,DAL,K,sim_kicking_total_points,6.7838,7
210946,Drew Stevens,WAS,PHI,K,sim_extra_points_made,1.5806,1
210946,Drew Stevens,WAS,PHI,K,sim_field_goals_made,1.5554,1
210946,Drew Stevens,WAS,PHI,K,sim_kicking_total_points,6.2468,6
211610,DJ Herman,MIA,LV,RB,player_1st_td,-1,0
211610,DJ Herman,MIA,LV,RB,player_anytime_td,-1,0
211610,DJ Herman,MIA,LV,RB,player_last_td,-1,0
