"Player","Game","Start","Market","Side","Line","RTS Projection","Sportsbook","Price","Win%","EV%","Bet Link"
"Derrick Henry","BAL vs IND","1:00pm","Receiving Longest Reception","Under","8.5","8.1","BetRivers","108","62.5","30.00","https://il.betrivers.com/?page=sportsbook#event/1027663026?coupon=Single|4333348082|"
"Chase Brown","CIN vs TB","1:00pm","1st Td","Yes","0.5","","FanDuel","550","20","30.00","https://il.sportsbook.fanduel.com/addToBetslip?marketId=42.606884975&selectionId=48289051"
"Trevor Lawrence","JAC vs CLE","1:00pm","Passing Touchdowns","Under","1.5","1.1","BetOnline","-116","69.8","29.97",""
"Derrick Henry","BAL vs IND","1:00pm","Rushing Attempts","Under","17.5","15.4","BetOnline","-108","67.4","29.81",""
"Jahmyr Gibbs","DET vs NO","1:00pm","Last Td","Yes","0.5","","FanDuel","380","27","29.60","https://il.sportsbook.fanduel.com/addToBetslip?marketId=42.604065632&selectionId=42323726"
"Bhayshul Tuten","JAC vs CLE","1:00pm","Rushing+receiving Yards","Under","61.5","49.5","BetMGM","-115","69.3","29.56","https://sports.il.betmgm.com/en/sports?options=6:43660-3570899-5647871&type=Single"
"Christian Watson","GB vs MIN","4:25pm","Receiving Yards","Under","56.5","44.6","FanDuel","-114","69","29.53","https://il.sportsbook.fanduel.com/addToBetslip?marketId=42.603819157&selectionId=48400052"
"Cairo Santos","CHI vs CAR","1:00pm","Extra Points Made","Under","2.5","2.1","DraftKings","-103","65.6","29.29","https://sportsbook.draftkings.com/?outcomes=0QA362016242%232253285179_13L88808Q1-2034603101Q20"
"Cade Stover","HOU vs BUF","1:00pm","1st Td","Yes","0.5","","FanDuel","7500","1.7","29.20","https://il.sportsbook.fanduel.com/addToBetslip?marketId=42.603602848&selectionId=42217796"
"Josh Downs","IND vs BAL","1:00pm","1st Td","Yes","0.5","","Caesars","1800","6.8","29.20","https://sportsbook.caesars.com/us/il/bet/betslip?selectionIds=a7fdf036-78f4-38a1-b071-0d8dd23c3888"
"Josh Downs","IND vs BAL","1:00pm","1st Td","Yes","0.5","","DraftKings","1800","6.8","29.20","https://sportsbook.draftkings.com/?outcomes=0QA357446852%232251312974_13L88808Q1-654674812Q20"
"Ladd McConkey","LAC vs ARI","4:25pm","Receiving Receptions","Under","4.5","4.1","FanDuel","110","61.5","29.15","https://il.sportsbook.fanduel.com/addToBetslip?marketId=42.604299194&selectionId=42217172"
"Cameron Dicker","LAC vs ARI","4:25pm","Extra Points Made","Under","2.5","2.4","BetMGM","125","57.4","29.15","https://sports.il.betmgm.com/en/sports?options=6:43172-3572803-5652137&type=Single"
"George Pickens","DAL vs NYG","8:20pm","Receiving Yards","Under","67.5","55.4","DraftKings","-111","67.9","29.07","https://sportsbook.draftkings.com/?outcomes=0QA334626365%232151987798_13L88808Q1-1470625124Q20"
"Kyler Murray","MIN vs GB","4:25pm","Rushing Yards","Over","20.5","45.2","Fanatics","-150","77.4","29.00",""
"Tyler Shough","NO vs DET","1:00pm","Rushing Yards","Over","16.5","31.7","DraftKings","-113","68.4","28.93","https://sportsbook.draftkings.com/?outcomes=0QA361394741%232251003388_13L88808Q1-965966766Q20"
"Tyler Shough","NO vs DET","1:00pm","Rushing Yards","Over","16.5","31.7","FanDuel","-113","68.4","28.93","https://il.sportsbook.fanduel.com/addToBetslip?marketId=42.604067528&selectionId=41066836"
"Omarion Hampton","LAC vs ARI","4:25pm","Receiving Receptions","Over","2.5","3.1","BetMGM","125","57.3","28.92","https://sports.il.betmgm.com/en/sports?options=6:43172-3572781-5652090&type=Single"
"Jared Goff","DET vs NO","1:00pm","Passing Touchdowns","Under","1.5","1.5","FanDuel","146","52.4","28.90","https://il.sportsbook.fanduel.com/addToBetslip?marketId=42.604065643&selectionId=12135314"
"George Pickens","DAL vs NYG","8:20pm","Receiving Yards","Under","65.5","55.4","Fanatics","-105","66","28.86",""
"Colston Loveland","CHI vs CAR","1:00pm","Receiving Yards","Under","54.5","43.9","BetMGM","-115","68.9","28.81","https://sports.il.betmgm.com/en/sports?options=6:43156-3569146-5644116&type=Single"
"Jake Bates","DET vs NO","1:00pm","Kicking Total Points","Under","8.5","6.5","Fanatics","-140","75.1","28.74",""
"Tee Higgins","CIN vs TB","1:00pm","Receiving Yards","Under","61.5","49.0","BetRivers","-115","68.8","28.63","https://il.betrivers.com/?page=sportsbook#event/1027663019?coupon=Single|4329108938|"
"Jake Bates","DET vs NO","1:00pm","Extra Points Made","Under","2.5","2.5","BetMGM","145","52.5","28.63","https://sports.il.betmgm.com/en/sports?options=6:43161-3570637-5647185&type=Single"
"Tyler Shough","NO vs DET","1:00pm","Rushing Attempts","Over","4.5","5.6","DraftKings","114","60.1","28.61","https://sportsbook.draftkings.com/?outcomes=0QA361394946%232250863748_13L88808Q1-1027069961Q20"
"Bo Nix","DEN vs KC","8:15pm","Rushing Yards","Over","15.5","32.1","BetOnline","-114","68.5","28.59",""
"Bo Nix","DEN vs KC","8:15pm","Rushing Yards","Over","15.5","32.1","FanDuel","-114","68.5","28.59","https://il.sportsbook.fanduel.com/addToBetslip?marketId=42.603597183&selectionId=41331175"
"Colston Loveland","CHI vs CAR","1:00pm","Receiving Yards","Under","53.5","43.9","FanDuel","-113","68.2","28.55","https://il.sportsbook.fanduel.com/addToBetslip?marketId=42.604192371&selectionId=60018717"
"Jayden Reed","GB vs MIN","4:25pm","Receiving Receptions","Under","3.5","3.4","BetOnline","122","57.9","28.54",""
"George Pickens","DAL vs NYG","8:20pm","Receiving Yards","Under","67.5","55.4","BetOnline","-112","67.9","28.53",""
"Deshaun Watson","CLE vs JAX","1:00pm","Rushing Yards","Under","18.5","15.3","DraftKings","-113","68.1","28.37","https://sportsbook.draftkings.com/?outcomes=0QA362720466%232265294090_13L88808Q1465511396Q20"
"CeeDee Lamb","DAL vs NYG","8:20pm","Receiving Receptions","Under","6.5","4.4","FanDuel","-166","80.1","28.35","https://il.sportsbook.fanduel.com/addToBetslip?marketId=42.602806062&selectionId=35952242"
"Omarion Hampton","LAC vs ARI","4:25pm","Receiving Receptions","Over","2.5","3.1","FanDuel","124","57.3","28.35","https://il.sportsbook.fanduel.com/addToBetslip?marketId=42.606087747&selectionId=48691362"
"Tony Pollard","TEN vs NYJ","1:00pm","Receiving Yards","Under","9.5","8.5","DraftKings","-111","67.5","28.31","https://sportsbook.draftkings.com/?outcomes=0QA362384002%232265824019_13L88808Q1-693409088Q20"
"Derrick Henry","BAL vs IND","1:00pm","Rushing Yards","Under","79.5","66.4","BetRivers","-115","68.6","28.25","https://il.betrivers.com/?page=sportsbook#event/1027663026?coupon=Single|4318734376|"
"Bryce Young","CAR vs CHI","1:00pm","Passing Attempts","Over","30.5","33.6","BetOnline","-114","68.3","28.21",""
"Bryce Young","CAR vs CHI","1:00pm","Passing Attempts","Over","30.5","33.6","DraftKings","-114","68.3","28.21","https://sportsbook.draftkings.com/?outcomes=0QA362016972%232258444079_13L88808Q1-1779018863Q20"
"Kalif Raymond","CHI vs CAR","1:00pm","Receiving Receptions","Under","1.5","1.3","BetOnline","-103","65","28.11",""
"Tank Bigsby","PHI vs WAS","4:25pm","Rushing Yards","Under","17.5","15.3","DraftKings","-110","67.1","28.10","https://sportsbook.draftkings.com/?outcomes=0QA361489394%232251260995_13L88808Q1-1814404542Q20"
"Kenyon Sadiq","NYJ vs TEN","1:00pm","Receiving Longest Reception","Under","10.5","8.5","DraftKings","-110","67.1","28.10","https://sportsbook.draftkings.com/?outcomes=0QA362419149%232254876162_13L88808Q12140305097Q20"
"Jahan Dotson","ATL vs PIT","1:00pm","Receiving Receptions","Under","1.5","1.3","BetOnline","-105","65.6","28.08",""
"Bo Nix","DEN vs KC","8:15pm","Rushing Yards","Over","15.5","32.1","BetRivers","-115","68.5","28.07","https://il.betrivers.com/?page=sportsbook#event/1027663046?coupon=Single|4316033724|"
"Cade Stover","HOU vs BUF","1:00pm","Anytime Td","Yes","0.5","","Fanatics","1900","6.4","28.00",""
"Chase Brown","CIN vs TB","1:00pm","1st Td","Yes","0.5","","BetRivers","540","20","28.00","https://il.betrivers.com/?page=sportsbook#event/1027663019?coupon=Single|4318726056|"
"Dak Prescott","DAL vs NYG","8:20pm","Passing Completions","Under","23.5","20.6","DraftKings","-129","72.1","27.99","https://sportsbook.draftkings.com/?outcomes=0QA334625975%232262508008_13L88808Q1-1339975206Q20"
"Trevor Lawrence","JAC vs CLE","1:00pm","Passing Touchdowns","Under","1.5","1.1","BetMGM","-120","69.8","27.97","https://sports.il.betmgm.com/en/sports?options=6:43660-3562652-5628526&type=Single"
"Adam Trautman","DEN vs KC","8:15pm","Receiving Receptions","Under","0.5","0.9","BetMGM","180","45.7","27.96","https://sports.il.betmgm.com/en/sports?options=6:43160-3573121-5652934&type=Single"
"Tyler Bass","BUF vs HOU","1:00pm","Extra Points Made","Under","2.5","1.9","DraftKings","-126","71.3","27.89","https://sportsbook.draftkings.com/?outcomes=0QA361833896%232252526138_13L88808Q1-2034603101Q20"
"Tyler Shough","NO vs DET","1:00pm","Rushing Yards","Over","16.5","31.7","BetMGM","-115","68.4","27.88","https://sports.il.betmgm.com/en/sports?options=6:43161-3562521-5628265&type=Single"
"Saquon Barkley","PHI vs WAS","4:25pm","Rushing Attempts","Under","17.5","16.0","DraftKings","102","63.3","27.87","https://sportsbook.draftkings.com/?outcomes=0QA361490330%232251287857_13L88808Q1-1918056193Q20"
"Deshaun Watson","CLE vs JAX","1:00pm","Rushing Yards","Under","18.5","15.3","BetOnline","-114","68.1","27.84",""
"D'Andre Swift","CHI vs CAR","1:00pm","Rushing Yards","Under","63.5","53.7","BetRivers","-114","68.1","27.84","https://il.betrivers.com/?page=sportsbook#event/1027663018?coupon=Single|4332078746|"
"Derrick Henry","BAL vs IND","1:00pm","Rushing Yards","Under","78.5","66.4","FanDuel","-113","67.8","27.80","https://il.sportsbook.fanduel.com/addToBetslip?marketId=42.604088063&selectionId=12073826"
"Colston Loveland","CHI vs CAR","1:00pm","Receiving Yards","Under","54.5","43.9","BetRivers","-117","68.9","27.79","https://il.betrivers.com/?page=sportsbook#event/1027663018?coupon=Single|4333238382|"
"Jordan Love","GB vs MIN","4:25pm","Passing Attempts","Under","33.5","30.6","BetMGM","-120","69.7","27.78","https://sports.il.betmgm.com/en/sports?options=6:43173-3572950-5652497&type=Single"
"Tony Pollard","TEN vs NYJ","1:00pm","Rushing Yards","Over","50.5","68.6","DraftKings","-110","66.9","27.72","https://sportsbook.draftkings.com/?outcomes=0QA362383979%232254880917_13L88808Q1-1943980164Q20"
"Bo Nix","DEN vs KC","8:15pm","Rushing Yards","Over","16.5","32.1","DraftKings","-108","66.3","27.69","https://sportsbook.draftkings.com/?outcomes=0QA334623181%232237964221_13L88808Q1-965966766Q20"
"Bijan Robinson","ATL vs PIT","1:00pm","Rushing Attempts","Under","18.5","16.6","BetOnline","-105","65.4","27.69",""
"Bijan Robinson","ATL vs PIT","1:00pm","Rushing Attempts","Under","18.5","16.6","DraftKings","-105","65.4","27.69","https://sportsbook.draftkings.com/?outcomes=0QA362098063%232253596243_13L88808Q12087809770Q20"
"Bijan Robinson","ATL vs PIT","1:00pm","Rushing Attempts","Under","18.5","16.6","Fanatics","-105","65.4","27.69",""
"Jonathon Brooks","CAR vs CHI","1:00pm","1st Td","Yes","0.5","","Fanatics","1050","11.1","27.65",""
"Tee Higgins","CIN vs TB","1:00pm","Receiving Yards","Under","60.5","49.0","BetOnline","-114","68","27.65",""
"Darren Waller","CAR vs CHI","1:00pm","Receiving Yards","Under","16.5","14.6","BetRivers","-112","67.4","27.58","https://il.betrivers.com/?page=sportsbook#event/1027663018?coupon=Single|4333238146|"
"Amon-Ra St. Brown","DET vs NO","1:00pm","Receiving Yards","Under","80.5","66.3","BetMGM","-115","68.2","27.50","https://sports.il.betmgm.com/en/sports?options=6:43161-3572104-5650290&type=Single"
"Christian Watson","GB vs MIN","4:25pm","Receiving Yards","Under","55.5","44.6","BetMGM","-115","68.2","27.50","https://sports.il.betmgm.com/en/sports?options=6:43173-3563058-5629246&type=Single"
"Christian Watson","GB vs MIN","4:25pm","Receiving Yards","Under","55.5","44.6","Fanatics","-115","68.2","27.50",""
"Jake Elliott","PHI vs WAS","4:25pm","Kicking Total Points","Under","7.5","6.4","BetMGM","-105","65.3","27.49","https://sports.il.betmgm.com/en/sports?options=6:43158-3573067-5652828&type=Single"
"Lamar Jackson","BAL vs IND","1:00pm","Passing Attempts","Over","27.5","29.9","BetMGM","-105","65.3","27.49","https://sports.il.betmgm.com/en/sports?options=6:43164-3562578-5628377&type=Single"
"Trevor Lawrence","JAC vs CLE","1:00pm","Passing Touchdowns","Under","1.5","1.1","BetRivers","-121","69.8","27.49","https://il.betrivers.com/?page=sportsbook#event/1027663027?coupon=Single|4318895856|"
"Dak Prescott","DAL vs NYG","8:20pm","Passing Yards","Under","263.5","226.5","FanDuel","-114","67.9","27.46","https://il.sportsbook.fanduel.com/addToBetslip?marketId=42.602803442&selectionId=11889992"
"George Pickens","DAL vs NYG","8:20pm","Receiving Yards","Under","67.5","55.4","BetRivers","-114","67.9","27.46","https://il.betrivers.com/?page=sportsbook#event/1027638967?coupon=Single|4326931588|"
"George Pickens","DAL vs NYG","8:20pm","Receiving Yards","Under","67.5","55.4","FanDuel","-114","67.9","27.46","https://il.sportsbook.fanduel.com/addToBetslip?marketId=42.602809380&selectionId=42217165"
"Deshaun Watson","CLE vs JAX","1:00pm","Passing Yards","Over","177.5","217.0","DraftKings","-112","67.3","27.39","https://sportsbook.draftkings.com/?outcomes=0QA362720477%232265863037_13L88808Q162783459Q20"
"Chase Brown","CIN vs TB","1:00pm","Receiving Longest Reception","Under","13.5","11.5","BetRivers","-130","72","27.38","https://il.betrivers.com/?page=sportsbook#event/1027663019?coupon=Single|4333350598|"
"Jayden Reed","GB vs MIN","4:25pm","Receiving Receptions","Under","3.5","3.4","DraftKings","120","57.9","27.38","https://sportsbook.draftkings.com/?outcomes=0QA362078998%232253540370_13L88808Q1-616481466Q20"
"Jeremiyah Love","ARI vs LAC","4:25pm","Receiving Receptions","Over","2.5","3.3","DraftKings","114","59.5","27.33","https://sportsbook.draftkings.com/?outcomes=0QA362403806%232254817387_13L88808Q1-2107084182Q20"
"Deshaun Watson","CLE vs JAX","1:00pm","Passing Yards","Over","175.5","217.0","BetMGM","-115","68.1","27.32","https://sports.il.betmgm.com/en/sports?options=6:43660-3563729-5631432&type=Single"
"Chris Olave","NO vs DET","1:00pm","Receiving Yards","Under","77.5","64.4","BetMGM","-115","68.1","27.32","https://sports.il.betmgm.com/en/sports?options=6:43161-3562536-5628296&type=Single"
"Chase Brown","CIN vs TB","1:00pm","Receiving Yards","Under","24.5","22.1","BetOnline","-106","65.5","27.29",""
"Tony Pollard","TEN vs NYJ","1:00pm","Receiving Yards","Under","9.5","8.5","FanDuel","-113","67.5","27.23","https://il.sportsbook.fanduel.com/addToBetslip?marketId=42.606083011&selectionId=26271307"
"Josh Allen","BUF vs HOU","1:00pm","Rushing Attempts","Over","6.5","8.7","BetOnline","-119","69.1","27.17",""
"Daniel Bellinger","TEN vs NYJ","1:00pm","1st Td","Yes","0.5","","BetRivers","4000","3.1","27.10","https://il.betrivers.com/?page=sportsbook#event/1027663023?coupon=Single|4320267404|"
"Daniel Bellinger","TEN vs NYJ","1:00pm","1st Td","Yes","0.5","","DraftKings","4000","3.1","27.10","https://sportsbook.draftkings.com/?outcomes=0QA357445998%232254735809_13L88808Q1-122589830Q20"
"Derrick Henry","BAL vs IND","1:00pm","Rushing+receiving Yards","Under","91.5","77.5","DraftKings","-114","67.7","27.09","https://sportsbook.draftkings.com/?outcomes=0QA361504711%232251329460_13L88808Q1-1956418543Q20"
"Darren Waller","CAR vs CHI","1:00pm","Receiving Yards","Under","16.5","14.6","FanDuel","-113","67.4","27.05","https://il.sportsbook.fanduel.com/addToBetslip?marketId=42.607328088&selectionId=26035077"
"Kenyon Sadiq","NYJ vs TEN","1:00pm","Receiving Yards","Under","14.5","12.7","FanDuel","-113","67.4","27.05","https://il.sportsbook.fanduel.com/addToBetslip?marketId=42.607380485&selectionId=102712246"
"Evan McPherson","CIN vs TB","1:00pm","Kicking Total Points","Under","8.5","6.5","Fanatics","-140","74.1","27.03",""
"Trevor Lawrence","JAC vs CLE","1:00pm","Passing Touchdowns","Under","1.5","1.1","FanDuel","-122","69.8","27.01","https://il.sportsbook.fanduel.com/addToBetslip?marketId=42.604229515&selectionId=22336736"
"Tank Bigsby","PHI vs WAS","4:25pm","Rushing Yards","Under","17.5","15.3","BetRivers","-112","67.1","27.01","https://il.betrivers.com/?page=sportsbook#event/1027663021?coupon=Single|4334161435|"
"Dak Prescott","DAL vs NYG","8:20pm","Passing Yards","Under","260.5","226.5","DraftKings","-111","66.8","26.98","https://sportsbook.draftkings.com/?outcomes=0QA334625576%232263042190_13L88808Q1-282166128Q20"
"D'Andre Swift","CHI vs CAR","1:00pm","Rushing+receiving Yards","Under","81.5","70.3","DraftKings","-111","66.8","26.98","https://sportsbook.draftkings.com/?outcomes=0QA362016415%232275640848_13L88808Q1-1843704132Q20"
"D'Andre Swift","CHI vs CAR","1:00pm","Rushing Attempts","Under","14.5","12.6","BetOnline","-111","66.8","26.98",""
"Darren Waller","CAR vs CHI","1:00pm","Receiving Longest Reception","Under","11.5","9.5","BetMGM","-110","66.5","26.95","https://sports.il.betmgm.com/en/sports?options=6:43156-3572199-5650497&type=Single"
"George Pickens","DAL vs NYG","8:20pm","Receiving Yards","Under","67.5","55.4","BetMGM","-115","67.9","26.94","https://sports.il.betmgm.com/en/sports?options=6:43157-3569294-5644423&type=Single"
"Chris Rodriguez Jr.","JAC vs CLE","1:00pm","Rushing Attempts","Over","9.5","11.6","BetMGM","-105","65","26.90","https://sports.il.betmgm.com/en/sports?options=6:43660-3572332-5650821&type=Single"
"Jahmyr Gibbs","DET vs NO","1:00pm","Last Td","Yes","0.5","","DraftKings","370","27","26.90","https://sportsbook.draftkings.com/?outcomes=0QA366564273%232271364168_13L88808Q1-1599401592Q20"
"Tyler Shough","NO vs DET","1:00pm","Rushing Yards","Over","16.5","31.7","BetRivers","-117","68.4","26.86","https://il.betrivers.com/?page=sportsbook#event/1027663022?coupon=Single|4333194798|"
"Derrick Henry","BAL vs IND","1:00pm","Rushing Yards","Under","78.5","66.4","BetMGM","-115","67.8","26.76","https://sports.il.betmgm.com/en/sports?options=6:43164-3562585-5628392&type=Single"
"Jake Elliott","PHI vs WAS","4:25pm","Field Goals Made","Under","1.5","1.4","BetMGM","125","56.3","26.67","https://sports.il.betmgm.com/en/sports?options=6:43158-3573068-5652830&type=Single"
"Tyler Shough","NO vs DET","1:00pm","Rushing Longest Rush","Over","9.5","16.7","DraftKings","-116","68","26.62","https://sportsbook.draftkings.com/?outcomes=0QA361394495%232250942959_13L88808Q1-273915684Q20"
"Josh Allen","BUF vs HOU","1:00pm","Rushing Yards","Over","28.5","53.6","BetRivers","-118","68.5","26.55","https://il.betrivers.com/?page=sportsbook#event/1027663020?coupon=Single|4325144691|"
"Kenyon Sadiq","NYJ vs TEN","1:00pm","Receiving Yards","Under","14.5","12.7","BetOnline","-114","67.4","26.52",""
"Deshaun Watson","CLE vs JAX","1:00pm","Passing Longest Completion","Over","28.5","35.0","DraftKings","-107","65.4","26.52","https://sportsbook.draftkings.com/?outcomes=0QA362720446%232265225361_13L88808Q1-390839211Q20"
"Emmett Johnson","KC vs DEN","8:15pm","1st Td","Yes","0.5","","BetRivers","2200","5.5","26.50","https://il.betrivers.com/?page=sportsbook#event/1027663046?coupon=Single|4318842620|"
"Emmett Johnson","KC vs DEN","8:15pm","1st Td","Yes","0.5","","Fanatics","2200","5.5","26.50",""
"Chris Olave","NO vs DET","1:00pm","Receiving Yards","Under","76.5","64.4","FanDuel","-113","67.1","26.48","https://il.sportsbook.fanduel.com/addToBetslip?marketId=42.604067843&selectionId=41158859"
"Dak Prescott","DAL vs NYG","8:20pm","Passing Yards","Under","263.5","226.5","BetOnline","-116","67.9","26.43",""
"Tee Higgins","CIN vs TB","1:00pm","Receiving Longest Reception","Under","23.5","21.0","DraftKings","-107","65.3","26.33","https://sportsbook.draftkings.com/?outcomes=0QA361398106%232265165716_13L88808Q1-696479524Q20"
"Chris Olave","NO vs DET","1:00pm","Receiving Yards","Under","75.5","64.4","DraftKings","-110","66.1","26.19","https://sportsbook.draftkings.com/?outcomes=0QA361394498%232265823882_13L88808Q1-697202641Q20"
"Tony Pollard","TEN vs NYJ","1:00pm","Rushing Yards","Over","50.5","68.6","FanDuel","-113","66.9","26.10","https://il.sportsbook.fanduel.com/addToBetslip?marketId=42.604334905&selectionId=26271306"
"Justice Hill","BAL vs IND","1:00pm","Anytime Td","Yes","0.5","","DraftKings","550","19.4","26.10","https://sportsbook.draftkings.com/?outcomes=0QA361505183%232251317261_13L88808Q11994625172Q20"
"Justice Hill","BAL vs IND","1:00pm","Anytime Td","Yes","0.5","","FanDuel","550","19.4","26.10","https://il.sportsbook.fanduel.com/addToBetslip?marketId=42.604085334&selectionId=16552616"
"Omarion Hampton","LAC vs ARI","4:25pm","Receiving Receptions","Over","2.5","3.1","BetOnline","120","57.3","26.06",""
"Darren Waller","CAR vs CHI","1:00pm","Receiving Yards","Under","16.5","14.6","BetMGM","-115","67.4","26.01","https://sports.il.betmgm.com/en/sports?options=6:43156-3572200-5650499&type=Single"
"Darren Waller","CAR vs CHI","1:00pm","Receiving Yards","Under","16.5","14.6","BetOnline","-115","67.4","26.01",""
"Kenyon Sadiq","NYJ vs TEN","1:00pm","Receiving Yards","Under","14.5","12.7","DraftKings","-115","67.4","26.01","https://sportsbook.draftkings.com/?outcomes=0QA362419144%232254878348_13L88808Q1-131433868Q20"
"Tre Tucker","LV vs MIA","4:25pm","1st Td","Yes","0.5","","Caesars","1100","10.5","26.00","https://sportsbook.caesars.com/us/il/bet/betslip?selectionIds=63d60ed4-4c0e-37dd-95f8-89793cf52919"
"De'Von Achane","MIA vs LV","4:25pm","Rushing Yards","Under","69.5","60.0","DraftKings","-110","66","26.00","https://sportsbook.draftkings.com/?outcomes=0QA362371388%232266060731_13L88808Q12069680442Q20"
"Colston Loveland","CHI vs CAR","1:00pm","Receiving Yards","Under","55.5","43.9","BetOnline","-125","70","26.00",""
"Baker Mayfield","TB vs CIN","1:00pm","Rushing Yards","Under","17.5","15.1","BetOnline","-114","67.1","25.96",""
"Chris Olave","NO vs DET","1:00pm","Receiving Yards","Under","76.5","64.4","BetOnline","-114","67.1","25.96",""
"Tank Bigsby","PHI vs WAS","4:25pm","Rushing Yards","Under","17.5","15.3","BetOnline","-114","67.1","25.96",""
"Tank Bigsby","PHI vs WAS","4:25pm","Rushing Yards","Under","17.5","15.3","FanDuel","-114","67.1","25.96","https://il.sportsbook.fanduel.com/addToBetslip?marketId=42.607444306&selectionId=41173126"
"Deshaun Watson","CLE vs JAX","1:00pm","Passing Yards","Over","178.5","217.0","FanDuel","-113","66.8","25.92","https://il.sportsbook.fanduel.com/addToBetslip?marketId=42.604229514&selectionId=12302595"
"D'Andre Swift","CHI vs CAR","1:00pm","Rushing+receiving Yards","Under","81.5","70.3","BetRivers","-113","66.8","25.92","https://il.betrivers.com/?page=sportsbook#event/1027663018?coupon=Single|4333238483|"
"Justice Hill","BAL vs IND","1:00pm","Rushing Yards","Over","8.5","19.9","FanDuel","-113","66.8","25.92","https://il.sportsbook.fanduel.com/addToBetslip?marketId=42.606148167&selectionId=16552642"
"Bo Nix","DEN vs KC","8:15pm","Rushing Attempts","Over","3.5","5.7","DraftKings","-147","74.9","25.85","https://sportsbook.draftkings.com/?outcomes=0QA334622988%232151974840_13L88808Q11908348221Q20"
"Tony Pollard","TEN vs NYJ","1:00pm","Receiving Longest Reception","Under","7.5","6.1","DraftKings","-123","69.4","25.82","https://sportsbook.draftkings.com/?outcomes=0QA362383971%232265824183_13L88808Q1848583925Q20"
"Quinshon Judkins","CLE vs JAX","1:00pm","Rushing Longest Rush","Over","12.5","18.3","BetRivers","-115","67.3","25.82","https://il.betrivers.com/?page=sportsbook#event/1027663027?coupon=Single|4332920845|"
"Colston Loveland","CHI vs CAR","1:00pm","Receiving Receptions","Under","4.5","4.0","FanDuel","-102","63.5","25.75","https://il.sportsbook.fanduel.com/addToBetslip?marketId=42.604192375&selectionId=60018717"
"Cam Little","JAC vs CLE","1:00pm","Kicking Total Points","Under","7.5","6.5","DraftKings","-104","64.1","25.73","https://sportsbook.draftkings.com/?outcomes=0QA362019779%232282345518_13L88808Q1862408369Q20"
"Cairo Santos","CHI vs CAR","1:00pm","Kicking Total Points","Under","7.5","6.5","BetMGM","-105","64.4","25.73","https://sports.il.betmgm.com/en/sports?options=6:43156-3570499-5646916&type=Single"
"Tony Pollard","TEN vs NYJ","1:00pm","Receiving Yards","Under","9.5","8.5","BetOnline","-116","67.5","25.69",""
"Chase Brown","CIN vs TB","1:00pm","Receiving Yards","Under","24.5","22.1","DraftKings","-109","65.5","25.59","https://sportsbook.draftkings.com/?outcomes=0QA361398055%232254843525_13L88808Q1-1227783981Q20"
"Patrick Mahomes","KC vs DEN","8:15pm","Passing Attempts","Over","31.5","35.1","BetOnline","-127","70.2","25.48",""
"Baker Mayfield","TB vs CIN","1:00pm","Rushing Yards","Under","17.5","15.1","DraftKings","-115","67.1","25.45","https://sportsbook.draftkings.com/?outcomes=0QA361398813%232254878506_13L88808Q1-1814404542Q20"
"Kenyon Sadiq","NYJ vs TEN","1:00pm","Receiving Longest Reception","Under","10.5","8.5","BetRivers","-115","67.1","25.45","https://il.betrivers.com/?page=sportsbook#event/1027663023?coupon=Single|4333412911|"
"Devaughn Vele","NO vs DET","1:00pm","Receiving Yards","Under","42.5","36.7","BetOnline","-110","65.7","25.43",""
"Deshaun Watson","CLE vs JAX","1:00pm","Passing Yards","Over","178.5","217.0","BetOnline","-114","66.8","25.40",""
"D'Andre Swift","CHI vs CAR","1:00pm","Rushing Attempts","Under","14.5","12.6","DraftKings","-114","66.8","25.40","https://sportsbook.draftkings.com/?outcomes=0QA362016866%232255867038_13L88808Q11811966740Q20"
"D'Andre Swift","CHI vs CAR","1:00pm","Rushing Yards","Under","62.5","53.7","DraftKings","-114","66.8","25.40","https://sportsbook.draftkings.com/?outcomes=0QA362016728%232255882675_13L88808Q1-19648467Q20"
"Tony Pollard","TEN vs NYJ","1:00pm","Receiving Longest Reception","Under","7.5","6.1","BetRivers","-124","69.4","25.37","https://il.betrivers.com/?page=sportsbook#event/1027663023?coupon=Single|4333416255|"
"Cade Otton","TB vs CIN","1:00pm","Receiving Yards","Under","32.5","28.5","BetOnline","-111","65.9","25.27",""
"Derrick Henry","BAL vs IND","1:00pm","Rushing Yards","Under","77.5","66.4","BetOnline","-114","66.7","25.21",""
"Amon-Ra St. Brown","DET vs NO","1:00pm","Receiving Receptions","Under","6.5","5.5","FanDuel","-114","66.7","25.21","https://il.sportsbook.fanduel.com/addToBetslip?marketId=42.604067847&selectionId=40891131"
"Mike Gesicki","CIN vs TB","1:00pm","Receiving Yards","Under","21.5","19.4","FanDuel","-113","66.4","25.16","https://il.sportsbook.fanduel.com/addToBetslip?marketId=42.606885158&selectionId=16580235"
"Colston Loveland","CHI vs CAR","1:00pm","Receiving Receptions","Under","4.5","4.0","BetOnline","-103","63.5","25.15",""
"De'Von Achane","MIA vs LV","4:25pm","Rushing Attempts","Under","15.5","14.0","BetMGM","-105","64.1","25.15","https://sports.il.betmgm.com/en/sports?options=6:43159-3572891-5652363&type=Single"
"Tony Pollard","TEN vs NYJ","1:00pm","Rushing Yards","Over","50.5","68.6","BetOnline","-115","66.9","25.07",""
"Tony Pollard","TEN vs NYJ","1:00pm","Rushing Yards","Over","50.5","68.6","Fanatics","-115","66.9","25.07",""
"Tyler Loop","BAL vs IND","1:00pm","Kicking Total Points","Under","7.5","6.2","Fanatics","-120","68.2","25.03",""
"Darren Waller","CAR vs CHI","1:00pm","Receiving Yards","Under","16.5","14.6","DraftKings","-117","67.4","25.01","https://sportsbook.draftkings.com/?outcomes=0QA362016580%232256341551_13L88808Q1861045653Q20"
"Chase Brown","CIN vs TB","1:00pm","1st Td","Yes","0.5","","Fanatics","525","20","25.00",""
"Jeremiyah Love","ARI vs LAC","4:25pm","Receiving Receptions","Over","2.5","3.3","BetMGM","110","59.5","24.95","https://sports.il.betmgm.com/en/sports?options=6:43172-3569952-5645928&type=Single"
"Deshaun Watson","CLE vs JAX","1:00pm","Passing+rushing Yards","Over","194.5","232.3","BetRivers","-115","66.8","24.89","https://il.betrivers.com/?page=sportsbook#event/1027663027?coupon=Single|4330046737|"
"Justice Hill","BAL vs IND","1:00pm","Rushing Yards","Over","8.5","19.9","DraftKings","-115","66.8","24.89","https://sportsbook.draftkings.com/?outcomes=0QA361504898%232254823837_13L88808Q1116672457Q20"
"RJ Harvey","DEN vs KC","8:15pm","Receiving Yards","Under","16.5","16.6","BetMGM","-110","65.4","24.85","https://sports.il.betmgm.com/en/sports?options=6:43160-3573115-5652922&type=Single"
"Ladd McConkey","LAC vs ARI","4:25pm","Receiving Receptions","Under","4.5","4.1","DraftKings","103","61.5","24.84","https://sportsbook.draftkings.com/?outcomes=0QA362017481%232253290020_13L88808Q1-2138696Q20"
"Deshaun Watson","CLE vs JAX","1:00pm","Passing Attempts","Over","30.5","33.5","DraftKings","-114","66.5","24.83","https://sportsbook.draftkings.com/?outcomes=0QA362720486%232256093680_13L88808Q1-1779018863Q20"
"Deshaun Watson","CLE vs JAX","1:00pm","Rushing Attempts","Under","4.5","3.4","DraftKings","-135","71.7","24.81","https://sportsbook.draftkings.com/?outcomes=0QA362720484%232272827277_13L88808Q1-1771157304Q20"
"Malik Nabers","NYG vs DAL","8:20pm","1st Td","Yes","0.5","","Caesars","1200","9.6","24.80","https://sportsbook.caesars.com/us/il/bet/betslip?selectionIds=cb598005-0843-350c-8ac3-39df5cbef73c"
"Amon-Ra St. Brown","DET vs NO","1:00pm","Receiving Yards","Under","77.5","66.3","FanDuel","-113","66.2","24.78","https://il.sportsbook.fanduel.com/addToBetslip?marketId=42.604067841&selectionId=40891131"
"Jahan Dotson","ATL vs PIT","1:00pm","Receiving Receptions","Under","1.5","1.3","DraftKings","-111","65.6","24.70","https://sportsbook.draftkings.com/?outcomes=0QA362098792%232265229764_13L88808Q1-847255388Q20"
"Mike Gesicki","CIN vs TB","1:00pm","Receiving Yards","Under","21.5","19.4","BetOnline","-114","66.4","24.65",""
"Jayden Reed","GB vs MIN","4:25pm","Receiving Receptions","Under","3.5","3.4","BetMGM","115","57.9","24.48","https://sports.il.betmgm.com/en/sports?options=6:43173-3568938-5643706&type=Single"
"Tyler Shough","NO vs DET","1:00pm","Rushing Yards","Over","16.5","31.7","BetOnline","-122","68.4","24.47",""
"Bijan Robinson","ATL vs PIT","1:00pm","Rushing+receiving Yards","Under","121.5","106.3","BetRivers","-117","67.1","24.45","https://il.betrivers.com/?page=sportsbook#event/1027663029?coupon=Single|4333056510|"
"Darnell Washington","PIT vs ATL","1:00pm","Receiving Yards","Under","16.5","15.8","FanDuel","-113","66","24.41","https://il.sportsbook.fanduel.com/addToBetslip?marketId=42.606063854&selectionId=60408353"
"Josh Allen","BUF vs HOU","1:00pm","Rushing Attempts","Over","6.5","8.7","Fanatics","-125","69.1","24.38",""
"Darren Waller","CAR vs CHI","1:00pm","Receiving Longest Reception","Under","11.5","9.5","BetRivers","-115","66.5","24.33","https://il.betrivers.com/?page=sportsbook#event/1027663018?coupon=Single|4333415397|"
"Tony Pollard","TEN vs NYJ","1:00pm","Rushing Yards","Over","51.5","68.6","BetMGM","-111","65.4","24.32","https://sports.il.betmgm.com/en/sports?options=6:43155-3572684-5651799&type=Single"
"Amon-Ra St. Brown","DET vs NO","1:00pm","Receiving Yards","Under","76.5","66.3","BetOnline","-111","65.4","24.32",""
"Bijan Robinson","ATL vs PIT","1:00pm","Rushing+receiving Yards","Under","119.5","106.3","DraftKings","-111","65.4","24.32","https://sportsbook.draftkings.com/?outcomes=0QA362098040%232279139009_13L88808Q11781926837Q20"
"Jalen Hurts","PHI vs WAS","4:25pm","Rushing Yards","Over","26.5","50.2","BetMGM","-120","67.8","24.30","https://sports.il.betmgm.com/en/sports?options=6:43158-3563099-5629320&type=Single"
"Matt Gay","LV vs MIA","4:25pm","Kicking Total Points","Under","7.5","6.2","BetMGM","-120","67.8","24.30","https://sports.il.betmgm.com/en/sports?options=6:43159-3572886-5652353&type=Single"
"Josh Allen","BUF vs HOU","1:00pm","Rushing Yards","Over","30.5","53.6","FanDuel","-113","65.9","24.22","https://il.sportsbook.fanduel.com/addToBetslip?marketId=42.603602863&selectionId=16503660"
"Jahan Dotson","ATL vs PIT","1:00pm","Receiving Receptions","Under","1.5","1.3","FanDuel","-112","65.6","24.17","https://il.sportsbook.fanduel.com/addToBetslip?marketId=42.605796468&selectionId=41155780"
"Mike Gesicki","CIN vs TB","1:00pm","Receiving Yards","Under","21.5","19.4","BetMGM","-115","66.4","24.14","https://sports.il.betmgm.com/en/sports?options=6:43659-3569882-5645819&type=Single"
"Chris Rodriguez Jr.","JAC vs CLE","1:00pm","Rushing Attempts","Over","9.5","11.6","DraftKings","-110","65","24.09","https://sportsbook.draftkings.com/?outcomes=0QA362019098%232253295522_13L88808Q11368502538Q20"
"Chris Olave","NO vs DET","1:00pm","Receiving Yards","Under","75.5","64.4","BetRivers","-114","66.1","24.08","https://il.betrivers.com/?page=sportsbook#event/1027663022?coupon=Single|4320121870|"
"Kenyon Sadiq","NYJ vs TEN","1:00pm","Receiving Receptions","Under","1.5","1.3","DraftKings","-109","64.7","24.06","https://sportsbook.draftkings.com/?outcomes=0QA362419102%232254875845_13L88808Q1-847255388Q20"
"Cam Skattebo","NYG vs DAL","8:20pm","1st Td","Yes","0.5","","Caesars","700","15.5","24.00","https://sportsbook.caesars.com/us/il/bet/betslip?selectionIds=4b203975-87d5-3379-b097-29826160e6ac"
"Cam Skattebo","NYG vs DAL","8:20pm","1st Td","Yes","0.5","","FanDuel","700","15.5","24.00","https://il.sportsbook.fanduel.com/addToBetslip?marketId=42.602803431&selectionId=78488478"
"Kyler Murray","MIN vs GB","4:25pm","Rushing Longest Rush","Over","11.5","20.6","BetRivers","-115","66.3","23.95","https://il.betrivers.com/?page=sportsbook#event/1027663024?coupon=Single|4332950660|"
"Lamar Jackson","BAL vs IND","1:00pm","Rushing Longest Rush","Under","14.5","15.8","BetRivers","-115","66.3","23.95","https://il.betrivers.com/?page=sportsbook#event/1027663026?coupon=Single|4332893705|"
"Derrick Henry","BAL vs IND","1:00pm","Rushing Longest Rush","Under","18.5","17.9","DraftKings","-111","65.2","23.94","https://sportsbook.draftkings.com/?outcomes=0QA361504647%232256190016_13L88808Q1-1787509978Q20"
"Kenny Gainwell","TB vs CIN","1:00pm","Receiving Yards","Under","23.5","22.2","DraftKings","-110","64.9","23.90","https://sportsbook.draftkings.com/?outcomes=0QA361397891%232254883541_13L88808Q11215289248Q20"
"KaVontae Turpin","DAL vs NYG","8:20pm","Rushing Yards","Under","5.5","7.0","BetOnline","-114","66","23.89",""
"Darnell Washington","PIT vs ATL","1:00pm","Receiving Yards","Under","16.5","15.8","BetOnline","-114","66","23.89",""
"Michael Pittman Jr.","PIT vs ATL","1:00pm","Receiving Receptions","Under","3.5","3.7","BetOnline","128","54.3","23.80",""
"Tyler Shough","NO vs DET","1:00pm","Rushing Longest Rush","Over","9.5","16.7","BetRivers","-122","68","23.74","https://il.betrivers.com/?page=sportsbook#event/1027663022?coupon=Single|4332918235|"
"Christian Watson","GB vs MIN","4:25pm","Receiving Receptions","Under","4.5","3.3","BetMGM","-155","75.2","23.72","https://sports.il.betmgm.com/en/sports?options=6:43173-3563056-5629244&type=Single"
"Jack Bech","LV vs MIA","4:25pm","Receiving Yards","Under","19.5","18.4","BetMGM","-110","64.8","23.71","https://sports.il.betmgm.com/en/sports?options=6:43159-3572871-5652324&type=Single"
"Cade Otton","TB vs CIN","1:00pm","Receiving Yards","Under","32.5","28.5","DraftKings","-114","65.9","23.71","https://sportsbook.draftkings.com/?outcomes=0QA361398052%232281369492_13L88808Q1-1734350386Q20"
"Tommy Tremble","CAR vs CHI","1:00pm","Receiving Longest Reception","Over","8.5","15.5","BetMGM","-125","68.7","23.66","https://sports.il.betmgm.com/en/sports?options=6:43156-3572194-5650486&type=Single"
"Kenny Gainwell","TB vs CIN","1:00pm","Rushing+receiving Yards","Under","49.5","43.1","DraftKings","-116","66.4","23.64","https://sportsbook.draftkings.com/?outcomes=0QA361397760%232279351292_13L88808Q1351637910Q20"
"Lamar Jackson","BAL vs IND","1:00pm","Passing Attempts","Over","27.5","29.9","DraftKings","-112","65.3","23.60","https://sportsbook.draftkings.com/?outcomes=0QA361504763%232251315451_13L88808Q11324578814Q20"
"Rico Dowdle","PIT vs ATL","1:00pm","Rushing Attempts","Under","12.5","10.6","DraftKings","-126","68.9","23.58","https://sportsbook.draftkings.com/?outcomes=0QA362098459%232273096250_13L88808Q11907105946Q20"
"DeVonta Smith","PHI vs WAS","4:25pm","Receiving Yards","Under","66.5","58.1","DraftKings","-111","65","23.56","https://sportsbook.draftkings.com/?outcomes=0QA361489781%232265432058_13L88808Q1193297155Q20"
"J.K. Dobbins","DEN vs KC","8:15pm","Rushing+receiving Yards","Under","58.5","51.3","DraftKings","-111","65","23.56","https://sportsbook.draftkings.com/?outcomes=0QA334623167%232265275994_13L88808Q1-279156827Q20"
"Justin Herbert","LAC vs ARI","4:25pm","Passing Attempts","Over","29.5","31.8","Fanatics","-110","64.7","23.52",""
"Kenyon Sadiq","NYJ vs TEN","1:00pm","Receiving Receptions","Under","1.5","1.3","BetOnline","-110","64.7","23.52",""
"J.K. Dobbins","DEN vs KC","8:15pm","Rushing Attempts","Under","12.5","10.8","BetOnline","-119","67.1","23.49",""
"Matthew Golden","GB vs MIN","4:25pm","Receiving Receptions","Under","3.5","2.8","BetOnline","-123","68.1","23.47",""
"Marvin Harrison Jr.","ARI vs LAC","4:25pm","Receiving Receptions","Under","3.5","3.5","BetMGM","120","56.1","23.42","https://sports.il.betmgm.com/en/sports?options=6:43172-3569935-5645895&type=Single"
"Justice Hill","BAL vs IND","1:00pm","Rushing Yards","Over","8.5","19.9","BetOnline","-118","66.8","23.41",""
"Derrick Henry","BAL vs IND","1:00pm","Rushing+receiving Yards","Under","89.5","77.5","BetRivers","-115","66","23.39","https://il.betrivers.com/?page=sportsbook#event/1027663026?coupon=Single|4333157284|"
"Darnell Washington","PIT vs ATL","1:00pm","Receiving Yards","Under","16.5","15.8","BetMGM","-115","66","23.39","https://sports.il.betmgm.com/en/sports?options=6:43165-3562534-5628292&type=Single"
"De'Von Achane","MIA vs LV","4:25pm","Rushing Yards","Under","69.5","60.0","BetMGM","-115","66","23.39","https://sports.il.betmgm.com/en/sports?options=6:43159-3570198-5646402&type=Single"
"Darren Waller","CAR vs CHI","1:00pm","Receiving Longest Reception","Under","11.5","9.5","DraftKings","-117","66.5","23.34","https://sportsbook.draftkings.com/?outcomes=0QA362016317%232256341584_13L88808Q1469104068Q20"
"Cam Little","JAC vs CLE","1:00pm","Extra Points Made","Under","2.5","1.9","DraftKings","-133","70.4","23.33","https://sportsbook.draftkings.com/?outcomes=0QA362020024%232253298728_13L88808Q1-2034603101Q20"
"Dak Prescott","DAL vs NYG","8:20pm","Passing Yards","Under","258.5","226.5","BetRivers","-114","65.7","23.33","https://il.betrivers.com/?page=sportsbook#event/1027638967?coupon=Single|4312294478|"
"Matthew Golden","GB vs MIN","4:25pm","Receiving Yards","Under","39.5","34.3","DraftKings","-109","64.3","23.29","https://sportsbook.draftkings.com/?outcomes=0QA362078902%232265912141_13L88808Q1-1785896351Q20"
"D'Andre Swift","CHI vs CAR","1:00pm","Rushing Yards","Under","61.5","53.7","FanDuel","-113","65.4","23.28","https://il.sportsbook.fanduel.com/addToBetslip?marketId=42.606072258&selectionId=36072092"
"Breece Hall","NYJ vs TEN","1:00pm","Receiving Yards","Under","21.5","19.6","DraftKings","-113","65.4","23.28","https://sportsbook.draftkings.com/?outcomes=0QA362384438%232281170222_13L88808Q1-1931868121Q20"
"Tyler Shough","NO vs DET","1:00pm","Passing Yards","Under","246.5","216.0","FanDuel","-113","65.4","23.28","https://il.sportsbook.fanduel.com/addToBetslip?marketId=42.604065640&selectionId=41066844"
"Kendrick Bourne","ARI vs LAC","4:25pm","Anytime Td","Yes","0.5","","Fanatics","750","14.5","23.25",""
"Daniel Jones","IND vs BAL","1:00pm","Rushing Longest Rush","Over","7.5","13.6","BetRivers","-115","65.9","23.20","https://il.betrivers.com/?page=sportsbook#event/1027663026?coupon=Single|4332890740|"
"Josh Allen","BUF vs HOU","1:00pm","Rushing Yards","Over","30.5","53.6","BetOnline","-115","65.9","23.20",""
"RJ Harvey","DEN vs KC","8:15pm","Last Td","Yes","0.5","","Fanatics","1300","8.8","23.20",""
"Courtland Sutton","DEN vs KC","8:15pm","Receiving Receptions","Under","3.5","3.6","DraftKings","128","54","23.12","https://sportsbook.draftkings.com/?outcomes=0QA334623094%232151971366_13L88808Q1-616481466Q20"
"Jahmyr Gibbs","DET vs NO","1:00pm","1st Td","Yes","0.5","","FanDuel","280","32.4","23.12","https://il.sportsbook.fanduel.com/addToBetslip?marketId=42.604065629&selectionId=42323726"
"De'Von Achane","MIA vs LV","4:25pm","Rushing Yards","Under","68.5","60.0","BetOnline","-111","64.7","22.99",""
"Jaxson Dart","NYG vs DAL","8:20pm","Passing Attempts","Over","29.5","31.8","DraftKings","-110","64.4","22.95","https://sportsbook.draftkings.com/?outcomes=0QA334626256%232250066696_13L88808Q11767639397Q20"
"Bryce Young","CAR vs CHI","1:00pm","Passing Attempts","Over","30.5","33.6","BetMGM","-125","68.3","22.94","https://sports.il.betmgm.com/en/sports?options=6:43156-3568798-5643463&type=Single"
"Christian Watson","GB vs MIN","4:25pm","Receiving Yards","Under","52.5","44.6","BetRivers","-113","65.2","22.90","https://il.betrivers.com/?page=sportsbook#event/1027663024?coupon=Single|4318626008|"
"Kenny Gainwell","TB vs CIN","1:00pm","Receiving Yards","Under","23.5","22.2","BetOnline","-112","64.9","22.85",""
"Amon-Ra St. Brown","DET vs NO","1:00pm","Receiving Yards","Under","76.5","66.3","BetRivers","-114","65.4","22.77","https://il.betrivers.com/?page=sportsbook#event/1027663022?coupon=Single|4329529775|"
"RJ Harvey","DEN vs KC","8:15pm","Receiving Yards","Under","16.5","16.6","FanDuel","-114","65.4","22.77","https://il.sportsbook.fanduel.com/addToBetslip?marketId=42.606123166&selectionId=50744300"
"Jared Goff","DET vs NO","1:00pm","Passing Attempts","Under","34.5","31.9","BetMGM","-125","68.2","22.76","https://sports.il.betmgm.com/en/sports?options=6:43161-3572100-5650282&type=Single"
"Tyler Loop","BAL vs IND","1:00pm","Kicking Total Points","Under","7.5","6.2","DraftKings","-125","68.2","22.76","https://sportsbook.draftkings.com/?outcomes=0QA361504130%232251313104_13L88808Q1862408369Q20"
"Dak Prescott","DAL vs NYG","8:20pm","Passing Yards","Under","255.5","226.5","Fanatics","-110","64.3","22.75",""
"Amon-Ra St. Brown","DET vs NO","1:00pm","Receiving Receptions","Under","6.5","5.5","BetOnline","-119","66.7","22.75",""
"Josh Allen","BUF vs HOU","1:00pm","Rushing Attempts","Over","6.5","8.7","DraftKings","-129","69.1","22.67","https://sportsbook.draftkings.com/?outcomes=0QA361832997%232252524384_13L88808Q1498359820Q20"
"Travis Etienne Jr.","NO vs DET","1:00pm","Receiving Receptions","Under","2.5","2.2","DraftKings","-106","63.1","22.63","https://sportsbook.draftkings.com/?outcomes=0QA361394742%232251041142_13L88808Q11045072483Q20"
"De'Von Achane","MIA vs LV","4:25pm","Rushing Yards","Under","65.5","60.0","Fanatics","100","61.3","22.60",""
"Lamar Jackson","BAL vs IND","1:00pm","Passing Attempts","Over","27.5","29.9","BetOnline","-114","65.3","22.58",""
"Matthew Golden","GB vs MIN","4:25pm","Receiving Receptions","Under","3.5","2.8","BetMGM","-125","68.1","22.58","https://sports.il.betmgm.com/en/sports?options=6:43173-3568937-5643704&type=Single"
"Jeremiyah Love","ARI vs LAC","4:25pm","Receiving Receptions","Over","2.5","3.3","BetOnline","106","59.5","22.57",""
"Cam Skattebo","NYG vs DAL","8:20pm","Receiving Yards","Under","16.5","15.5","BetMGM","-110","64.2","22.56","https://sports.il.betmgm.com/en/sports?options=6:43157-3562960-5629066&type=Single"
"Cam Little","JAC vs CLE","1:00pm","Extra Points Made","Under","2.5","1.9","BetMGM","-135","70.4","22.55","https://sports.il.betmgm.com/en/sports?options=6:43660-3572365-5650884&type=Single"
"Lamar Jackson","BAL vs IND","1:00pm","Rushing Longest Rush","Under","14.5","15.8","DraftKings","-118","66.3","22.49","https://sportsbook.draftkings.com/?outcomes=0QA361504973%232251322635_13L88808Q11044292341Q20"
"Kenyon Sadiq","NYJ vs TEN","1:00pm","Receiving Receptions","Under","1.5","1.3","FanDuel","-112","64.7","22.47","https://il.sportsbook.fanduel.com/addToBetslip?marketId=42.607380487&selectionId=102712246"
"Justice Hill","BAL vs IND","1:00pm","Rushing Yards","Over","8.5","19.9","BetMGM","-120","66.8","22.47","https://sports.il.betmgm.com/en/sports?options=6:43164-3572304-5650774&type=Single"
"Amon-Ra St. Brown","DET vs NO","1:00pm","Receiving Yards","Under","75.5","66.3","DraftKings","-111","64.4","22.42","https://sportsbook.draftkings.com/?outcomes=0QA361395087%232258507295_13L88808Q1-697202641Q20"
"Durham Smythe","BAL vs IND","1:00pm","1st Td","Yes","0.5","","BetRivers","5000","2.4","22.40","https://il.betrivers.com/?page=sportsbook#event/1027663026?coupon=Single|4320159900|"
"Durham Smythe","BAL vs IND","1:00pm","1st Td","Yes","0.5","","DraftKings","5000","2.4","22.40","https://sportsbook.draftkings.com/?outcomes=0QA357446852%232251312999_13L88808Q11413281239Q20"
"Josh Downs","IND vs BAL","1:00pm","1st Td","Yes","0.5","","FanDuel","1700","6.8","22.40","https://il.sportsbook.fanduel.com/addToBetslip?marketId=42.604085340&selectionId=42198383"
"Ladd McConkey","LAC vs ARI","4:25pm","Receiving Receptions","Under","4.5","4.1","BetOnline","-101","61.5","22.39",""
"Kenny Gainwell","TB vs CIN","1:00pm","Receiving Yards","Under","23.5","22.2","FanDuel","-113","64.9","22.33","https://il.sportsbook.fanduel.com/addToBetslip?marketId=42.606885165&selectionId=40915796"
"Matt Gay","LV vs MIA","4:25pm","Field Goals Made","Under","1.5","1.5","BetMGM","120","55.6","22.32","https://sports.il.betmgm.com/en/sports?options=6:43159-3572888-5652357&type=Single"
"D'Andre Swift","CHI vs CAR","1:00pm","Rushing Yards","Under","59.5","53.7","BetOnline","-108","63.5","22.30",""
"D'Andre Swift","CHI vs CAR","1:00pm","Rushing Yards","Under","61.5","53.7","BetMGM","-115","65.4","22.27","https://sports.il.betmgm.com/en/sports?options=6:43156-3570491-5646901&type=Single"
"Bijan Robinson","ATL vs PIT","1:00pm","Rushing Attempts","Under","18.5","16.6","BetMGM","-115","65.4","22.27","https://sports.il.betmgm.com/en/sports?options=6:43165-3569259-5644340&type=Single"
"RJ Harvey","DEN vs KC","8:15pm","Receiving Yards","Under","16.5","16.6","BetOnline","-115","65.4","22.27",""
"RJ Harvey","DEN vs KC","8:15pm","Receiving Yards","Under","16.5","16.6","DraftKings","-115","65.4","22.27","https://sportsbook.draftkings.com/?outcomes=0QA334622804%232276332021_13L88808Q1861045653Q20"
"Chase Brown","CIN vs TB","1:00pm","Last Td","Yes","0.5","","DraftKings","650","16.3","22.25","https://sportsbook.draftkings.com/?outcomes=0QA366580880%232271424602_13L88808Q1-772601066Q20"
"Chase Brown","CIN vs TB","1:00pm","Last Td","Yes","0.5","","FanDuel","650","16.3","22.25","https://il.sportsbook.fanduel.com/addToBetslip?marketId=42.606884978&selectionId=48289051"
"Mike Gesicki","CIN vs TB","1:00pm","Receiving Yards","Under","20.5","19.4","DraftKings","-111","64.3","22.23","https://sportsbook.draftkings.com/?outcomes=0QA361398256%232250879424_13L88808Q1-1389246071Q20"
"Justice Hill","BAL vs IND","1:00pm","Last Td","Yes","0.5","","DraftKings","2500","4.7","22.20","https://sportsbook.draftkings.com/?outcomes=0QA366581142%232271425569_13L88808Q11862543126Q20"
"Omarion Hampton","LAC vs ARI","4:25pm","Last Td","Yes","0.5","","FanDuel","550","18.8","22.20","https://il.sportsbook.fanduel.com/addToBetslip?marketId=42.604294289&selectionId=48700658"
"Darnell Washington","PIT vs ATL","1:00pm","Receiving Yards","Under","15.5","15.8","BetRivers","-110","64","22.18","https://il.betrivers.com/?page=sportsbook#event/1027663029?coupon=Single|4329376431|"
"Will Reichard","MIN vs GB","4:25pm","Kicking Total Points","Under","7.5","6.5","BetMGM","-110","64","22.18","https://sports.il.betmgm.com/en/sports?options=6:43173-3572974-5652554&type=Single"
"RJ Harvey","DEN vs KC","8:15pm","Anytime Td","Yes","0.5","","DraftKings","310","29.8","22.18","https://sportsbook.draftkings.com/?outcomes=0QA334623096%232151972187_13L88808Q1-188546455Q20"
"RJ Harvey","DEN vs KC","8:15pm","Anytime Td","Yes","0.5","","Fanatics","310","29.8","22.18",""
"Tyquan Thornton","KC vs DEN","8:15pm","Receiving Receptions","Over","1.5","2.0","DraftKings","117","56.3","22.17","https://sportsbook.draftkings.com/?outcomes=0QA334622927%232151976057_13L88808Q1-1669482518Q20"
"Matthew Golden","GB vs MIN","4:25pm","Receiving Receptions","Under","3.5","2.8","DraftKings","-126","68.1","22.15","https://sportsbook.draftkings.com/?outcomes=0QA362078646%232265902618_13L88808Q1-616481466Q20"
"Jonathon Brooks","CAR vs CHI","1:00pm","1st Td","Yes","0.5","","BetRivers","1000","11.1","22.10","https://il.betrivers.com/?page=sportsbook#event/1027663018?coupon=Single|4318908346|"
"Tee Higgins","CIN vs TB","1:00pm","Receiving Longest Reception","Under","23.5","21.0","BetMGM","-115","65.3","22.08","https://sports.il.betmgm.com/en/sports?options=6:43659-3572084-5650253&type=Single"
"Tee Higgins","CIN vs TB","1:00pm","Receiving Longest Reception","Under","23.5","21.0","BetRivers","-115","65.3","22.08","https://il.betrivers.com/?page=sportsbook#event/1027663019?coupon=Single|4333338555|"
"Jayden Daniels","WAS vs PHI","4:25pm","Passing Completions","Over","17.5","20.2","BetOnline","-130","69","22.08",""
"CeeDee Lamb","DAL vs NYG","8:20pm","Receiving Longest Reception","Under","24.5","22.5","DraftKings","-107","63.1","22.07","https://sportsbook.draftkings.com/?outcomes=0QA334626042%232262505953_13L88808Q11981127467Q20"
"Jalen Tolbert","MIA vs LV","4:25pm","Receiving Yards","Under","12.5","12.5","BetOnline","-114","65","22.02",""
"Jalen Tolbert","MIA vs LV","4:25pm","Receiving Yards","Under","12.5","12.5","FanDuel","-114","65","22.02","https://il.sportsbook.fanduel.com/addToBetslip?marketId=42.607428994&selectionId=48400246"
"Saquon Barkley","PHI vs WAS","4:25pm","Rushing Attempts","Under","17.5","16.0","BetOnline","-108","63.3","21.91",""
"Derrick Henry","BAL vs IND","1:00pm","Rushing Longest Rush","Under","18.5","17.9","BetRivers","-115","65.2","21.90","https://il.betrivers.com/?page=sportsbook#event/1027663026?coupon=Single|4332890739|"
"Matthew Golden","GB vs MIN","4:25pm","Receiving Yards","Under","40.5","34.3","BetMGM","-115","65.2","21.90","https://sports.il.betmgm.com/en/sports?options=6:43173-3572944-5652485&type=Single"
"Jalen Tolbert","MIA vs LV","4:25pm","Receiving Yards","Under","11.5","12.5","DraftKings","-107","63","21.88","https://sportsbook.draftkings.com/?outcomes=0QA362372002%232281669702_13L88808Q1769551952Q20"
"Bijan Robinson","ATL vs PIT","1:00pm","Rushing Yards","Under","81.5","71.1","BetRivers","-117","65.7","21.85","https://il.betrivers.com/?page=sportsbook#event/1027663029?coupon=Single|4333007778|"
"Christian Watson","GB vs MIN","4:25pm","Receiving Longest Reception","Under","23.5","21.0","DraftKings","-106","62.7","21.85","https://sportsbook.draftkings.com/?outcomes=0QA362079213%232253533070_13L88808Q1-696479524Q20"
"Jaylen Warren","PIT vs ATL","1:00pm","1st Td","Yes","0.5","","Caesars","625","16.8","21.80","https://sportsbook.caesars.com/us/il/bet/betslip?selectionIds=db7d45ef-c1ed-3662-a704-45a14516f47a"
"Woody Marks","HOU vs BUF","1:00pm","1st Td","Yes","0.5","","Caesars","1300","8.7","21.80","https://sportsbook.caesars.com/us/il/bet/betslip?selectionIds=d910fd58-520b-3172-bc7b-83183e2cf5c4"
"Tyler Shough","NO vs DET","1:00pm","Passing Yards","Under","246.5","216.0","BetOnline","-116","65.4","21.78",""
"Tony Pollard","TEN vs NYJ","1:00pm","Rushing Attempts","Over","13.5","15.8","DraftKings","-113","64.6","21.77","https://sportsbook.draftkings.com/?outcomes=0QA362383987%232254880606_13L88808Q11902343517Q20"
"Cade Otton","TB vs CIN","1:00pm","Receiving Yards","Under","31.5","28.5","FanDuel","-113","64.6","21.77","https://il.sportsbook.fanduel.com/addToBetslip?marketId=42.606885160&selectionId=41346942"
"Jack Bech","LV vs MIA","4:25pm","Receiving Receptions","Under","1.5","1.7","BetMGM","125","54.1","21.73","https://sports.il.betmgm.com/en/sports?options=6:43159-3570938-5647960&type=Single"
"Saquon Barkley","PHI vs WAS","4:25pm","Rushing+receiving Yards","Under","97.5","87.2","DraftKings","-112","64.3","21.71","https://sportsbook.draftkings.com/?outcomes=0QA361489437%232265426796_13L88808Q11640923482Q20"
"Matthew Golden","GB vs MIN","4:25pm","Receiving Yards","Under","39.5","34.3","BetOnline","-112","64.3","21.71",""
"Brandon Aubrey","DAL vs NYG","8:20pm","Extra Points Made","Under","2.5","2.1","BetMGM","-115","65.1","21.71","https://sports.il.betmgm.com/en/sports?options=6:43157-3572586-5651582&type=Single"
"Darnell Washington","PIT vs ATL","1:00pm","Receiving Yards","Under","15.5","15.8","DraftKings","-111","64","21.66","https://sportsbook.draftkings.com/?outcomes=0QA362098709%232281399546_13L88808Q1-796812523Q20"
"J.K. Dobbins","DEN vs KC","8:15pm","Rushing Attempts","Under","12.5","10.8","DraftKings","-123","67.1","21.65","https://sportsbook.draftkings.com/?outcomes=0QA334622536%232265880375_13L88808Q11907105946Q20"
"Baker Mayfield","TB vs CIN","1:00pm","Rushing Yards","Under","15.5","15.1","Fanatics","-105","62.3","21.63",""
"Cade Stover","HOU vs BUF","1:00pm","Anytime Td","Yes","0.5","","BetMGM","1800","6.4","21.60","https://sports.il.betmgm.com/en/sports?options=6:43166-3559133-5617722&type=Single"
"Cade Stover","HOU vs BUF","1:00pm","Anytime Td","Yes","0.5","","DraftKings","1800","6.4","21.60","https://sportsbook.draftkings.com/?outcomes=0QA362350810%232254581554_13L88808Q1611489861Q20"
"Jaxson Dart","NYG vs DAL","8:20pm","Rushing Attempts","Over","6.5","7.7","BetOnline","104","59.6","21.58",""
"Deshaun Watson","CLE vs JAX","1:00pm","Passing+rushing Yards","Over","199.5","232.3","DraftKings","-113","64.5","21.58","https://sportsbook.draftkings.com/?outcomes=0QA362720470%232267021246_13L88808Q12031457363Q20"
"Travis Etienne Jr.","NO vs DET","1:00pm","Receiving Receptions","Under","2.5","2.2","BetOnline","-108","63.1","21.53",""
"Kalif Raymond","CHI vs CAR","1:00pm","Receiving Receptions","Under","1.5","1.3","DraftKings","-115","65","21.52","https://sportsbook.draftkings.com/?outcomes=0QA362016384%232253637365_13L88808Q1-847255388Q20"
"Tyler Shough","NO vs DET","1:00pm","Passing Yards","Under","244.5","216.0","DraftKings","-112","64.2","21.52","https://sportsbook.draftkings.com/?outcomes=0QA361395249%232266381091_13L88808Q11822788075Q20"
"Lamar Jackson","BAL vs IND","1:00pm","Rushing Attempts","Under","6.5","5.8","BetOnline","-106","62.5","21.46",""
"Justin Herbert","LAC vs ARI","4:25pm","Passing Attempts","Over","29.5","31.8","BetOnline","-114","64.7","21.45",""
"Jalen Hurts","PHI vs WAS","4:25pm","Rushing Yards","Over","28.5","50.2","FanDuel","-114","64.7","21.45","https://il.sportsbook.fanduel.com/addToBetslip?marketId=42.603829309&selectionId=12302543"
"De'Von Achane","MIA vs LV","4:25pm","Rushing Yards","Under","68.5","60.0","FanDuel","-114","64.7","21.45","https://il.sportsbook.fanduel.com/addToBetslip?marketId=42.604334476&selectionId=61166679"
"Deshaun Watson","CLE vs JAX","1:00pm","Passing Completions","Over","18.5","20.9","DraftKings","-116","65.2","21.41","https://sportsbook.draftkings.com/?outcomes=0QA362720467%232273272824_13L88808Q11438654403Q20"
"Jaylen Waddle","DEN vs KC","8:15pm","Receiving Receptions","Under","4.5","4.2","BetMGM","100","60.7","21.40","https://sports.il.betmgm.com/en/sports?options=6:43160-3562774-5628760&type=Single"
"Amon-Ra St. Brown","DET vs NO","1:00pm","Receiving Receptions","Under","6.5","5.5","DraftKings","-122","66.7","21.37","https://sportsbook.draftkings.com/?outcomes=0QA361395061%232250967069_13L88808Q1-1523053588Q20"
"Malik Willis","MIA vs LV","4:25pm","Passing Interceptions","Under","0.5","0.6","BetRivers","105","59.2","21.36","https://il.betrivers.com/?page=sportsbook#event/1027663025?coupon=Single|4327999031|"
"Ja'Marr Chase","CIN vs TB","1:00pm","Receiving Receptions","Under","7.5","6.1","BetMGM","-135","69.7","21.33","https://sports.il.betmgm.com/en/sports?options=6:43659-3568683-5643237&type=Single"
"Jahmyr Gibbs","DET vs NO","1:00pm","Rushing Attempts","Over","18.5","21.1","BetOnline","-123","66.9","21.29",""
"Bijan Robinson","ATL vs PIT","1:00pm","Rushing Yards","Under","79.5","71.1","DraftKings","-111","63.8","21.28","https://sportsbook.draftkings.com/?outcomes=0QA362098046%232281563675_13L88808Q1-773410296Q20"
"Justice Hill","BAL vs IND","1:00pm","Rushing Yards","Over","9.5","19.9","BetRivers","-113","64.3","21.20","https://il.betrivers.com/?page=sportsbook#event/1027663026?coupon=Single|4329283455|"
"Marvin Harrison Jr.","ARI vs LAC","4:25pm","Receiving Receptions","Under","3.5","3.5","DraftKings","116","56.1","21.18","https://sportsbook.draftkings.com/?outcomes=0QA362018033%232254805030_13L88808Q1-616481466Q20"
"Marvin Harrison Jr.","ARI vs LAC","4:25pm","Receiving Receptions","Under","3.5","3.5","FanDuel","116","56.1","21.18","https://il.sportsbook.fanduel.com/addToBetslip?marketId=42.604301736&selectionId=48048065"
"Dak Prescott","DAL vs NYG","8:20pm","Passing Yards","Under","256.5","226.5","BetMGM","-115","64.8","21.15","https://sports.il.betmgm.com/en/sports?options=6:43157-3569870-5645796&type=Single"
"Quinshon Judkins","CLE vs JAX","1:00pm","Rushing Yards","Over","54.5","70.8","BetRivers","-115","64.8","21.15","https://il.betrivers.com/?page=sportsbook#event/1027663027?coupon=Single|4333301170|"
"Saquon Barkley","PHI vs WAS","4:25pm","Rushing Yards","Under","76.5","68.7","DraftKings","-110","63.4","21.04","https://sportsbook.draftkings.com/?outcomes=0QA361489428%232251265105_13L88808Q11654105405Q20"
"DeVonta Smith","PHI vs WAS","4:25pm","Receiving Yards","Under","66.5","58.1","BetOnline","-116","65","21.03",""
"Bucky Irving","TB vs CIN","1:00pm","Receiving Receptions","Over","2.5","2.7","FanDuel","148","48.8","21.02","https://il.sportsbook.fanduel.com/addToBetslip?marketId=42.606885183&selectionId=49541847"
"J.K. Dobbins","DEN vs KC","8:15pm","Rushing Yards","Under","51.5","46.0","DraftKings","-113","64.2","21.01","https://sportsbook.draftkings.com/?outcomes=0QA334622316%232265882614_13L88808Q130194624Q20"
"Justin Herbert","LAC vs ARI","4:25pm","Passing Attempts","Over","29.5","31.8","BetMGM","-115","64.7","20.96","https://sports.il.betmgm.com/en/sports?options=6:43172-3563110-5629342&type=Single"
"Charlie Woerner","ATL vs PIT","1:00pm","Anytime Td","Yes","0.5","","DraftKings","3000","3.9","20.90","https://sportsbook.draftkings.com/?outcomes=0QA362341065%232254551921_13L88808Q1-1356990742Q20"
"Charlie Woerner","ATL vs PIT","1:00pm","Anytime Td","Yes","0.5","","Fanatics","3000","3.9","20.90",""
"Tommy Tremble","CAR vs CHI","1:00pm","1st Td","Yes","0.5","","BetMGM","3000","3.9","20.90","https://sports.il.betmgm.com/en/sports?options=6:43156-3572258-5650625&type=Single"
"Tommy Tremble","CAR vs CHI","1:00pm","1st Td","Yes","0.5","","Caesars","3000","3.9","20.90","https://sportsbook.caesars.com/us/il/bet/betslip?selectionIds=1887fbab-7698-38fb-8b2e-c4b127a59ece"
"Tommy Tremble","CAR vs CHI","1:00pm","1st Td","Yes","0.5","","DraftKings","3000","3.9","20.90","https://sportsbook.draftkings.com/?outcomes=0QA357416668%232253286279_13L88808Q1134404819Q20"
"Tommy Tremble","CAR vs CHI","1:00pm","1st Td","Yes","0.5","","FanDuel","3000","3.9","20.90","https://il.sportsbook.fanduel.com/addToBetslip?marketId=42.604192326&selectionId=37101842"
"Jonathon Brooks","CAR vs CHI","1:00pm","Last Td","Yes","0.5","","DraftKings","1200","9.3","20.90","https://sportsbook.draftkings.com/?outcomes=0QA366588629%232271451570_13L88808Q1-1531596752Q20"
"Jonathon Brooks","CAR vs CHI","1:00pm","Last Td","Yes","0.5","","Fanatics","1200","9.3","20.90",""
"Kyle Monangai","CHI vs CAR","1:00pm","Last Td","Yes","0.5","","Fanatics","1200","9.3","20.90",""
"Kyle Monangai","CHI vs CAR","1:00pm","Last Td","Yes","0.5","","FanDuel","1200","9.3","20.90","https://il.sportsbook.fanduel.com/addToBetslip?marketId=42.604192329&selectionId=49106540"
"Jaxson Dart","NYG vs DAL","8:20pm","Passing Attempts","Over","29.5","31.8","BetOnline","-114","64.4","20.89",""
"Tony Pollard","TEN vs NYJ","1:00pm","Rushing Yards","Over","51.5","68.6","BetRivers","-118","65.4","20.82","https://il.betrivers.com/?page=sportsbook#event/1027663023?coupon=Single|4333668923|"
"Josh Allen","BUF vs HOU","1:00pm","Rushing Yards","Over","30.5","53.6","Fanatics","-120","65.9","20.82",""
"Adam Trautman","DEN vs KC","8:15pm","Receiving Yards","Under","7.5","9.0","DraftKings","-107","62.4","20.72","https://sportsbook.draftkings.com/?outcomes=0QA334622800%232276696846_13L88808Q1-193120804Q20"
"Dak Prescott","DAL vs NYG","8:20pm","Passing+rushing Yards","Under","272.5","243.2","DraftKings","-114","64.3","20.70","https://sportsbook.draftkings.com/?outcomes=0QA334625961%232266006423_13L88808Q11550449077Q20"
"Matthew Golden","GB vs MIN","4:25pm","Receiving Yards","Under","39.5","34.3","FanDuel","-114","64.3","20.70","https://il.sportsbook.fanduel.com/addToBetslip?marketId=42.603819159&selectionId=48504749"
"Alec Pierce","IND vs BAL","1:00pm","1st Td","Yes","0.5","","BetRivers","1600","7.1","20.70","https://il.betrivers.com/?page=sportsbook#event/1027663026?coupon=Single|4320159916|"
"Alec Pierce","IND vs BAL","1:00pm","1st Td","Yes","0.5","","FanDuel","1600","7.1","20.70","https://il.sportsbook.fanduel.com/addToBetslip?marketId=42.604085340&selectionId=42200846"
"Dak Prescott","DAL vs NYG","8:20pm","Rushing Yards","Over","6.5","16.7","BetMGM","-120","65.8","20.63","https://sports.il.betmgm.com/en/sports?options=6:43157-3562946-5629037&type=Single"
"Colston Loveland","CHI vs CAR","1:00pm","Receiving Longest Reception","Under","21.5","19.1","BetMGM","-120","65.8","20.63","https://sports.il.betmgm.com/en/sports?options=6:43156-3572225-5650549&type=Single"
"John Metchie III","CAR vs CHI","1:00pm","1st Td","Yes","0.5","","BetMGM","6600","1.8","20.60","https://sports.il.betmgm.com/en/sports?options=6:43156-3572258-5650623&type=Single"
"Aaron Rodgers","PIT vs ATL","1:00pm","Passing Touchdowns","Under","1.5","1.1","FanDuel","-138","69.9","20.55","https://il.sportsbook.fanduel.com/addToBetslip?marketId=42.604353131&selectionId=11925812"
"Cam Skattebo","NYG vs DAL","8:20pm","Rushing Attempts","Over","11.5","13.3","DraftKings","-106","62","20.49","https://sportsbook.draftkings.com/?outcomes=0QA334630543%232238799366_13L88808Q1-338089188Q20"
"Matthew Golden","GB vs MIN","4:25pm","Receiving Receptions","Under","3.5","2.8","FanDuel","-130","68.1","20.48","https://il.sportsbook.fanduel.com/addToBetslip?marketId=42.603819166&selectionId=48504749"
"Wil Lutz","DEN vs KC","8:15pm","Extra Points Made","Under","1.5","1.6","BetMGM","140","50.2","20.48","https://sports.il.betmgm.com/en/sports?options=6:43160-3573138-5652966&type=Single"
"Evan McPherson","CIN vs TB","1:00pm","Extra Points Made","Under","2.5","2.3","DraftKings","107","58.2","20.47","https://sportsbook.draftkings.com/?outcomes=0QA361397961%232250878948_13L88808Q1-2034603101Q20"
"Joshua Palmer","BUF vs HOU","1:00pm","Receiving Yards","Under","12.5","12.2","FanDuel","-113","63.9","20.45","https://il.sportsbook.fanduel.com/addToBetslip?marketId=42.607550854&selectionId=40905776"
"Woody Marks","HOU vs BUF","1:00pm","Receiving Longest Reception","Under","8.5","10.3","BetRivers","108","57.9","20.43","https://il.betrivers.com/?page=sportsbook#event/1027663020?coupon=Single|4333365897|"
"Khalil Shakir","BUF vs HOU","1:00pm","Receiving Receptions","Under","3.5","3.3","DraftKings","-101","60.5","20.40","https://sportsbook.draftkings.com/?outcomes=0QA361833897%232252526457_13L88808Q1-616481466Q20"
"Cairo Santos","CHI vs CAR","1:00pm","Kicking Total Points","Under","7.5","6.5","Fanatics","-115","64.4","20.40",""
"Jaxson Dart","NYG vs DAL","8:20pm","Passing Attempts","Over","29.5","31.8","Fanatics","-115","64.4","20.40",""
"De'Von Achane","MIA vs LV","4:25pm","Rushing Attempts","Under","15.5","14.0","DraftKings","-114","64.1","20.33","https://sportsbook.draftkings.com/?outcomes=0QA362371677%232265897642_13L88808Q1711920025Q20"
"Jonathan Taylor","IND vs BAL","1:00pm","Receiving Receptions","Under","2.5","2.5","FanDuel","116","55.7","20.31","https://il.sportsbook.fanduel.com/addToBetslip?marketId=42.606085521&selectionId=16593214"
"Dak Prescott","DAL vs NYG","8:20pm","Rushing Attempts","Over","2.5","3.6","DraftKings","-115","64.3","20.21","https://sportsbook.draftkings.com/?outcomes=0QA334625577%232151986853_13L88808Q1-1652481362Q20"
"Patrick Mahomes","KC vs DEN","8:15pm","Passing Attempts","Over","32.5","35.1","BetMGM","-115","64.3","20.21","https://sports.il.betmgm.com/en/sports?options=6:43160-3562723-5628657&type=Single"
"Dontayvion Wicks","PHI vs WAS","4:25pm","Receiving Yards","Under","29.5","26.3","BetMGM","-115","64.3","20.21","https://sports.il.betmgm.com/en/sports?options=6:43158-3573040-5652740&type=Single"
"Dontayvion Wicks","PHI vs WAS","4:25pm","Receiving Yards","Under","29.5","26.3","BetOnline","-115","64.3","20.21",""
"Jaylen Waddle","DEN vs KC","8:15pm","Receiving Receptions","Under","4.5","4.2","DraftKings","-102","60.7","20.21","https://sportsbook.draftkings.com/?outcomes=0QA334623034%232237965348_13L88808Q1-2138696Q20"
"Colston Loveland","CHI vs CAR","1:00pm","Receiving Receptions","Under","4.5","4.0","DraftKings","-112","63.5","20.20","https://sportsbook.draftkings.com/?outcomes=0QA362016287%232256344455_13L88808Q1-2138696Q20"
"Jeremiyah Love","ARI vs LAC","4:25pm","Receiving Receptions","Over","2.5","3.3","FanDuel","102","59.5","20.19","https://il.sportsbook.fanduel.com/addToBetslip?marketId=42.606268967&selectionId=102331515"
"Jordan Love","GB vs MIN","4:25pm","Passing Attempts","Under","32.5","30.6","BetOnline","-114","64","20.14",""
"Jordan Addison","MIN vs GB","4:25pm","Receiving Receptions","Under","3.5","3.1","BetMGM","-111","63.2","20.14","https://sports.il.betmgm.com/en/sports?options=6:43173-3563040-5629210&type=Single"
"Jacory Croskey-Merritt","WAS vs PHI","4:25pm","Receiving Yards","Under","6.5","7.8","DraftKings","-106","61.8","20.10","https://sportsbook.draftkings.com/?outcomes=0QA361490007%232258216753_13L88808Q1-1263895043Q20"
"Charlie Kolar","LAC vs ARI","4:25pm","Receiving Receptions","Under","1.5","1.8","BetMGM","135","51.1","20.09","https://sports.il.betmgm.com/en/sports?options=6:43172-3563119-5629396&type=Single"
"Chris Rodriguez Jr.","JAC vs CLE","1:00pm","Rushing Attempts","Over","9.5","11.6","BetOnline","-118","65","20.08",""
"Kenyon Sadiq","NYJ vs TEN","1:00pm","Receiving Yards","Under","13.5","12.7","BetRivers","-120","65.5","20.08","https://il.betrivers.com/?page=sportsbook#event/1027663023?coupon=Single|4333244374|"
"Dontayvion Wicks","PHI vs WAS","4:25pm","Receiving Yards","Under","28.5","26.3","DraftKings","-110","62.9","20.08","https://sportsbook.draftkings.com/?outcomes=0QA361489790%232251281710_13L88808Q1-1393345453Q20"
"Breece Hall","NYJ vs TEN","1:00pm","Receiving Yards","Under","20.5","19.6","FanDuel","-113","63.7","20.07","https://il.sportsbook.fanduel.com/addToBetslip?marketId=42.604338123&selectionId=41075121"
"Chase Brown","CIN vs TB","1:00pm","Receiving Yards","Under","23.5","22.1","FanDuel","-113","63.7","20.07","https://il.sportsbook.fanduel.com/addToBetslip?marketId=42.606885157&selectionId=41072629"
"Joe Burrow","CIN vs TB","1:00pm","Passing Touchdowns","Under","2.5","1.5","Fanatics","-205","80.7","20.07",""
"Josh Allen","BUF vs HOU","1:00pm","Rushing Yards","Over","31.5","53.6","BetMGM","-115","64.2","20.03","https://sports.il.betmgm.com/en/sports?options=6:43166-3562463-5628149&type=Single"
"Chase Brown","CIN vs TB","1:00pm","1st Td","Yes","0.5","","DraftKings","500","20","20.00","https://sportsbook.draftkings.com/?outcomes=0QA357446832%232250877296_13L88808Q11763290140Q20"
"MarShawn Lloyd","GB vs MIN","4:25pm","Last Td","Yes","0.5","","DraftKings","900","12","20.00","https://sportsbook.draftkings.com/?outcomes=0QA366588210%232271449620_13L88808Q11972386350Q20"
"RJ Harvey","DEN vs KC","8:15pm","1st Td","Yes","0.5","","DraftKings","1500","7.5","20.00","https://sportsbook.draftkings.com/?outcomes=0QA334332914%232151970696_13L88808Q1227104619Q20"
"Omar Cooper Jr.","NYJ vs TEN","1:00pm","Receiving Receptions","Under","1.5","1.3","FanDuel","-114","63.9","19.95","https://il.sportsbook.fanduel.com/addToBetslip?marketId=42.607603838&selectionId=102439703"
"Jared Goff","DET vs NO","1:00pm","Passing Completions","Under","22.5","21.5","DraftKings","104","58.8","19.95","https://sportsbook.draftkings.com/?outcomes=0QA361394896%232250935969_13L88808Q11867393322Q20"
"Jonnu Smith","GB vs MIN","4:25pm","Anytime Td","Yes","0.5","","Fanatics","1000","10.9","19.90",""
"Deshaun Watson","CLE vs JAX","1:00pm","Rushing Yards","Under","16.5","15.3","BetRivers","-110","62.8","19.89","https://il.betrivers.com/?page=sportsbook#event/1027663027?coupon=Single|4329295321|"
"Jahmyr Gibbs","DET vs NO","1:00pm","1st Td","Yes","0.5","","DraftKings","270","32.4","19.88","https://sportsbook.draftkings.com/?outcomes=0QA357431987%232250860923_13L88808Q1-1250365177Q20"
"Jahmyr Gibbs","DET vs NO","1:00pm","1st Td","Yes","0.5","","Fanatics","270","32.4","19.88",""
"Lamar Jackson","BAL vs IND","1:00pm","Rushing Attempts","Under","6.5","5.8","DraftKings","-109","62.5","19.84","https://sportsbook.draftkings.com/?outcomes=0QA361504762%232251333650_13L88808Q1-1345352881Q20"
"Jahan Dotson","ATL vs PIT","1:00pm","Receiving Yards","Under","15.5","15.5","BetMGM","-115","64.1","19.84","https://sports.il.betmgm.com/en/sports?options=6:43165-3572407-5650961&type=Single"
"De'Von Achane","MIA vs LV","4:25pm","Rushing Attempts","Under","15.5","14.0","Fanatics","-115","64.1","19.84",""
"Aaron Rodgers","PIT vs ATL","1:00pm","Passing Touchdowns","Under","1.5","1.1","Fanatics","-140","69.9","19.83",""
"Khalil Shakir","BUF vs HOU","1:00pm","Receiving Receptions","Under","3.5","3.3","BetOnline","-102","60.5","19.81",""
"Khalil Shakir","BUF vs HOU","1:00pm","Receiving Receptions","Under","3.5","3.3","FanDuel","-102","60.5","19.81","https://il.sportsbook.fanduel.com/addToBetslip?marketId=42.603606154&selectionId=41266353"
"Jonathan Taylor","IND vs BAL","1:00pm","Receiving Receptions","Under","2.5","2.5","BetMGM","115","55.7","19.75","https://sports.il.betmgm.com/en/sports?options=6:43164-3562572-5628366&type=Single"
"Jonathan Taylor","IND vs BAL","1:00pm","Receiving Receptions","Under","2.5","2.5","BetOnline","115","55.7","19.75",""
"Jonathan Taylor","IND vs BAL","1:00pm","Receiving Receptions","Under","2.5","2.5","DraftKings","115","55.7","19.75","https://sportsbook.draftkings.com/?outcomes=0QA361504451%232251313862_13L88808Q11045072483Q20"
"Breece Hall","NYJ vs TEN","1:00pm","Receiving Longest Reception","Under","11.5","11.5","DraftKings","-107","61.9","19.75","https://sportsbook.draftkings.com/?outcomes=0QA362383952%232254875955_13L88808Q1469104068Q20"
"Samaje Perine","CIN vs TB","1:00pm","1st Td","Yes","0.5","","DraftKings","2000","5.7","19.70","https://sportsbook.draftkings.com/?outcomes=0QA357446832%232250877312_13L88808Q1-561144861Q20"
"Bhayshul Tuten","JAC vs CLE","1:00pm","Receiving Yards","Under","11.5","13.4","DraftKings","-113","63.5","19.69","https://sportsbook.draftkings.com/?outcomes=0QA362019526%232265852079_13L88808Q1769551952Q20"
"Bhayshul Tuten","JAC vs CLE","1:00pm","Receiving Yards","Under","11.5","13.4","FanDuel","-113","63.5","19.69","https://il.sportsbook.fanduel.com/addToBetslip?marketId=42.605819972&selectionId=60316191"
"Jake Elliott","PHI vs WAS","4:25pm","Extra Points Made","Under","2.5","2.0","DraftKings","-123","66","19.66","https://sportsbook.draftkings.com/?outcomes=0QA361490487%232251258907_13L88808Q1-2034603101Q20"
"Tony Pollard","TEN vs NYJ","1:00pm","Receiving Yards","Under","8.5","8.5","BetMGM","-115","64","19.65","https://sports.il.betmgm.com/en/sports?options=6:43155-3562616-5628454&type=Single"
"Cam Skattebo","NYG vs DAL","8:20pm","Receiving Yards","Under","15.5","15.5","BetOnline","-109","62.4","19.65",""
"Tyjae Spears","TEN vs NYJ","1:00pm","Receiving Yards","Under","17.5","17.7","BetRivers","-117","64.5","19.63","https://il.betrivers.com/?page=sportsbook#event/1027663023?coupon=Single|4331712548|"
"Jordan Love","GB vs MIN","4:25pm","Rushing Yards","Under","10.5","8.9","DraftKings","-119","65","19.62","https://sportsbook.draftkings.com/?outcomes=0QA362079212%232267299920_13L88808Q11058898978Q20"
"Jahmyr Gibbs","DET vs NO","1:00pm","Rushing Attempts","Over","19.5","21.1","BetMGM","100","59.8","19.60","https://sports.il.betmgm.com/en/sports?options=6:43161-3568952-5643722&type=Single"
"Malachi Fields","NYG vs DAL","8:20pm","1st Td","Yes","0.5","","Caesars","2500","4.6","19.60","https://sportsbook.caesars.com/us/il/bet/betslip?selectionIds=0d90687c-8101-365b-ad6f-21c5442f8c41"
"Deshaun Watson","CLE vs JAX","1:00pm","Passing Completions","Over","18.5","20.9","BetOnline","-120","65.2","19.53",""
"Deshaun Watson","CLE vs JAX","1:00pm","Passing Completions","Over","18.5","20.9","Fanatics","-120","65.2","19.53",""
"Saquon Barkley","PHI vs WAS","4:25pm","Rushing Yards","Under","76.5","68.7","BetRivers","-113","63.4","19.51","https://il.betrivers.com/?page=sportsbook#event/1027663021?coupon=Single|4317339401|"
"Dak Prescott","DAL vs NYG","8:20pm","Passing Completions","Under","22.5","20.6","BetOnline","-123","65.9","19.48",""
"DK Metcalf","PIT vs ATL","1:00pm","Receiving Receptions","Under","3.5","3.7","DraftKings","125","53.1","19.48","https://sportsbook.draftkings.com/?outcomes=0QA362097885%232253595937_13L88808Q1-616481466Q20"
"Bhayshul Tuten","JAC vs CLE","1:00pm","Receiving Receptions","Under","1.5","1.8","FanDuel","128","52.4","19.47","https://il.sportsbook.fanduel.com/addToBetslip?marketId=42.605819976&selectionId=60316191"
"Joshua Palmer","BUF vs HOU","1:00pm","Receiving Yards","Under","12.5","12.2","BetOnline","-115","63.9","19.47",""
"D'Andre Swift","CHI vs CAR","1:00pm","Rushing+receiving Yards","Under","78.5","70.3","BetMGM","-115","63.9","19.47","https://sports.il.betmgm.com/en/sports?options=6:43156-3572167-5650433&type=Single"
"Joshua Palmer","BUF vs HOU","1:00pm","Receiving Yards","Under","11.5","12.2","DraftKings","-108","62","19.41","https://sportsbook.draftkings.com/?outcomes=0QA361833032%232254628311_13L88808Q1769551952Q20"
"Trevor Lawrence","JAC vs CLE","1:00pm","Rushing Longest Rush","Over","9.5","18.0","DraftKings","-124","66.1","19.41","https://sportsbook.draftkings.com/?outcomes=0QA362019940%232265847113_13L88808Q1-273915684Q20"
"Quinshon Judkins","CLE vs JAX","1:00pm","Rushing Yards","Over","56.5","70.8","BetMGM","-111","62.8","19.38","https://sports.il.betmgm.com/en/sports?options=6:43660-3570356-5646631&type=Single"
"Tony Pollard","TEN vs NYJ","1:00pm","Rushing Attempts","Over","13.5","15.8","BetMGM","-118","64.6","19.35","https://sports.il.betmgm.com/en/sports?options=6:43155-3572689-5651809&type=Single"
"Kyler Murray","MIN vs GB","4:25pm","Rushing Longest Rush","Over","11.5","20.6","DraftKings","-125","66.3","19.34","https://sportsbook.draftkings.com/?outcomes=0QA362079230%232265327821_13L88808Q1-1258764088Q20"
"Ka'imi Fairbairn","HOU vs BUF","1:00pm","Kicking Total Points","Under","7.5","6.5","DraftKings","-115","63.8","19.28","https://sportsbook.draftkings.com/?outcomes=0QA361832904%232252523842_13L88808Q1862408369Q20"
"Rashee Rice","KC vs DEN","8:15pm","Receiving Longest Reception","Over","20.5","27.2","BetRivers","-115","63.8","19.28","https://il.betrivers.com/?page=sportsbook#event/1027663046?coupon=Single|4333405441|"
"Patrick Mahomes","KC vs DEN","8:15pm","Passing Attempts","Over","32.5","35.1","DraftKings","-117","64.3","19.26","https://sportsbook.draftkings.com/?outcomes=0QA334622634%232237679406_13L88808Q1858555913Q20"
"Bhayshul Tuten","JAC vs CLE","1:00pm","Receiving Yards","Under","11.5","13.4","BetOnline","-114","63.5","19.20",""
"Jaxson Dart","NYG vs DAL","8:20pm","Rushing Attempts","Over","6.5","7.7","BetMGM","100","59.6","19.20","https://sports.il.betmgm.com/en/sports?options=6:43157-3562928-5629002&type=Single"
"Jaxson Dart","NYG vs DAL","8:20pm","Rushing Attempts","Over","6.5","7.7","Fanatics","100","59.6","19.20",""
"Rico Dowdle","PIT vs ATL","1:00pm","Rushing Attempts","Under","12.5","10.6","BetOnline","-137","68.9","19.19",""
"Joshua Palmer","BUF vs HOU","1:00pm","Receiving Longest Reception","Under","10.5","8.7","DraftKings","-111","62.7","19.19","https://sportsbook.draftkings.com/?outcomes=0QA361833232%232254628307_13L88808Q12140305097Q20"
"Rachaad White","WAS vs PHI","4:25pm","Receiving Yards","Under","14.5","16.7","DraftKings","-107","61.6","19.17","https://sportsbook.draftkings.com/?outcomes=0QA361490569%232265410468_13L88808Q1-131433868Q20"
"Devaughn Vele","NO vs DET","1:00pm","Receiving Yards","Under","40.5","36.7","DraftKings","-113","63.2","19.13","https://sportsbook.draftkings.com/?outcomes=0QA361436952%232279324750_13L88808Q1854528814Q20"
"Rashod Bateman","BAL vs IND","1:00pm","Receiving Longest Reception","Under","17.5","16.1","DraftKings","-105","61","19.10","https://sportsbook.draftkings.com/?outcomes=0QA361504551%232251326686_13L88808Q1-382290908Q20"
"Chase Brown","CIN vs TB","1:00pm","Receiving Yards","Under","23.5","22.1","BetMGM","-115","63.7","19.09","https://sports.il.betmgm.com/en/sports?options=6:43659-3569878-5645811&type=Single"
"Bucky Irving","TB vs CIN","1:00pm","Receiving Receptions","Over","2.5","2.7","DraftKings","144","48.8","19.07","https://sportsbook.draftkings.com/?outcomes=0QA361397943%232250877668_13L88808Q1-2107084182Q20"
"Breece Hall","NYJ vs TEN","1:00pm","Receiving Longest Reception","Under","12.5","11.5","BetRivers","-124","65.9","19.05","https://il.betrivers.com/?page=sportsbook#event/1027663023?coupon=Single|4333412909|"
"Dontayvion Wicks","PHI vs WAS","4:25pm","Receiving Receptions","Under","2.5","2.3","FanDuel","-108","61.8","19.02","https://il.sportsbook.fanduel.com/addToBetslip?marketId=42.606094376&selectionId=41071992"
"Jack Bech","LV vs MIA","4:25pm","Receiving Receptions","Under","1.5","1.7","DraftKings","120","54.1","19.02","https://sportsbook.draftkings.com/?outcomes=0QA362371834%232254648728_13L88808Q1-847255388Q20"
"Saquon Barkley","PHI vs WAS","4:25pm","Rushing Yards","Under","76.5","68.7","BetOnline","-114","63.4","19.01",""
"Troy Franklin","DEN vs KC","8:15pm","Anytime Td","Yes","0.5","","Fanatics","1300","8.5","19.00",""
"Tyler Loop","BAL vs IND","1:00pm","Field Goals Made","Under","1.5","1.4","BetMGM","100","59.5","19.00","https://sports.il.betmgm.com/en/sports?options=6:43164-3572306-5650779&type=Single"
"Emmett Johnson","KC vs DEN","8:15pm","Anytime Td","Yes","0.5","","Fanatics","600","17","19.00",""
"Emmett Johnson","KC vs DEN","8:15pm","Anytime Td","Yes","0.5","","FanDuel","600","17","19.00","https://il.sportsbook.fanduel.com/addToBetslip?marketId=42.603593664&selectionId=95394193"
"Jahan Dotson","ATL vs PIT","1:00pm","Receiving Yards","Under","14.5","15.5","BetOnline","-111","62.6","19.00",""
"Jahan Dotson","ATL vs PIT","1:00pm","Receiving Yards","Under","14.5","15.5","DraftKings","-111","62.6","19.00","https://sportsbook.draftkings.com/?outcomes=0QA362098633%232281413743_13L88808Q1-131433868Q20"
"Cairo Santos","CHI vs CAR","1:00pm","Kicking Total Points","Under","7.5","6.5","DraftKings","-118","64.4","18.98","https://sportsbook.draftkings.com/?outcomes=0QA362016664%232253288041_13L88808Q1862408369Q20"
"Brandon Aubrey","DAL vs NYG","8:20pm","Extra Points Made","Under","2.5","2.1","DraftKings","-121","65.1","18.90","https://sportsbook.draftkings.com/?outcomes=0QA334626440%232151982330_13L88808Q1-2034603101Q20"
"Jalen Coker","CAR vs CHI","1:00pm","Receiving Receptions","Under","3.5","3.4","BetOnline","105","58","18.90",""
"Jalen Coker","CAR vs CHI","1:00pm","Receiving Receptions","Under","3.5","3.4","DraftKings","105","58","18.90","https://sportsbook.draftkings.com/?outcomes=0QA362016694%232253684169_13L88808Q1-616481466Q20"
"D'Andre Swift","CHI vs CAR","1:00pm","Total Yards","Under","75.5","70.3","Fanatics","-105","60.9","18.90",""
"C.J. Stroud","HOU vs BUF","1:00pm","Passing Attempts","Over","30.5","33.6","BetMGM","-130","67.2","18.89","https://sports.il.betmgm.com/en/sports?options=6:43166-3562448-5628121&type=Single"
"Jacoby Brissett","ARI vs LAC","4:25pm","Passing Interceptions","Under","0.5","0.6","DraftKings","106","57.7","18.86","https://sportsbook.draftkings.com/?outcomes=0QA362018174%232253292674_13L88808Q1-519559035Q20"
"Jack Bech","LV vs MIA","4:25pm","Receiving Yards","Under","18.5","18.4","BetOnline","-114","63.3","18.83",""
"Jack Bech","LV vs MIA","4:25pm","Receiving Yards","Under","18.5","18.4","FanDuel","-114","63.3","18.83","https://il.sportsbook.fanduel.com/addToBetslip?marketId=42.606533078&selectionId=41330987"
"Baker Mayfield","TB vs CIN","1:00pm","Rushing Yards","Under","16.5","15.1","BetMGM","-120","64.8","18.80","https://sports.il.betmgm.com/en/sports?options=6:43659-3562427-5628085&type=Single"
"Courtland Sutton","DEN vs KC","8:15pm","Receiving Receptions","Under","3.5","3.6","BetMGM","120","54","18.80","https://sports.il.betmgm.com/en/sports?options=6:43160-3570518-5646949&type=Single"
"Adonai Mitchell","NYJ vs TEN","1:00pm","Last Td","Yes","0.5","","DraftKings","1700","6.6","18.80","https://sportsbook.draftkings.com/?outcomes=0QA366588162%232271449274_13L88808Q1-1098343899Q20"
"Cam Skattebo","NYG vs DAL","8:20pm","Receiving Receptions","Under","2.5","2.1","BetMGM","-118","64.3","18.79","https://sports.il.betmgm.com/en/sports?options=6:43157-3562932-5629010&type=Single"
"Aaron Rodgers","PIT vs ATL","1:00pm","Passing Touchdowns","Under","1.5","1.1","BetOnline","-143","69.9","18.78",""
"Jake Bates","DET vs NO","1:00pm","Field Goals Made","Under","1.5","1.3","DraftKings","-106","61.1","18.74","https://sportsbook.draftkings.com/?outcomes=0QA367606207%232275484129_13L88808Q11866316828Q20"
"Devaughn Vele","NO vs DET","1:00pm","Receiving Yards","Under","38.5","36.7","BetMGM","-105","60.8","18.70","https://sports.il.betmgm.com/en/sports?options=6:43161-3570634-5647179&type=Single"
"Cam Ward","TEN vs NYJ","1:00pm","Passing Attempts","Over","30.5","32.5","BetOnline","-108","61.6","18.64",""
"Daniel Jones","IND vs BAL","1:00pm","Rushing Longest Rush","Over","7.5","13.6","DraftKings","-125","65.9","18.62","https://sportsbook.draftkings.com/?outcomes=0QA361504840%232275879861_13L88808Q1-1050674643Q20"
"Calvin Ridley","TEN vs NYJ","1:00pm","Receiving Yards","Under","27.5","25.4","DraftKings","-113","62.9","18.56","https://sportsbook.draftkings.com/?outcomes=0QA362417538%232276658901_13L88808Q1-1091112666Q20"
"Calvin Ridley","TEN vs NYJ","1:00pm","Receiving Yards","Under","27.5","25.4","FanDuel","-113","62.9","18.56","https://il.sportsbook.fanduel.com/addToBetslip?marketId=42.605820622&selectionId=12302576"
"Dontayvion Wicks","PHI vs WAS","4:25pm","Receiving Yards","Under","28.5","26.3","BetRivers","-113","62.9","18.56","https://il.betrivers.com/?page=sportsbook#event/1027663021?coupon=Single|4329425973|"
"Deshaun Watson","CLE vs JAX","1:00pm","Passing Interceptions","Under","0.5","0.6","DraftKings","114","55.4","18.56","https://sportsbook.draftkings.com/?outcomes=0QA362720455%232256093459_13L88808Q1-519559035Q20"
"George Pickens","DAL vs NYG","8:20pm","Receiving Receptions","Under","5.5","4.2","DraftKings","-158","72.6","18.55","https://sportsbook.draftkings.com/?outcomes=0QA334625988%232151981153_13L88808Q1491250762Q20"
"Matthew Golden","GB vs MIN","4:25pm","Receiving Receptions","Under","3.5","2.8","Fanatics","-135","68.1","18.54",""
"Saquon Barkley","PHI vs WAS","4:25pm","Rushing Yards","Under","76.5","68.7","BetMGM","-115","63.4","18.53","https://sports.il.betmgm.com/en/sports?options=6:43158-3569236-5644285&type=Single"
"Bo Nix","DEN vs KC","8:15pm","Passing Attempts","Under","34.5","32.8","DraftKings","-109","61.8","18.50","https://sportsbook.draftkings.com/?outcomes=0QA334622692%232151970634_13L88808Q11079931452Q20"
"George Pickens","DAL vs NYG","8:20pm","Receiving Longest Reception","Under","25.5","23.2","DraftKings","-112","62.6","18.49","https://sportsbook.draftkings.com/?outcomes=0QA334626588%232280417576_13L88808Q1824021911Q20"
"Travis Etienne Jr.","NO vs DET","1:00pm","Receiving Receptions","Under","2.5","2.2","FanDuel","-114","63.1","18.45","https://il.sportsbook.fanduel.com/addToBetslip?marketId=42.605569268&selectionId=16602554"
"Tony Pollard","TEN vs NYJ","1:00pm","Rushing Attempts","Over","13.5","15.8","Fanatics","-120","64.6","18.43",""
"Trevor Lawrence","JAC vs CLE","1:00pm","Rushing Yards","Over","16.5","30.8","FanDuel","-113","62.8","18.38","https://il.sportsbook.fanduel.com/addToBetslip?marketId=42.604265205&selectionId=22336735"
"Daniel Jones","IND vs BAL","1:00pm","Rushing Yards","Over","10.5","21.1","FanDuel","-113","62.8","18.38","https://il.sportsbook.fanduel.com/addToBetslip?marketId=42.606087043&selectionId=16544555"
"Deshaun Watson","CLE vs JAX","1:00pm","Rushing Yards","Under","16.5","15.3","FanDuel","-113","62.8","18.38","https://il.sportsbook.fanduel.com/addToBetslip?marketId=42.606077600&selectionId=12302596"
"Jahmyr Gibbs","DET vs NO","1:00pm","Rushing Attempts","Over","18.5","21.1","DraftKings","-130","66.9","18.36","https://sportsbook.draftkings.com/?outcomes=0QA361394578%232268451790_13L88808Q1139937036Q20"
"Will Reichard","MIN vs GB","4:25pm","Field Goals Made","Under","1.5","1.5","BetMGM","120","53.8","18.36","https://sports.il.betmgm.com/en/sports?options=6:43173-3572971-5652548&type=Single"
"Cam Little","JAC vs CLE","1:00pm","Field Goals Made","Under","1.5","1.6","BetMGM","125","52.6","18.35","https://sports.il.betmgm.com/en/sports?options=6:43660-3572366-5650886&type=Single"
"Saquon Barkley","PHI vs WAS","4:25pm","Rushing+receiving Yards","Under","96.5","87.2","BetMGM","-115","63.3","18.34","https://sports.il.betmgm.com/en/sports?options=6:43158-3573043-5652745&type=Single"
"Justice Hill","BAL vs IND","1:00pm","Anytime Td","Yes","0.5","","Fanatics","510","19.4","18.34",""
"Sam LaPorta","DET vs NO","1:00pm","Receiving Receptions","Under","3.5","3.8","FanDuel","128","51.9","18.33","https://il.sportsbook.fanduel.com/addToBetslip?marketId=42.604069765&selectionId=41154224"
"DeVonta Smith","PHI vs WAS","4:25pm","Receiving Yards","Under","65.5","58.1","BetRivers","-117","63.8","18.33","https://il.betrivers.com/?page=sportsbook#event/1027663021?coupon=Single|4317363593|"
"Christian Watson","GB vs MIN","4:25pm","Receiving Longest Reception","Under","24.5","21.0","BetRivers","-124","65.5","18.32","https://il.betrivers.com/?page=sportsbook#event/1027663024?coupon=Single|4333390453|"
"Omarion Hampton","LAC vs ARI","4:25pm","1st Td","Yes","0.5","","Caesars","450","21.5","18.25","https://sportsbook.caesars.com/us/il/bet/betslip?selectionIds=4b491e20-fb5d-3978-a2ff-e3993b900de7"
"Kirk Cousins","LV vs MIA","4:25pm","Passing Completions","Over","19.5","21.4","BetOnline","-118","64","18.24",""
"Joe Burrow","CIN vs TB","1:00pm","Passing Touchdowns","Under","2.5","1.5","FanDuel","-215","80.7","18.23","https://il.sportsbook.fanduel.com/addToBetslip?marketId=42.606885139&selectionId=20452293"
"Tyquan Thornton","KC vs DEN","8:15pm","Receiving Receptions","Over","1.5","2.0","BetOnline","110","56.3","18.23",""
"Cade Otton","TB vs CIN","1:00pm","Receiving Receptions","Under","3.5","2.9","DraftKings","-135","67.9","18.20","https://sportsbook.draftkings.com/?outcomes=0QA361398753%232273955046_13L88808Q1-616481466Q20"
"Jonathan Taylor","IND vs BAL","1:00pm","Receiving Yards","Under","19.5","18.8","FanDuel","-113","62.7","18.19","https://il.sportsbook.fanduel.com/addToBetslip?marketId=42.606085519&selectionId=16593214"
"Caleb Williams","CHI vs CAR","1:00pm","Passing Touchdowns","Under","1.5","1.3","DraftKings","-113","62.7","18.19","https://sportsbook.draftkings.com/?outcomes=0QA362016403%232253286112_13L88808Q1-1720642580Q20"
"Dak Prescott","DAL vs NYG","8:20pm","Passing+rushing Yards","Under","270.5","243.2","BetRivers","-115","63.2","18.16","https://il.betrivers.com/?page=sportsbook#event/1027638967?coupon=Single|4334134903|"
"J.K. Dobbins","DEN vs KC","8:15pm","Receiving Yards","Under","4.5","5.3","BetMGM","-115","63.2","18.16","https://sports.il.betmgm.com/en/sports?options=6:43160-3562762-5628736&type=Single"
"J.K. Dobbins","DEN vs KC","8:15pm","Receiving Yards","Under","4.5","5.3","DraftKings","-115","63.2","18.16","https://sportsbook.draftkings.com/?outcomes=0QA334622773%232151972631_13L88808Q11617281224Q20"
"Chase Brown","CIN vs TB","1:00pm","Receiving Yards","Under","23.5","22.1","BetRivers","-117","63.7","18.14","https://il.betrivers.com/?page=sportsbook#event/1027663019?coupon=Single|4318726977|"
"Rico Dowdle","PIT vs ATL","1:00pm","Rushing Attempts","Under","12.5","10.6","BetMGM","-140","68.9","18.11","https://sports.il.betmgm.com/en/sports?options=6:43165-3572399-5650945&type=Single"
"Cam Skattebo","NYG vs DAL","8:20pm","Receiving Yards","Under","15.5","15.5","DraftKings","-112","62.4","18.11","https://sportsbook.draftkings.com/?outcomes=0QA334630528%232251290017_13L88808Q1-796812523Q20"
"Aaron Rodgers","PIT vs ATL","1:00pm","Passing Attempts","Over","31.5","33.2","DraftKings","-104","60.2","18.08","https://sportsbook.draftkings.com/?outcomes=0QA362098788%232253597862_13L88808Q1-986815955Q20"
"Cairo Santos","CHI vs CAR","1:00pm","Extra Points Made","Under","2.5","2.1","BetMGM","-125","65.6","18.08","https://sports.il.betmgm.com/en/sports?options=6:43156-3570498-5646914&type=Single"
"Calvin Ridley","TEN vs NYJ","1:00pm","Receiving Yards","Under","27.5","25.4","BetOnline","-114","62.9","18.08",""
"Dontayvion Wicks","PHI vs WAS","4:25pm","Receiving Yards","Under","28.5","26.3","FanDuel","-114","62.9","18.08","https://il.sportsbook.fanduel.com/addToBetslip?marketId=42.606094374&selectionId=41071992"
"Tetairoa McMillan","CAR vs CHI","1:00pm","Receiving Yards","Under","62.5","55.9","BetOnline","-114","62.9","18.08",""
"Jaxson Dart","NYG vs DAL","8:20pm","Passing Attempts","Over","29.5","31.8","BetMGM","-120","64.4","18.07","https://sports.il.betmgm.com/en/sports?options=6:43157-3562920-5628987&type=Single"
"Deshaun Watson","CLE vs JAX","1:00pm","Passing Interceptions","Under","0.5","0.6","BetOnline","113","55.4","18.00",""
"Chris Rodriguez Jr.","JAC vs CLE","1:00pm","1st Td","Yes","0.5","","FanDuel","900","11.8","18.00","https://il.sportsbook.fanduel.com/addToBetslip?marketId=42.604229484&selectionId=60221458"
"Tyjae Spears","TEN vs NYJ","1:00pm","Receiving Yards","Under","16.5","17.7","FanDuel","-113","62.6","18.00","https://il.sportsbook.fanduel.com/addToBetslip?marketId=42.606078343&selectionId=48895398"
"Dontayvion Wicks","PHI vs WAS","4:25pm","Receiving Receptions","Under","2.5","2.3","BetOnline","-110","61.8","17.98",""
"Dontayvion Wicks","PHI vs WAS","4:25pm","Receiving Receptions","Under","2.5","2.3","DraftKings","-110","61.8","17.98","https://sportsbook.draftkings.com/?outcomes=0QA361489930%232251271411_13L88808Q11045072483Q20"
"Bo Nix","DEN vs KC","8:15pm","Passing Attempts","Under","34.5","32.8","BetOnline","-110","61.8","17.98",""
"George Pickens","DAL vs NYG","8:20pm","Receiving Receptions","Under","5.5","4.2","BetMGM","-160","72.6","17.98","https://sports.il.betmgm.com/en/sports?options=6:43157-3562958-5629062&type=Single"
"CeeDee Lamb","DAL vs NYG","8:20pm","Receiving Longest Reception","Under","24.5","22.5","BetMGM","-115","63.1","17.97","https://sports.il.betmgm.com/en/sports?options=6:43157-3572571-5651538&type=Single"
"CeeDee Lamb","DAL vs NYG","8:20pm","Receiving Longest Reception","Under","24.5","22.5","BetRivers","-115","63.1","17.97","https://il.betrivers.com/?page=sportsbook#event/1027638967?coupon=Single|4333415039|"
"Matthew Golden","GB vs MIN","4:25pm","Receiving Longest Reception","Under","20.5","18.0","BetMGM","-115","63.1","17.97","https://sports.il.betmgm.com/en/sports?options=6:43173-3572967-5652540&type=Single"
"Aaron Rodgers","PIT vs ATL","1:00pm","Rushing Yards","Under","0.5","3.3","DraftKings","-119","64.1","17.97","https://sportsbook.draftkings.com/?outcomes=0QA362098218%232276693822_13L88808Q1-495610809Q20"
"Jake Elliott","PHI vs WAS","4:25pm","Kicking Total Points","Under","7.5","6.4","DraftKings","-124","65.3","17.96","https://sportsbook.draftkings.com/?outcomes=0QA361490342%232251258858_13L88808Q1862408369Q20"
"Baker Mayfield","TB vs CIN","1:00pm","Rushing Yards","Under","15.5","15.1","BetRivers","-112","62.3","17.92","https://il.betrivers.com/?page=sportsbook#event/1027663019?coupon=Single|4318734517|"
"Lamar Jackson","BAL vs IND","1:00pm","Passing Touchdowns","Under","1.5","1.2","FanDuel","-122","64.8","17.91","https://il.sportsbook.fanduel.com/addToBetslip?marketId=42.604085355&selectionId=16579680"
"Jared Goff","DET vs NO","1:00pm","Passing Touchdowns","Under","1.5","1.5","BetMGM","125","52.4","17.90","https://sports.il.betmgm.com/en/sports?options=6:43161-3562493-5628210&type=Single"
"Bhayshul Tuten","JAC vs CLE","1:00pm","Receiving Receptions","Under","1.5","1.8","DraftKings","125","52.4","17.90","https://sportsbook.draftkings.com/?outcomes=0QA362019842%232253779757_13L88808Q1-847255388Q20"
"Joe Burrow","CIN vs TB","1:00pm","Passing Touchdowns","Under","2.5","1.5","BetOnline","-217","80.7","17.89",""
"Rashee Rice","KC vs DEN","8:15pm","Receiving Longest Reception","Over","20.5","27.2","DraftKings","-118","63.8","17.87","https://sportsbook.draftkings.com/?outcomes=0QA334622787%232237901824_13L88808Q1-1494019645Q20"
"Cade Otton","TB vs CIN","1:00pm","Receiving Yards","Under","29.5","28.5","BetMGM","-111","62","17.86","https://sports.il.betmgm.com/en/sports?options=6:43659-3572070-5650225&type=Single"
"Chris Boswell","PIT vs ATL","1:00pm","Extra Points Made","Under","2.5","1.8","Fanatics","-170","74.2","17.85",""
"Aaron Rodgers","PIT vs ATL","1:00pm","Passing Attempts","Over","30.5","33.2","BetOnline","-130","66.6","17.83",""
"Jordan Love","GB vs MIN","4:25pm","Rushing Yards","Under","9.5","8.9","BetRivers","-110","61.7","17.79","https://il.betrivers.com/?page=sportsbook#event/1027663024?coupon=Single|4317821471|"
"Jerry Jeudy","CLE vs JAX","1:00pm","Receiving Longest Reception","Over","15.5","19.7","BetMGM","-110","61.7","17.79","https://sports.il.betmgm.com/en/sports?options=6:43660-3572356-5650865&type=Single"
"Jalen Hurts","PHI vs WAS","4:25pm","Rushing Yards","Over","29.5","50.2","BetRivers","-115","63","17.78","https://il.betrivers.com/?page=sportsbook#event/1027663021?coupon=Single|4317339329|"
"Tyler Shough","NO vs DET","1:00pm","Passing Longest Completion","Under","37.5","35.7","BetRivers","-115","63","17.78","https://il.betrivers.com/?page=sportsbook#event/1027663022?coupon=Single|4332824724|"
"Kirk Cousins","LV vs MIA","4:25pm","Passing Completions","Over","19.5","21.4","DraftKings","-119","64","17.78","https://sportsbook.draftkings.com/?outcomes=0QA362371840%232273016025_13L88808Q11989889011Q20"
"Tyler Bass","BUF vs HOU","1:00pm","Kicking Total Points","Under","7.5","6.3","DraftKings","-128","66.1","17.74","https://sportsbook.draftkings.com/?outcomes=0QA361833911%232252527148_13L88808Q1862408369Q20"
"Justin Herbert","LAC vs ARI","4:25pm","Passing Attempts","Over","29.5","31.8","DraftKings","-122","64.7","17.73","https://sportsbook.draftkings.com/?outcomes=0QA362018519%232253811057_13L88808Q11767639397Q20"
"Jack Bech","LV vs MIA","4:25pm","Receiving Yards","Under","17.5","18.4","DraftKings","-109","61.4","17.73","https://sportsbook.draftkings.com/?outcomes=0QA362371026%232254730595_13L88808Q1392644849Q20"
"Deshaun Watson","CLE vs JAX","1:00pm","Passing Longest Completion","Over","28.5","35.0","BetRivers","-125","65.4","17.72","https://il.betrivers.com/?page=sportsbook#event/1027663027?coupon=Single|4334070130|"
"Patrick Mahomes","KC vs DEN","8:15pm","Passing Completions","Over","20.5","22.7","BetMGM","-125","65.4","17.72","https://sports.il.betmgm.com/en/sports?options=6:43160-3570517-5646946&type=Single"
"Jacoby Brissett","ARI vs LAC","4:25pm","Passing Interceptions","Under","0.5","0.6","BetRivers","104","57.7","17.71","https://il.betrivers.com/?page=sportsbook#event/1027663028?coupon=Single|4319165962|"
"DeVonta Smith","PHI vs WAS","4:25pm","Receiving Yards","Under","64.5","58.1","FanDuel","-114","62.7","17.70","https://il.sportsbook.fanduel.com/addToBetslip?marketId=42.603829836&selectionId=40878036"
"Caleb Williams","CHI vs CAR","1:00pm","Passing Touchdowns","Under","1.5","1.3","FanDuel","-114","62.7","17.70","https://il.sportsbook.fanduel.com/addToBetslip?marketId=42.604192368&selectionId=41519458"
"Breece Hall","NYJ vs TEN","1:00pm","Receiving Yards","Under","20.5","19.6","BetOnline","-118","63.7","17.68",""
"Saquon Barkley","PHI vs WAS","4:25pm","Rushing Longest Rush","Under","17.5","18.0","DraftKings","-108","61.1","17.67","https://sportsbook.draftkings.com/?outcomes=0QA361490230%232251264239_13L88808Q11027152449Q20"
"Chris Rodriguez Jr.","JAC vs CLE","1:00pm","Rushing Yards","Over","36.5","49.5","DraftKings","-113","62.4","17.62","https://sportsbook.draftkings.com/?outcomes=0QA362019279%232278008251_13L88808Q1659496718Q20"
"Chris Rodriguez Jr.","JAC vs CLE","1:00pm","Rushing Yards","Over","36.5","49.5","FanDuel","-113","62.4","17.62","https://il.sportsbook.fanduel.com/addToBetslip?marketId=42.604262121&selectionId=41073257"
"Jaylen Warren","PIT vs ATL","1:00pm","1st Td","Yes","0.5","","FanDuel","600","16.8","17.60","https://il.sportsbook.fanduel.com/addToBetslip?marketId=42.604353105&selectionId=42225581"
"Kyle Monangai","CHI vs CAR","1:00pm","1st Td","Yes","0.5","","Caesars","1300","8.4","17.60","https://sportsbook.caesars.com/us/il/bet/betslip?selectionIds=482d2ef3-42a0-336d-b31a-ef62b5dd4220"
"Josh Allen","BUF vs HOU","1:00pm","Rushing Yards","Over","33.5","53.6","DraftKings","-110","61.6","17.60","https://sportsbook.draftkings.com/?outcomes=0QA361833748%232265042414_13L88808Q1750177141Q20"
"Rachaad White","WAS vs PHI","4:25pm","Receiving Yards","Under","14.5","16.7","BetOnline","-110","61.6","17.60",""
"De'Von Achane","MIA vs LV","4:25pm","Rushing+receiving Yards","Under","103.5","93.8","BetMGM","-115","62.9","17.60","https://sports.il.betmgm.com/en/sports?options=6:43159-3570089-5646165&type=Single"
"De'Von Achane","MIA vs LV","4:25pm","Rushing+receiving Yards","Under","103.5","93.8","DraftKings","-115","62.9","17.60","https://sportsbook.draftkings.com/?outcomes=0QA362372103%232273087042_13L88808Q1-712096592Q20"
"Chris Boswell","PIT vs ATL","1:00pm","Extra Points Made","Under","2.5","1.8","DraftKings","-171","74.2","17.59","https://sportsbook.draftkings.com/?outcomes=0QA362098599%232253597995_13L88808Q1-2034603101Q20"
"Cade Otton","TB vs CIN","1:00pm","Receiving Yards","Under","30.5","28.5","BetRivers","-117","63.4","17.59","https://il.betrivers.com/?page=sportsbook#event/1027663019?coupon=Single|4327710171|"
"KaVontae Turpin","DAL vs NYG","8:20pm","Rushing Yards","Under","5.5","7.0","FanDuel","-128","66","17.56","https://il.sportsbook.fanduel.com/addToBetslip?marketId=42.607392500&selectionId=48401059"
"Jake Elliott","PHI vs WAS","4:25pm","Kicking Total Points","Under","7.5","6.4","Fanatics","-125","65.3","17.54",""
"Kenny Gainwell","TB vs CIN","1:00pm","Rushing Yards","Under","21.5","20.8","DraftKings","-109","61.3","17.54","https://sportsbook.draftkings.com/?outcomes=0QA361398362%232274407777_13L88808Q1-119150529Q20"
"Aaron Rodgers","PIT vs ATL","1:00pm","Rushing Yards","Under","0.5","3.3","FanDuel","-120","64.1","17.52","https://il.sportsbook.fanduel.com/addToBetslip?marketId=42.606132028&selectionId=11925812"
"De'Von Achane","MIA vs LV","4:25pm","Rushing Attempts","Under","15.5","14.0","BetOnline","-120","64.1","17.52",""
"Tyler Loop","BAL vs IND","1:00pm","Extra Points Made","Under","2.5","2.1","BetMGM","-120","64.1","17.52","https://sports.il.betmgm.com/en/sports?options=6:43164-3572307-5650781&type=Single"
"Kenny Gainwell","TB vs CIN","1:00pm","Receiving Longest Reception","Under","11.5","11.6","DraftKings","-118","63.6","17.50","https://sportsbook.draftkings.com/?outcomes=0QA361397736%232254883530_13L88808Q1469104068Q20"
"Cade Otton","TB vs CIN","1:00pm","Receiving Receptions","Under","3.5","2.9","BetOnline","-137","67.9","17.46",""
"Baker Mayfield","TB vs CIN","1:00pm","Rushing Yards","Under","15.5","15.1","FanDuel","-113","62.3","17.43","https://il.sportsbook.fanduel.com/addToBetslip?marketId=42.606885146&selectionId=16602449"
"Malik Willis","MIA vs LV","4:25pm","Rushing Yards","Under","43.5","42.9","BetOnline","-110","61.5","17.41",""
"KaVontae Turpin","DAL vs NYG","8:20pm","Rushing Yards","Under","4.5","7.0","DraftKings","-110","61.5","17.41","https://sportsbook.draftkings.com/?outcomes=0QA334626598%232238866112_13L88808Q1-997123795Q20"
"Ladd McConkey","LAC vs ARI","4:25pm","Receiving Receptions","Under","4.5","4.1","BetMGM","-110","61.5","17.41","https://sports.il.betmgm.com/en/sports?options=6:43172-3563122-5629402&type=Single"
"Deshaun Watson","CLE vs JAX","1:00pm","Rushing Yards","Under","16.5","15.3","BetMGM","-115","62.8","17.41","https://sports.il.betmgm.com/en/sports?options=6:43660-3563726-5631427&type=Single"
"Jacoby Brissett","ARI vs LAC","4:25pm","Rushing Yards","Over","9.5","18.1","BetMGM","-115","62.8","17.41","https://sports.il.betmgm.com/en/sports?options=6:43172-3563138-5629429&type=Single"
"Mike Gesicki","CIN vs TB","1:00pm","Receiving Yards","Under","19.5","19.4","BetRivers","-115","62.8","17.41","https://il.betrivers.com/?page=sportsbook#event/1027663019?coupon=Single|4330338318|"
"Quinshon Judkins","CLE vs JAX","1:00pm","Rushing+receiving Yards","Over","67.5","82.9","BetRivers","-115","62.8","17.41","https://il.betrivers.com/?page=sportsbook#event/1027663027?coupon=Single|4333309693|"
"Saquon Barkley","PHI vs WAS","4:25pm","Rushing+receiving Yards","Under","96.5","87.2","BetRivers","-117","63.3","17.40","https://il.betrivers.com/?page=sportsbook#event/1027663021?coupon=Single|4327950949|"
"Joe Burrow","CIN vs TB","1:00pm","Passing Touchdowns","Under","2.5","1.5","BetMGM","-220","80.7","17.38","https://sports.il.betmgm.com/en/sports?options=6:43659-3562418-5628069&type=Single"
"Bo Nix","DEN vs KC","8:15pm","Passing Touchdowns","Under","1.5","1.0","DraftKings","-167","73.4","17.35","https://sportsbook.draftkings.com/?outcomes=0QA334622270%232151968926_13L88808Q1-1720642580Q20"
"Kyler Murray","MIN vs GB","4:25pm","Passing Completions","Under","21.5","20.4","DraftKings","-105","60.1","17.34","https://sportsbook.draftkings.com/?outcomes=0QA362078389%232254556411_13L88808Q1269257811Q20"
"Kirk Cousins","LV vs MIA","4:25pm","Passing Completions","Over","19.5","21.4","BetMGM","-120","64","17.33","https://sports.il.betmgm.com/en/sports?options=6:43159-3569196-5644201&type=Single"
"Kirk Cousins","LV vs MIA","4:25pm","Passing Completions","Over","19.5","21.4","Fanatics","-120","64","17.33",""
"Cam Ward","TEN vs NYJ","1:00pm","Rushing Yards","Under","10.5","10.5","BetRivers","-120","64","17.33","https://il.betrivers.com/?page=sportsbook#event/1027663023?coupon=Single|4331810416|"
"Jalen Hurts","PHI vs WAS","4:25pm","Rushing Yards","Over","29.5","50.2","DraftKings","-116","63","17.31","https://sportsbook.draftkings.com/?outcomes=0QA361489776%232258513072_13L88808Q11479980551Q20"
"Jordan Love","GB vs MIN","4:25pm","Rushing Yards","Under","9.5","8.9","BetMGM","-111","61.7","17.29","https://sports.il.betmgm.com/en/sports?options=6:43173-3563044-5629218&type=Single"
"Jordan Love","GB vs MIN","4:25pm","Rushing Yards","Under","9.5","8.9","BetOnline","-111","61.7","17.29",""
"Matthew Golden","GB vs MIN","4:25pm","Receiving Yards","Under","37.5","34.3","BetRivers","-113","62.2","17.24","https://il.betrivers.com/?page=sportsbook#event/1027663024?coupon=Single|4317925344|"
"Christian Watson","GB vs MIN","4:25pm","Receiving Longest Reception","Under","23.5","21.0","BetMGM","-115","62.7","17.22","https://sports.il.betmgm.com/en/sports?options=6:43173-3563057-5629242&type=Single"
"De'Von Achane","MIA vs LV","4:25pm","Rushing Yards","Under","66.5","60.0","BetRivers","-115","62.7","17.22","https://il.betrivers.com/?page=sportsbook#event/1027663025?coupon=Single|4328028449|"
"Jack Bech","LV vs MIA","4:25pm","Receiving Longest Reception","Under","12.5","11.2","DraftKings","-112","61.9","17.17","https://sportsbook.draftkings.com/?outcomes=0QA362371986%232277845535_13L88808Q1-1262714477Q20"
"Quinshon Judkins","CLE vs JAX","1:00pm","Rushing Yards","Over","55.5","70.8","Fanatics","-120","63.9","17.15",""
"Adam Trautman","DEN vs KC","8:15pm","Receiving Yards","Under","7.5","9.0","FanDuel","-114","62.4","17.14","https://il.sportsbook.fanduel.com/addToBetslip?marketId=42.606274382&selectionId=40905244"
"Cam Skattebo","NYG vs DAL","8:20pm","Receiving Yards","Under","15.5","15.5","BetRivers","-114","62.4","17.14","https://il.betrivers.com/?page=sportsbook#event/1027638967?coupon=Single|4326993080|"
"Cam Skattebo","NYG vs DAL","8:20pm","Receiving Yards","Under","15.5","15.5","FanDuel","-114","62.4","17.14","https://il.sportsbook.fanduel.com/addToBetslip?marketId=42.605828172&selectionId=88246518"
"Aaron Rodgers","PIT vs ATL","1:00pm","Passing Touchdowns","Under","1.5","1.1","DraftKings","-148","69.9","17.13","https://sportsbook.draftkings.com/?outcomes=0QA362098335%232253598027_13L88808Q1-1720642580Q20"
"Bucky Irving","TB vs CIN","1:00pm","Receiving Receptions","Over","2.5","2.7","BetMGM","140","48.8","17.12","https://sports.il.betmgm.com/en/sports?options=6:43659-3572075-5650234&type=Single"
"Ja'Marr Chase","CIN vs TB","1:00pm","Receiving Receptions","Under","7.5","6.1","BetOnline","-147","69.7","17.11",""
"C.J. Stroud","HOU vs BUF","1:00pm","Passing Interceptions","Under","0.5","0.6","DraftKings","104","57.4","17.10","https://sportsbook.draftkings.com/?outcomes=0QA361833053%232252524590_13L88808Q1-519559035Q20"
"Dak Prescott","DAL vs NYG","8:20pm","Rushing Yards","Over","7.5","16.7","BetRivers","-115","62.6","17.03","https://il.betrivers.com/?page=sportsbook#event/1027638967?coupon=Single|4326989848|"
"J.K. Dobbins","DEN vs KC","8:15pm","Rushing+receiving Yards","Under","56.5","51.3","BetMGM","-115","62.6","17.03","https://sports.il.betmgm.com/en/sports?options=6:43160-3569830-5645730&type=Single"
"George Pickens","DAL vs NYG","8:20pm","Receiving Longest Reception","Under","25.5","23.2","BetRivers","-115","62.6","17.03","https://il.betrivers.com/?page=sportsbook#event/1027638967?coupon=Single|4333415033|"
"Kenny Gainwell","TB vs CIN","1:00pm","Rushing Yards","Under","21.5","20.8","BetMGM","-110","61.3","17.03","https://sports.il.betmgm.com/en/sports?options=6:43659-3570537-5646983&type=Single"
"Kenny Gainwell","TB vs CIN","1:00pm","Rushing Yards","Under","21.5","20.8","BetOnline","-110","61.3","17.03",""
"Quinshon Judkins","CLE vs JAX","1:00pm","Rushing Longest Rush","Over","13.5","18.3","DraftKings","-110","61.3","17.03","https://sportsbook.draftkings.com/?outcomes=0QA362019177%232256102998_13L88808Q1-1343154791Q20"
"Bhayshul Tuten","JAC vs CLE","1:00pm","Receiving Yards","Under","10.5","13.4","BetMGM","-110","61.3","17.03","https://sports.il.betmgm.com/en/sports?options=6:43660-3562657-5628536&type=Single"
"Bhayshul Tuten","JAC vs CLE","1:00pm","Receiving Yards","Under","10.5","13.4","BetRivers","-110","61.3","17.03","https://il.betrivers.com/?page=sportsbook#event/1027663027?coupon=Single|4333116394|"
"Tommy Tremble","CAR vs CHI","1:00pm","1st Td","Yes","0.5","","BetRivers","2900","3.9","17.00","https://il.betrivers.com/?page=sportsbook#event/1027663018?coupon=Single|4318908341|"
"Jack Bech","LV vs MIA","4:25pm","Receiving Longest Reception","Under","13.5","11.2","BetMGM","-125","65","17.00","https://sports.il.betmgm.com/en/sports?options=6:43159-3572885-5652351&type=Single"
"Theo Johnson","NYG vs DAL","8:20pm","Receiving Receptions","Over","1.5","2.5","FanDuel","-112","61.8","16.98","https://il.sportsbook.fanduel.com/addToBetslip?marketId=42.607287577&selectionId=60780431"
"Chris Olave","NO vs DET","1:00pm","Receiving Receptions","Under","6.5","5.5","BetMGM","-135","67.2","16.98","https://sports.il.betmgm.com/en/sports?options=6:43161-3562537-5628298&type=Single"
"Bijan Robinson","ATL vs PIT","1:00pm","Rushing Yards","Under","75.5","71.1","Fanatics","-105","59.9","16.95",""
"Patrick Mahomes","KC vs DEN","8:15pm","Passing Completions","Over","21.5","22.7","BetOnline","103","57.6","16.93",""
"J.K. Dobbins","DEN vs KC","8:15pm","Rushing Yards","Under","49.5","46.0","BetOnline","-111","61.5","16.91",""
"Jordan Love","GB vs MIN","4:25pm","Passing Attempts","Under","32.5","30.6","DraftKings","-121","64","16.89","https://sportsbook.draftkings.com/?outcomes=0QA362078690%232267302171_13L88808Q12114476987Q20"
"Omarion Hampton","LAC vs ARI","4:25pm","Receiving Receptions","Over","2.5","3.1","DraftKings","104","57.3","16.89","https://sportsbook.draftkings.com/?outcomes=0QA362017948%232253291956_13L88808Q1-2107084182Q20"
"Jerry Jeudy","CLE vs JAX","1:00pm","Anytime Td","Yes","0.5","","Fanatics","525","18.7","16.88",""
"Colston Loveland","CHI vs CAR","1:00pm","Receiving Longest Reception","Under","20.5","19.1","BetRivers","-115","62.5","16.85","https://il.betrivers.com/?page=sportsbook#event/1027663018?coupon=Single|4333415480|"
"Jalen Tolbert","MIA vs LV","4:25pm","Receiving Yards","Under","11.5","12.5","BetRivers","-117","63","16.85","https://il.betrivers.com/?page=sportsbook#event/1027663025?coupon=Single|4333285183|"
"Jake Bates","DET vs NO","1:00pm","Extra Points Made","Under","3.5","2.5","DraftKings","-184","75.7","16.84","https://sportsbook.draftkings.com/?outcomes=0QA361394916%232280205429_13L88808Q1386550185Q20"
"Calvin Ridley","TEN vs NYJ","1:00pm","Receiving Longest Reception","Under","17.5","15.4","DraftKings","-110","61.2","16.84","https://sportsbook.draftkings.com/?outcomes=0QA362417529%232254868952_13L88808Q1-382290908Q20"
"J.K. Dobbins","DEN vs KC","8:15pm","Rushing Attempts","Under","12.5","10.8","Fanatics","-135","67.1","16.80",""
"Ja'Marr Chase","CIN vs TB","1:00pm","Receiving Receptions","Under","7.5","6.1","DraftKings","-148","69.7","16.79","https://sportsbook.draftkings.com/?outcomes=0QA361398114%232254645497_13L88808Q1464456509Q20"
"Jared Goff","DET vs NO","1:00pm","Passing Attempts","Under","33.5","31.9","DraftKings","-112","61.7","16.79","https://sportsbook.draftkings.com/?outcomes=0QA361395077%232250942985_13L88808Q1291074885Q20"
"Kenny Gainwell","TB vs CIN","1:00pm","Receiving Yards","Under","22.5","22.2","BetRivers","-120","63.7","16.78","https://il.betrivers.com/?page=sportsbook#event/1027663019?coupon=Single|4333153587|"
"RJ Harvey","DEN vs KC","8:15pm","Receiving Yards","Under","15.5","16.6","BetRivers","-120","63.7","16.78","https://il.betrivers.com/?page=sportsbook#event/1027663046?coupon=Single|4330198262|"
"Jake Elliott","PHI vs WAS","4:25pm","Extra Points Made","Under","2.5","2.0","Fanatics","-130","66","16.77",""
"Jordan Addison","MIN vs GB","4:25pm","Receiving Receptions","Under","3.5","3.1","DraftKings","-118","63.2","16.76","https://sportsbook.draftkings.com/?outcomes=0QA362078862%232254549855_13L88808Q1-616481466Q20"
"Marvin Harrison Jr.","ARI vs LAC","4:25pm","Receiving Yards","Under","49.5","44.1","BetMGM","-118","63.2","16.76","https://sports.il.betmgm.com/en/sports?options=6:43172-3572770-5652057&type=Single"
"Caleb Williams","CHI vs CAR","1:00pm","Passing Touchdowns","Under","1.5","1.3","BetOnline","-116","62.7","16.75",""
"Gunnar Helm","TEN vs NYJ","1:00pm","Receiving Yards","Under","21.5","21.7","DraftKings","-108","60.6","16.71","https://sportsbook.draftkings.com/?outcomes=0QA362384389%232274395485_13L88808Q1-1931868121Q20"
"Devaughn Vele","NO vs DET","1:00pm","Receiving Yards","Under","39.5","36.7","FanDuel","-113","61.9","16.68","https://il.sportsbook.fanduel.com/addToBetslip?marketId=42.605569031&selectionId=41522432"
"Malik Willis","MIA vs LV","4:25pm","Passing Interceptions","Under","0.5","0.6","BetOnline","-103","59.2","16.68",""
"Joe Burrow","CIN vs TB","1:00pm","Passing Yards","Under","272.5","246.6","BetMGM","-115","62.4","16.66","https://sports.il.betmgm.com/en/sports?options=6:43659-3571779-5649697&type=Single"
"Chris Rodriguez Jr.","JAC vs CLE","1:00pm","Rushing Yards","Over","36.5","49.5","BetMGM","-115","62.4","16.66","https://sports.il.betmgm.com/en/sports?options=6:43660-3572331-5650819&type=Single"
"Trevor Lawrence","JAC vs CLE","1:00pm","Rushing Longest Rush","Over","10.5","18.0","BetRivers","-107","60.3","16.66","https://il.betrivers.com/?page=sportsbook#event/1027663027?coupon=Single|4332885443|"
"Jayden Daniels","WAS vs PHI","4:25pm","Passing Completions","Over","18.5","20.2","Fanatics","-110","61.1","16.65",""
"Cam Ward","TEN vs NYJ","1:00pm","Rushing Yards","Under","9.5","10.5","BetOnline","-110","61.1","16.65",""
"Cam Ward","TEN vs NYJ","1:00pm","Rushing Yards","Under","9.5","10.5","DraftKings","-110","61.1","16.65","https://sportsbook.draftkings.com/?outcomes=0QA362384020%232271499081_13L88808Q1-979552124Q20"
"Matt Gay","LV vs MIA","4:25pm","Kicking Total Points","Under","6.5","6.2","Fanatics","105","56.9","16.65",""
"Lamar Jackson","BAL vs IND","1:00pm","Passing Touchdowns","Under","1.5","1.2","BetRivers","-125","64.8","16.64","https://il.betrivers.com/?page=sportsbook#event/1027663026?coupon=Single|4318681743|"
"Bucky Irving","TB vs CIN","1:00pm","Receiving Receptions","Over","2.5","2.7","BetOnline","139","48.8","16.63",""
"Breece Hall","NYJ vs TEN","1:00pm","Rushing Attempts","Under","17.5","15.4","BetMGM","-135","67","16.63","https://sports.il.betmgm.com/en/sports?options=6:43155-3572490-5651311&type=Single"
"Bhayshul Tuten","JAC vs CLE","1:00pm","Rushing Longest Rush","Under","12.5","13.5","DraftKings","-101","58.6","16.62","https://sportsbook.draftkings.com/?outcomes=0QA362019507%232255867178_13L88808Q1-1253448865Q20"
"Chris Olave","NO vs DET","1:00pm","Receiving Receptions","Under","6.5","5.5","FanDuel","-136","67.2","16.61","https://il.sportsbook.fanduel.com/addToBetslip?marketId=42.604067849&selectionId=41158859"
"Matt Gay","LV vs MIA","4:25pm","Kicking Total Points","Under","7.5","6.2","DraftKings","-139","67.8","16.58","https://sportsbook.draftkings.com/?outcomes=0QA362371971%232254649509_13L88808Q1862408369Q20"
"Tyjae Spears","TEN vs NYJ","1:00pm","Receiving Yards","Under","16.5","17.7","BetOnline","-116","62.6","16.57",""
"Tyjae Spears","TEN vs NYJ","1:00pm","Receiving Yards","Under","16.5","17.7","DraftKings","-116","62.6","16.57","https://sportsbook.draftkings.com/?outcomes=0QA362383703%232258185131_13L88808Q1861045653Q20"
"Charlie Kolar","LAC vs ARI","4:25pm","Receiving Receptions","Under","1.5","1.8","FanDuel","128","51.1","16.51","https://il.sportsbook.fanduel.com/addToBetslip?marketId=42.606094579&selectionId=41075124"
"Tony Pollard","TEN vs NYJ","1:00pm","Receiving Yards","Under","8.5","8.5","BetRivers","-122","64","16.46","https://il.betrivers.com/?page=sportsbook#event/1027663023?coupon=Single|4327825984|"
"Samaje Perine","CIN vs TB","1:00pm","Receiving Yards","Under","6.5","9.4","BetMGM","-110","61","16.45","https://sports.il.betmgm.com/en/sports?options=6:43659-3569889-5645833&type=Single"
"Colston Loveland","CHI vs CAR","1:00pm","Receiving Receptions","Under","4.5","4.0","BetMGM","-120","63.5","16.42","https://sports.il.betmgm.com/en/sports?options=6:43156-3562483-5628192&type=Single"
"Joe Burrow","CIN vs TB","1:00pm","Passing Yards","Under","270.5","246.6","DraftKings","-112","61.5","16.41","https://sportsbook.draftkings.com/?outcomes=0QA361398531%232254767070_13L88808Q1788559962Q20"
"Marvin Harrison Jr.","ARI vs LAC","4:25pm","Receiving Yards","Under","47.5","44.1","BetOnline","-112","61.5","16.41",""
"Evan McPherson","CIN vs TB","1:00pm","Extra Points Made","Under","2.5","2.3","Fanatics","100","58.2","16.40",""
"Justice Hill","BAL vs IND","1:00pm","Anytime Td","Yes","0.5","","Caesars","500","19.4","16.40","https://sportsbook.caesars.com/us/il/bet/betslip?selectionIds=8d2d08ed-7501-3edc-aaff-78163edb9708"
"Cade Otton","TB vs CIN","1:00pm","Receiving Receptions","Under","3.5","2.9","FanDuel","-140","67.9","16.40","https://il.sportsbook.fanduel.com/addToBetslip?marketId=42.606885182&selectionId=41346942"
"Ashton Jeanty","LV vs MIA","4:25pm","Rushing Longest Rush","Over","12.5","17.5","DraftKings","-109","60.7","16.39","https://sportsbook.draftkings.com/?outcomes=0QA362371525%232257335424_13L88808Q1-1029291925Q20"
"Cam Skattebo","NYG vs DAL","8:20pm","Rushing Attempts","Over","11.5","13.3","BetOnline","-114","62","16.39",""
"Quinshon Judkins","CLE vs JAX","1:00pm","Total Yards","Over","70.5","82.9","Fanatics","-105","59.6","16.36",""
"Ladd McConkey","LAC vs ARI","4:25pm","Receiving Yards","Under","58.5","54.6","DraftKings","-111","61.2","16.34","https://sportsbook.draftkings.com/?outcomes=0QA362018302%232280695628_13L88808Q11949508389Q20"
"Kyle Monangai","CHI vs CAR","1:00pm","Receiving Yards","Under","6.5","9.1","DraftKings","-117","62.7","16.29","https://sportsbook.draftkings.com/?outcomes=0QA362016573%232253286126_13L88808Q1-1263895043Q20"
"Ja'Marr Chase","CIN vs TB","1:00pm","Receiving Yards","Under","85.5","79.7","Fanatics","-110","60.9","16.26",""
"RJ Harvey","DEN vs KC","8:15pm","Receiving Receptions","Under","2.5","2.3","BetMGM","-110","60.9","16.26","https://sports.il.betmgm.com/en/sports?options=6:43160-3570519-5646951&type=Single"
"Cam Skattebo","NYG vs DAL","8:20pm","1st Td","Yes","0.5","","DraftKings","650","15.5","16.25","https://sportsbook.draftkings.com/?outcomes=0QA334310190%232152003849_13L88808Q11749222883Q20"
"DJ Moore","BUF vs HOU","1:00pm","Receiving Yards","Under","47.5","45.2","BetOnline","-109","60.6","16.20",""
"Trevor Lawrence","JAC vs CLE","1:00pm","Rushing Attempts","Over","4.5","5.9","BetOnline","-127","65","16.18",""
"Michael Mayer","LV vs MIA","4:25pm","Receiving Receptions","Under","4.5","4.2","FanDuel","-108","60.3","16.13","https://il.sportsbook.fanduel.com/addToBetslip?marketId=42.606087319&selectionId=41072735"
"Keenan Allen","IND vs BAL","1:00pm","Receiving Yards","Over","26.5","40.5","FanDuel","-113","61.6","16.11","https://il.sportsbook.fanduel.com/addToBetslip?marketId=42.607196556&selectionId=14807213"
"Jayden Daniels","WAS vs PHI","4:25pm","Passing Attempts","Over","28.5","31.2","Fanatics","-135","66.7","16.11",""
"Omarion Hampton","LAC vs ARI","4:25pm","1st Td","Yes","0.5","","FanDuel","440","21.5","16.10","https://il.sportsbook.fanduel.com/addToBetslip?marketId=42.604294286&selectionId=48700658"
"Bucky Irving","TB vs CIN","1:00pm","Receiving Longest Reception","Over","8.5","14.3","BetRivers","-125","64.5","16.10","https://il.betrivers.com/?page=sportsbook#event/1027663019?coupon=Single|4333350881|"
"Bucky Irving","TB vs CIN","1:00pm","Receiving Longest Reception","Over","8.5","14.3","DraftKings","-125","64.5","16.10","https://sportsbook.draftkings.com/?outcomes=0QA361398662%232265836670_13L88808Q1-1335105212Q20"
"Evan Engram","DEN vs KC","8:15pm","Receiving Receptions","Under","2.5","2.7","BetMGM","115","54","16.10","https://sports.il.betmgm.com/en/sports?options=6:43160-3562768-5628748&type=Single"
"Jack Bech","LV vs MIA","4:25pm","Receiving Yards","Under","18.5","18.4","BetRivers","-120","63.3","16.05","https://il.betrivers.com/?page=sportsbook#event/1027663025?coupon=Single|4331770926|"
"Justin Herbert","LAC vs ARI","4:25pm","Rushing Attempts","Over","4.5","5.7","DraftKings","-123","64","16.03","https://sportsbook.draftkings.com/?outcomes=0QA362018553%232254752025_13L88808Q1-1027069961Q20"
"Charlie Kolar","LAC vs ARI","4:25pm","Receiving Receptions","Under","1.5","1.8","BetOnline","127","51.1","16.00",""
"Charlie Kolar","LAC vs ARI","4:25pm","Receiving Receptions","Under","1.5","1.8","DraftKings","127","51.1","16.00","https://sportsbook.draftkings.com/?outcomes=0QA362017737%232253291528_13L88808Q1-847255388Q20"
"Tyquan Thornton","KC vs DEN","8:15pm","Receiving Receptions","Over","1.5","2.0","FanDuel","106","56.3","15.98","https://il.sportsbook.fanduel.com/addToBetslip?marketId=42.606050931&selectionId=41074864"
"Tyjae Spears","TEN vs NYJ","1:00pm","Receiving Receptions","Under","2.5","2.7","FanDuel","106","56.3","15.98","https://il.sportsbook.fanduel.com/addToBetslip?marketId=42.606078345&selectionId=48895398"
"Joe Burrow","CIN vs TB","1:00pm","Passing Yards","Under","269.5","246.6","BetOnline","-111","61","15.95",""
"Sam LaPorta","DET vs NO","1:00pm","Receiving Yards","Under","44.5","42.4","BetMGM","-111","61","15.95","https://sports.il.betmgm.com/en/sports?options=6:43161-3572105-5650292&type=Single"
"Quinshon Judkins","CLE vs JAX","1:00pm","Rushing Yards","Over","57.5","70.8","DraftKings","-113","61.5","15.92","https://sportsbook.draftkings.com/?outcomes=0QA362019647%232256105146_13L88808Q1-1425674943Q20"
"Colston Loveland","CHI vs CAR","1:00pm","Receiving Longest Reception","Under","20.5","19.1","DraftKings","-117","62.5","15.92","https://sportsbook.draftkings.com/?outcomes=0QA362016915%232256344444_13L88808Q11402513378Q20"
"Kenny Gainwell","TB vs CIN","1:00pm","Receiving Yards","Under","21.5","22.2","BetMGM","-115","62","15.91","https://sports.il.betmgm.com/en/sports?options=6:43659-3572071-5650227&type=Single"
"Bijan Robinson","ATL vs PIT","1:00pm","Rushing Yards","Under","77.5","71.1","BetMGM","-115","62","15.91","https://sports.il.betmgm.com/en/sports?options=6:43165-3572041-5650147&type=Single"
"Jerry Jeudy","CLE vs JAX","1:00pm","Last Td","Yes","0.5","","Fanatics","1800","6.1","15.90",""
"Tyjae Spears","TEN vs NYJ","1:00pm","Receiving Yards","Under","15.5","17.7","BetMGM","-110","60.7","15.88","https://sports.il.betmgm.com/en/sports?options=6:43155-3570970-5648012&type=Single"
"Joe Burrow","CIN vs TB","1:00pm","Passing+rushing Yards","Under","280.5","257.7","DraftKings","-112","61.2","15.84","https://sportsbook.draftkings.com/?outcomes=0QA361397774%232265780725_13L88808Q1962941843Q20"
"Ashton Jeanty","LV vs MIA","4:25pm","Receiving Receptions","Under","3.5","3.0","DraftKings","-132","65.9","15.82","https://sportsbook.draftkings.com/?outcomes=0QA362371539%232254648514_13L88808Q1-616481466Q20"
"Lamar Jackson","BAL vs IND","1:00pm","Passing Touchdowns","Under","1.5","1.2","BetOnline","-127","64.8","15.82",""
"Jordan Love","GB vs MIN","4:25pm","Rushing Yards","Under","9.5","8.9","FanDuel","-114","61.7","15.82","https://il.sportsbook.fanduel.com/addToBetslip?marketId=42.603819152&selectionId=40916527"
"Omarion Hampton","LAC vs ARI","4:25pm","Rushing Yards","Under","70.5","65.3","BetOnline","-114","61.7","15.82",""
"Jeremiyah Love","ARI vs LAC","4:25pm","Rushing+receiving Yards","Over","57.5","72.2","BetRivers","-114","61.7","15.82","https://il.betrivers.com/?page=sportsbook#event/1027663028?coupon=Single|4334250326|"
"Bhayshul Tuten","JAC vs CLE","1:00pm","Receiving Receptions","Under","1.5","1.8","BetOnline","121","52.4","15.80",""
"Javonte Williams","DAL vs NYG","8:20pm","Last Td","Yes","0.5","","DraftKings","500","19.3","15.80","https://sportsbook.draftkings.com/?outcomes=0QA333568039%232271173221_13L88808Q1-1416172793Q20"
"Tyler Loop","BAL vs IND","1:00pm","Extra Points Made","Under","2.5","2.1","DraftKings","-124","64.1","15.79","https://sportsbook.draftkings.com/?outcomes=0QA361504486%232251314191_13L88808Q1-2034603101Q20"
"Jack Bech","LV vs MIA","4:25pm","Receiving Receptions","Under","1.5","1.7","BetOnline","114","54.1","15.77",""
"Ja'Marr Chase","CIN vs TB","1:00pm","Receiving Yards","Under","85.5","79.7","DraftKings","-111","60.9","15.76","https://sportsbook.draftkings.com/?outcomes=0QA361397934%232254865402_13L88808Q11914738058Q20"
"Caleb Williams","CHI vs CAR","1:00pm","Rushing Yards","Under","20.5","20.8","DraftKings","-111","60.9","15.76","https://sportsbook.draftkings.com/?outcomes=0QA362017007%232253629976_13L88808Q11191867163Q20"
"Dak Prescott","DAL vs NYG","8:20pm","Passing+rushing Yards","Under","267.5","243.2","BetMGM","-115","61.9","15.73","https://sports.il.betmgm.com/en/sports?options=6:43157-3568840-5643548&type=Single"
"Devaughn Vele","NO vs DET","1:00pm","Receiving Yards","Under","39.5","36.7","BetRivers","-115","61.9","15.73","https://il.betrivers.com/?page=sportsbook#event/1027663022?coupon=Single|4330617043|"
"Tyler Shough","NO vs DET","1:00pm","Passing Yards","Under","239.5","216.0","BetMGM","-115","61.9","15.73","https://sports.il.betmgm.com/en/sports?options=6:43161-3570300-5646546&type=Single"
"Jack Bech","LV vs MIA","4:25pm","Receiving Longest Reception","Under","12.5","11.2","BetRivers","-115","61.9","15.73","https://il.betrivers.com/?page=sportsbook#event/1027663025?coupon=Single|4333402083|"
"DJ Moore","BUF vs HOU","1:00pm","Receiving Yards","Under","47.5","45.2","DraftKings","-110","60.6","15.69","https://sportsbook.draftkings.com/?outcomes=0QA361833727%232265808956_13L88808Q11830758385Q20"
"Marvin Harrison Jr.","ARI vs LAC","4:25pm","Receiving Yards","Under","46.5","44.1","DraftKings","-110","60.6","15.69","https://sportsbook.draftkings.com/?outcomes=0QA362018107%232265839948_13L88808Q12105255767Q20"
"Dak Prescott","DAL vs NYG","8:20pm","Rushing Yards","Over","7.5","16.7","BetOnline","-118","62.6","15.65",""
"Jahan Dotson","ATL vs PIT","1:00pm","Receiving Yards","Under","14.5","15.5","BetRivers","-118","62.6","15.65","https://il.betrivers.com/?page=sportsbook#event/1027663029?coupon=Single|4333246486|"
"Patrick Mahomes","KC vs DEN","8:15pm","Passing Yards","Over","223.5","251.2","FanDuel","-114","61.6","15.64","https://il.sportsbook.fanduel.com/addToBetslip?marketId=42.603593680&selectionId=16593717"
"Rachaad White","WAS vs PHI","4:25pm","Receiving Yards","Under","14.5","16.7","FanDuel","-114","61.6","15.64","https://il.sportsbook.fanduel.com/addToBetslip?marketId=42.606086311&selectionId=41161335"
"Josh Downs","IND vs BAL","1:00pm","1st Td","Yes","0.5","","Fanatics","1600","6.8","15.60",""
"Bo Nix","DEN vs KC","8:15pm","Passing Touchdowns","Under","1.5","1.0","FanDuel","-174","73.4","15.58","https://il.sportsbook.fanduel.com/addToBetslip?marketId=42.603593685&selectionId=41331177"
"Trevor Lawrence","JAC vs CLE","1:00pm","Rushing Yards","Over","17.5","30.8","DraftKings","-111","60.8","15.57","https://sportsbook.draftkings.com/?outcomes=0QA362019133%232265845946_13L88808Q1-1416981242Q20"
"Marvin Harrison Jr.","ARI vs LAC","4:25pm","Receiving Receptions","Under","3.5","3.5","BetOnline","106","56.1","15.57",""
"DeVonta Smith","PHI vs WAS","4:25pm","Receiving Yards","Under","63.5","58.1","BetMGM","-115","61.8","15.54","https://sports.il.betmgm.com/en/sports?options=6:43158-3571921-5649907&type=Single"
"Jordan Love","GB vs MIN","4:25pm","Passing Touchdowns","Under","1.5","1.3","BetMGM","-115","61.8","15.54","https://sports.il.betmgm.com/en/sports?options=6:43173-3563043-5629216&type=Single"
"Breece Hall","NYJ vs TEN","1:00pm","Receiving Yards","Under","19.5","19.6","BetMGM","-115","61.8","15.54","https://sports.il.betmgm.com/en/sports?options=6:43155-3572461-5651213&type=Single"
"Bo Nix","DEN vs KC","8:15pm","Passing Attempts","Under","34.5","32.8","Fanatics","-115","61.8","15.54",""
"Tre Tucker","LV vs MIA","4:25pm","1st Td","Yes","0.5","","BetRivers","1000","10.5","15.50","https://il.betrivers.com/?page=sportsbook#event/1027663025?coupon=Single|4321522305|"
"Tre Tucker","LV vs MIA","4:25pm","1st Td","Yes","0.5","","DraftKings","1000","10.5","15.50","https://sportsbook.draftkings.com/?outcomes=0QA357445951%232254649197_13L88808Q1563123805Q20"
"Tre Tucker","LV vs MIA","4:25pm","1st Td","Yes","0.5","","FanDuel","1000","10.5","15.50","https://il.sportsbook.fanduel.com/addToBetslip?marketId=42.604333303&selectionId=42200853"
"Andre Szmyt","CLE vs JAX","1:00pm","Kicking Total Points","Over","4.5","6.3","DraftKings","-131","65.5","15.50","https://sportsbook.draftkings.com/?outcomes=0QA362019913%232258421253_13L88808Q11817451383Q20"
"Tyler Shough","NO vs DET","1:00pm","Passing Longest Completion","Under","37.5","35.7","DraftKings","-120","63","15.50","https://sportsbook.draftkings.com/?outcomes=0QA361394867%232250934861_13L88808Q11244320234Q20"
"Jeremiyah Love","ARI vs LAC","4:25pm","Rushing+receiving Yards","Over","58.5","72.2","DraftKings","-110","60.5","15.50","https://sportsbook.draftkings.com/?outcomes=0QA362403816%232265842448_13L88808Q1-2110828811Q20"
"J.K. Dobbins","DEN vs KC","8:15pm","Rushing Yards","Under","49.5","46.0","FanDuel","-114","61.5","15.45","https://il.sportsbook.fanduel.com/addToBetslip?marketId=42.603596754&selectionId=48302899"
"Marvin Harrison Jr.","ARI vs LAC","4:25pm","Receiving Yards","Under","47.5","44.1","FanDuel","-114","61.5","15.45","https://il.sportsbook.fanduel.com/addToBetslip?marketId=42.604301734&selectionId=48048065"
"Daniel Carlson","NO vs DET","1:00pm","Extra Points Made","Under","1.5","1.7","BetMGM","140","48.1","15.44","https://sports.il.betmgm.com/en/sports?options=6:43161-3570640-5647191&type=Single"
"Kyle Monangai","CHI vs CAR","1:00pm","Receiving Yards","Under","5.5","9.1","BetOnline","-106","59.4","15.44",""
"Kyle Monangai","CHI vs CAR","1:00pm","Receiving Yards","Under","5.5","9.1","FanDuel","-106","59.4","15.44","https://il.sportsbook.fanduel.com/addToBetslip?marketId=42.607175684&selectionId=48514920"
"Patrick Mahomes","KC vs DEN","8:15pm","Passing Longest Completion","Over","33.5","39.3","DraftKings","-121","63.2","15.43","https://sportsbook.draftkings.com/?outcomes=0QA334623098%232268528327_13L88808Q1-824604570Q20"
"Gunnar Helm","TEN vs NYJ","1:00pm","Receiving Longest Reception","Under","12.5","12.4","BetMGM","-105","59.1","15.39","https://sports.il.betmgm.com/en/sports?options=6:43155-3572476-5651275&type=Single"
"C.J. Stroud","HOU vs BUF","1:00pm","Passing Interceptions","Under","0.5","0.6","BetOnline","101","57.4","15.37",""
"Tony Pollard","TEN vs NYJ","1:00pm","Rushing+receiving Yards","Over","62.5","77.1","BetMGM","-115","61.7","15.35","https://sports.il.betmgm.com/en/sports?options=6:43155-3572685-5651801&type=Single"
"Quinshon Judkins","CLE vs JAX","1:00pm","Rushing+receiving Yards","Over","68.5","82.9","BetMGM","-115","61.7","15.35","https://sports.il.betmgm.com/en/sports?options=6:43660-3572330-5650817&type=Single"
"Dak Prescott","DAL vs NYG","8:20pm","Rushing Yards","Over","8.5","16.7","DraftKings","-107","59.6","15.30","https://sportsbook.draftkings.com/?outcomes=0QA334626420%232151981142_13L88808Q1116672457Q20"
"Adam Trautman","DEN vs KC","8:15pm","Receiving Yards","Under","7.5","9.0","BetOnline","-118","62.4","15.28",""
"Keenan Allen","IND vs BAL","1:00pm","Receiving Receptions","Over","3.5","4.0","BetMGM","120","52.4","15.28","https://sports.il.betmgm.com/en/sports?options=6:43164-3572291-5650752&type=Single"
"Keenan Allen","IND vs BAL","1:00pm","Receiving Receptions","Over","3.5","4.0","FanDuel","120","52.4","15.28","https://il.sportsbook.fanduel.com/addToBetslip?marketId=42.607196558&selectionId=14807213"
"Malik Willis","MIA vs LV","4:25pm","Passing Yards","Over","178.5","204.7","BetRivers","-114","61.4","15.26","https://il.betrivers.com/?page=sportsbook#event/1027663025?coupon=Single|4330621686|"
"Deshaun Watson","CLE vs JAX","1:00pm","Passing Interceptions","Under","0.5","0.6","BetRivers","108","55.4","15.23","https://il.betrivers.com/?page=sportsbook#event/1027663027?coupon=Single|4327737503|"
"Daniel Jones","IND vs BAL","1:00pm","Passing Touchdowns","Under","1.5","1.1","DraftKings","-156","70.2","15.20","https://sportsbook.draftkings.com/?outcomes=0QA361504348%232251313912_13L88808Q1-1720642580Q20"
"Patrick Mahomes","KC vs DEN","8:15pm","Passing Completions","Over","21.5","22.7","Fanatics","100","57.6","15.20",""
"Jordan Mason","MIN vs GB","4:25pm","1st Td","Yes","0.5","","Caesars","800","12.8","15.20","https://sportsbook.caesars.com/us/il/bet/betslip?selectionIds=9c3c7963-8e97-3716-9288-36dca1574a24"
"Jaylin Noel","HOU vs BUF","1:00pm","1st Td","Yes","0.5","","DraftKings","3500","3.2","15.20","https://sportsbook.draftkings.com/?outcomes=0QA357446781%232252527707_13L88808Q1809398935Q20"
"Malik Nabers","NYG vs DAL","8:20pm","1st Td","Yes","0.5","","DraftKings","1100","9.6","15.20","https://sportsbook.draftkings.com/?outcomes=0QA334310190%232251290108_13L88808Q11853588220Q20"
"Malik Nabers","NYG vs DAL","8:20pm","1st Td","Yes","0.5","","FanDuel","1100","9.6","15.20","https://il.sportsbook.fanduel.com/addToBetslip?marketId=42.602803431&selectionId=48141819"
"Brandon Aubrey","DAL vs NYG","8:20pm","Extra Points Made","Under","2.5","2.1","Fanatics","-130","65.1","15.18",""
"Cam Ward","TEN vs NYJ","1:00pm","Rushing Yards","Under","9.5","10.5","FanDuel","-113","61.1","15.17","https://il.sportsbook.fanduel.com/addToBetslip?marketId=42.604336326&selectionId=87765263"
"Tetairoa McMillan","CAR vs CHI","1:00pm","Receiving Yards","Under","60.5","55.9","DraftKings","-113","61.1","15.17","https://sportsbook.draftkings.com/?outcomes=0QA362017124%232265864632_13L88808Q1-2099222192Q20"
"Tetairoa McMillan","CAR vs CHI","1:00pm","Receiving Yards","Under","60.5","55.9","FanDuel","-113","61.1","15.17","https://il.sportsbook.fanduel.com/addToBetslip?marketId=42.604192369&selectionId=50551858"
"Ja'Marr Chase","CIN vs TB","1:00pm","Receiving Yards","Under","86.5","79.7","BetMGM","-115","61.6","15.17","https://sports.il.betmgm.com/en/sports?options=6:43659-3568684-5643239&type=Single"
"Keenan Allen","IND vs BAL","1:00pm","Receiving Yards","Over","26.5","40.5","BetOnline","-115","61.6","15.17",""
"Trevor Lawrence","JAC vs CLE","1:00pm","Rushing Yards","Over","16.5","30.8","BetMGM","-120","62.8","15.13","https://sports.il.betmgm.com/en/sports?options=6:43660-3562650-5628521&type=Single"
"Darnell Washington","PIT vs ATL","1:00pm","Receiving Longest Reception","Under","10.5","10.7","BetMGM","-110","60.3","15.12","https://sports.il.betmgm.com/en/sports?options=6:43165-3572401-5650949&type=Single"
"Michael Mayer","LV vs MIA","4:25pm","Receiving Receptions","Under","4.5","4.2","BetOnline","-110","60.3","15.12",""
"Cade Otton","TB vs CIN","1:00pm","Receiving Longest Reception","Under","14.5","15.0","BetRivers","-107","59.5","15.11","https://il.betrivers.com/?page=sportsbook#event/1027663019?coupon=Single|4333350880|"
"Justice Hill","BAL vs IND","1:00pm","Rushing Longest Rush","Over","6.5","9.8","BetRivers","-103","58.4","15.10","https://il.betrivers.com/?page=sportsbook#event/1027663026?coupon=Single|4332890742|"
"Dalton Kincaid","BUF vs HOU","1:00pm","Receiving Yards","Under","38.5","37.1","BetOnline","-112","60.8","15.09",""
"Rico Dowdle","PIT vs ATL","1:00pm","Receiving Receptions","Over","1.5","2.8","DraftKings","-145","68.1","15.07","https://sportsbook.draftkings.com/?outcomes=0QA362098417%232254572199_13L88808Q1-1669482518Q20"
"Malik Willis","MIA vs LV","4:25pm","Passing Interceptions","Under","0.5","0.6","DraftKings","-106","59.2","15.05","https://sportsbook.draftkings.com/?outcomes=0QA362371839%232254650401_13L88808Q1-519559035Q20"
"Trevor Lawrence","JAC vs CLE","1:00pm","Rushing Attempts","Over","4.5","5.9","DraftKings","-130","65","15.00","https://sportsbook.draftkings.com/?outcomes=0QA362019709%232256130741_13L88808Q1-1027069961Q20"
"Bucky Irving","TB vs CIN","1:00pm","Last Td","Yes","0.5","","DraftKings","900","11.5","15.00","https://sportsbook.draftkings.com/?outcomes=0QA366580880%232271424620_13L88808Q1-403721364Q20"
"Aaron Rodgers","PIT vs ATL","1:00pm","Passing Touchdowns","Under","1.5","1.1","BetMGM","-155","69.9","15.00","https://sports.il.betmgm.com/en/sports?options=6:43165-3562693-5628608&type=Single"
"Ka'imi Fairbairn","HOU vs BUF","1:00pm","Field Goals Made","Under","1.5","1.6","DraftKings","122","51.8","15.00","https://sportsbook.draftkings.com/?outcomes=0QA367601716%232275468207_13L88808Q11866316828Q20"
"Joe Burrow","CIN vs TB","1:00pm","Passing Yards","Under","269.5","246.6","FanDuel","-113","61","14.98","https://il.sportsbook.fanduel.com/addToBetslip?marketId=42.606885135&selectionId=20452293"
"Samaje Perine","CIN vs TB","1:00pm","Receiving Yards","Under","6.5","9.4","FanDuel","-113","61","14.98","https://il.sportsbook.fanduel.com/addToBetslip?marketId=42.606885159&selectionId=15499371"
"Chris Bell","MIA vs LV","4:25pm","Receiving Yards","Over","16.5","30.6","BetRivers","-113","61","14.98","https://il.betrivers.com/?page=sportsbook#event/1027663025?coupon=Single|4333435782|"
"Joe Burrow","CIN vs TB","1:00pm","Passing+rushing Yards","Under","281.5","257.7","BetMGM","-115","61.5","14.98","https://sports.il.betmgm.com/en/sports?options=6:43659-3572079-5650243&type=Single"
"Jalen Hurts","PHI vs WAS","4:25pm","Passing Attempts","Over","28.5","30.1","BetOnline","-108","59.7","14.98",""
"Ja'Marr Chase","CIN vs TB","1:00pm","Receiving Receptions","Under","7.5","6.1","FanDuel","-154","69.7","14.96","https://il.sportsbook.fanduel.com/addToBetslip?marketId=42.606885178&selectionId=40890768"
"Malik Willis","MIA vs LV","4:25pm","Passing Yards","Over","175.5","204.7","Fanatics","-120","62.7","14.95",""
"Caleb Williams","CHI vs CAR","1:00pm","Passing Touchdowns","Under","1.5","1.3","BetRivers","-120","62.7","14.95","https://il.betrivers.com/?page=sportsbook#event/1027663018?coupon=Single|4318812970|"
"Treylon Burks","WAS vs PHI","4:25pm","Anytime Td","Yes","0.5","","BetRivers","850","12.1","14.95","https://il.betrivers.com/?page=sportsbook#event/1027663021?coupon=Single|4317595041|"
"Dalton Kincaid","BUF vs HOU","1:00pm","Receiving Receptions","Under","3.5","3.1","BetOnline","-123","63.4","14.94",""
"Jonathan Taylor","IND vs BAL","1:00pm","Rushing Attempts","Over","17.5","19.7","DraftKings","-127","64.3","14.93","https://sportsbook.draftkings.com/?outcomes=0QA361504329%232251322441_13L88808Q11824626373Q20"
"De'Von Achane","MIA vs LV","4:25pm","Rushing Longest Rush","Under","16.5","17.0","DraftKings","-112","60.7","14.90","https://sportsbook.draftkings.com/?outcomes=0QA362372079%232272799628_13L88808Q11756395248Q20"
"Jake Elliott","PHI vs WAS","4:25pm","Extra Points Made","Under","2.5","2.0","BetMGM","-135","66","14.89","https://sports.il.betmgm.com/en/sports?options=6:43158-3573069-5652832&type=Single"
"Saquon Barkley","PHI vs WAS","4:25pm","Rushing Yards","Under","74.5","68.7","FanDuel","-114","61.2","14.88","https://il.sportsbook.fanduel.com/addToBetslip?marketId=42.603829052&selectionId=16580233"
"Cairo Santos","CHI vs CAR","1:00pm","Field Goals Made","Under","1.5","1.5","BetMGM","110","54.7","14.87","https://sports.il.betmgm.com/en/sports?options=6:43156-3570496-5646910&type=Single"
"Ka'imi Fairbairn","HOU vs BUF","1:00pm","Kicking Total Points","Under","7.5","6.5","Fanatics","-125","63.8","14.84",""
"Tyler Allgeier","ARI vs LAC","4:25pm","Rushing Longest Rush","Over","9.5","14.1","BetRivers","-122","63.1","14.82","https://il.betrivers.com/?page=sportsbook#event/1027663028?coupon=Single|4332947875|"
"Kendrick Bourne","ARI vs LAC","4:25pm","1st Td","Yes","0.5","","Caesars","4000","2.8","14.80","https://sportsbook.caesars.com/us/il/bet/betslip?selectionIds=59283f78-2cc2-3f15-b637-32018bbad075"
"Kendrick Bourne","ARI vs LAC","4:25pm","1st Td","Yes","0.5","","DraftKings","4000","2.8","14.80","https://sportsbook.draftkings.com/?outcomes=0QA357411065%232253293587_13L88808Q1353447552Q20"
"Jared Goff","DET vs NO","1:00pm","Passing Completions","Under","22.5","21.5","BetMGM","-105","58.8","14.80","https://sports.il.betmgm.com/en/sports?options=6:43161-3572107-5650296&type=Single"
"D'Andre Swift","CHI vs CAR","1:00pm","Receiving Receptions","Under","2.5","1.9","DraftKings","-154","69.6","14.79","https://sportsbook.draftkings.com/?outcomes=0QA362016387%232255867032_13L88808Q11045072483Q20"
"Ja'Marr Chase","CIN vs TB","1:00pm","Receiving Yards","Under","85.5","79.7","FanDuel","-113","60.9","14.79","https://il.sportsbook.fanduel.com/addToBetslip?marketId=42.606885156&selectionId=40890768"
"Bijan Robinson","ATL vs PIT","1:00pm","Rushing+receiving Yards","Under","115.5","106.3","BetMGM","-115","61.4","14.79","https://sports.il.betmgm.com/en/sports?options=6:43165-3562547-5628318&type=Single"
"Dak Prescott","DAL vs NYG","8:20pm","Rushing Yards","Over","7.5","16.7","FanDuel","-120","62.6","14.77","https://il.sportsbook.fanduel.com/addToBetslip?marketId=42.605828521&selectionId=11889993"
"Ashton Jeanty","LV vs MIA","4:25pm","Receiving Receptions","Under","3.5","3.0","BetOnline","-135","65.9","14.71",""
"Tony Pollard","TEN vs NYJ","1:00pm","Rushing+receiving Yards","Over","63.5","77.1","DraftKings","-112","60.6","14.71","https://sportsbook.draftkings.com/?outcomes=0QA362384638%232256241754_13L88808Q1-319662823Q20"
"Gunnar Helm","TEN vs NYJ","1:00pm","Receiving Yards","Under","21.5","21.7","BetOnline","-112","60.6","14.71",""
"Tyler Shough","NO vs DET","1:00pm","Passing Yards","Under","237.5","216.0","BetRivers","-114","61.1","14.70","https://il.betrivers.com/?page=sportsbook#event/1027663022?coupon=Single|4327881284|"
"Jack Bech","LV vs MIA","4:25pm","Receiving Receptions","Under","1.5","1.7","FanDuel","112","54.1","14.69","https://il.sportsbook.fanduel.com/addToBetslip?marketId=42.606533080&selectionId=41330987"
"Jayden Reed","GB vs MIN","4:25pm","Receiving Receptions","Under","3.5","3.4","FanDuel","-102","57.9","14.66","https://il.sportsbook.fanduel.com/addToBetslip?marketId=42.603819165&selectionId=40975114"
"Ryan Fitzgerald","CAR vs CHI","1:00pm","Kicking Total Points","Under","7.5","6.5","BetMGM","-125","63.7","14.66","https://sports.il.betmgm.com/en/sports?options=6:43156-3570501-5646920&type=Single"
"Xavier Legette","CAR vs CHI","1:00pm","Receiving Receptions","Under","1.5","2.0","FanDuel","152","45.5","14.66","https://il.sportsbook.fanduel.com/addToBetslip?marketId=42.605817689&selectionId=59996922"
"Lamar Jackson","BAL vs IND","1:00pm","Passing Touchdowns","Under","1.5","1.2","Fanatics","-130","64.8","14.65",""
"Patrick Mahomes","KC vs DEN","8:15pm","Passing Completions","Over","21.5","22.7","DraftKings","-101","57.6","14.63","https://sportsbook.draftkings.com/?outcomes=0QA334622939%232237834972_13L88808Q11171207868Q20"
"Dalton Kincaid","BUF vs HOU","1:00pm","Receiving Yards","Under","38.5","37.1","FanDuel","-113","60.8","14.61","https://il.sportsbook.fanduel.com/addToBetslip?marketId=42.603606151&selectionId=41602585"
"Woody Marks","HOU vs BUF","1:00pm","Rushing Yards","Over","24.5","36.1","FanDuel","-113","60.8","14.61","https://il.sportsbook.fanduel.com/addToBetslip?marketId=42.603604317&selectionId=88881141"
"Jordan Addison","MIN vs GB","4:25pm","Receiving Yards","Under","41.5","40.5","BetMGM","-105","58.7","14.60","https://sports.il.betmgm.com/en/sports?options=6:43173-3563042-5629214&type=Single"
"Jaylen Waddle","DEN vs KC","8:15pm","Receiving Yards","Under","56.5","52.0","DraftKings","-115","61.3","14.60","https://sportsbook.draftkings.com/?outcomes=0QA334622439%232237969146_13L88808Q1-1423901383Q20"
"Luther Burden III","CHI vs CAR","1:00pm","Receiving Yards","Under","60.5","56.0","DraftKings","-115","61.3","14.60","https://sportsbook.draftkings.com/?outcomes=0QA362016525%232282370760_13L88808Q1-2099222192Q20"
"Geno Smith","NYJ vs TEN","1:00pm","Passing Touchdowns","Under","0.5","0.9","DraftKings","193","39.1","14.56","https://sportsbook.draftkings.com/?outcomes=0QA362384026%232254878868_13L88808Q1262864673Q20"
"Rachaad White","WAS vs PHI","4:25pm","Receiving Longest Reception","Under","9.5","10.2","DraftKings","-112","60.5","14.52","https://sportsbook.draftkings.com/?outcomes=0QA361489985%232265410463_13L88808Q1-2034828575Q20"
"Jordan Addison","MIN vs GB","4:25pm","Receiving Yards","Under","43.5","40.5","BetRivers","-114","61","14.51","https://il.betrivers.com/?page=sportsbook#event/1027663024?coupon=Single|4317772326|"
"Jonnu Smith","GB vs MIN","4:25pm","Anytime Td","Yes","0.5","","BetMGM","950","10.9","14.45","https://sports.il.betmgm.com/en/sports?options=6:43173-3560477-5622561&type=Single"
"Calvin Ridley","TEN vs NYJ","1:00pm","Receiving Yards","Under","25.5","25.4","BetMGM","-111","60.2","14.43","https://sports.il.betmgm.com/en/sports?options=6:43155-3562629-5628480&type=Single"
"Patrick Mahomes","KC vs DEN","8:15pm","Passing Yards","Over","226.5","251.2","DraftKings","-111","60.2","14.43","https://sportsbook.draftkings.com/?outcomes=0QA334622943%232268457079_13L88808Q1-872064401Q20"
"Lamar Jackson","BAL vs IND","1:00pm","Passing Longest Completion","Under","38.5","37.4","DraftKings","-111","60.2","14.43","https://sportsbook.draftkings.com/?outcomes=0QA361504535%232251323293_13L88808Q1643859935Q20"
"Malik Willis","MIA vs LV","4:25pm","Passing Yards","Over","180.5","204.7","DraftKings","-111","60.2","14.43","https://sportsbook.draftkings.com/?outcomes=0QA362371924%232273043280_13L88808Q11408889652Q20"
"Calvin Ridley","TEN vs NYJ","1:00pm","Receiving Longest Reception","Under","17.5","15.4","BetRivers","-115","61.2","14.42","https://il.betrivers.com/?page=sportsbook#event/1027663023?coupon=Single|4333413047|"
"Matt Gay","LV vs MIA","4:25pm","Extra Points Made","Under","1.5","1.8","DraftKings","152","45.4","14.41","https://sportsbook.draftkings.com/?outcomes=0QA362371407%232254648522_13L88808Q11087749571Q20"
"Bo Nix","DEN vs KC","8:15pm","Passing Touchdowns","Under","1.5","1.0","BetOnline","-179","73.4","14.41",""
"RJ Harvey","DEN vs KC","8:15pm","Last Td","Yes","0.5","","FanDuel","1200","8.8","14.40","https://il.sportsbook.fanduel.com/addToBetslip?marketId=42.603593673&selectionId=49105594"
"Adam Trautman","DEN vs KC","8:15pm","Receiving Yards","Under","7.5","9.0","BetRivers","-120","62.4","14.40","https://il.betrivers.com/?page=sportsbook#event/1027663046?coupon=Single|4330172330|"
"Bryce Young","CAR vs CHI","1:00pm","Passing Completions","Over","19.5","21.2","Fanatics","-120","62.4","14.40",""
"Woody Marks","HOU vs BUF","1:00pm","Rushing Attempts","Over","7.5","8.4","BetOnline","115","53.2","14.38",""
"Ashton Jeanty","LV vs MIA","4:25pm","Receiving Receptions","Under","3.5","3.0","FanDuel","-136","65.9","14.36","https://il.sportsbook.fanduel.com/addToBetslip?marketId=42.606922262&selectionId=59996482"
"Travis Etienne Jr.","NO vs DET","1:00pm","Receiving Yards","Under","15.5","16.9","BetRivers","-110","59.9","14.35","https://il.betrivers.com/?page=sportsbook#event/1027663022?coupon=Single|4333448935|"
"Jordan Addison","MIN vs GB","4:25pm","Receiving Yards","Under","42.5","40.5","DraftKings","-110","59.9","14.35","https://sportsbook.draftkings.com/?outcomes=0QA362078674%232267285528_13L88808Q1878167677Q20"
"Daniel Jones","IND vs BAL","1:00pm","Passing Touchdowns","Under","1.5","1.1","BetOnline","-159","70.2","14.35",""
"Sam LaPorta","DET vs NO","1:00pm","Receiving Receptions","Under","4.5","3.8","BetMGM","-140","66.7","14.34","https://sports.il.betmgm.com/en/sports?options=6:43161-3570629-5647169&type=Single"
"Ja'Marr Chase","CIN vs TB","1:00pm","Receiving Yards","Under","85.5","79.7","BetOnline","-114","60.9","14.32",""
"Bijan Robinson","ATL vs PIT","1:00pm","Rushing Yards","Under","76.5","71.1","BetOnline","-114","60.9","14.32",""
"RJ Harvey","DEN vs KC","8:15pm","Receiving Receptions","Under","2.5","2.3","FanDuel","-114","60.9","14.32","https://il.sportsbook.fanduel.com/addToBetslip?marketId=42.606123169&selectionId=50744300"
"Chris Boswell","PIT vs ATL","1:00pm","Extra Points Made","Under","2.5","1.8","BetMGM","-185","74.2","14.31","https://sports.il.betmgm.com/en/sports?options=6:43165-3570696-5647305&type=Single"
"Malik Willis","MIA vs LV","4:25pm","Passing+rushing Yards","Over","220.5","247.7","BetRivers","-117","61.6","14.25","https://il.betrivers.com/?page=sportsbook#event/1027663025?coupon=Single|4330266230|"
"Kyler Murray","MIN vs GB","4:25pm","Passing Completions","Under","21.5","20.4","BetMGM","-111","60.1","14.24","https://sports.il.betmgm.com/en/sports?options=6:43173-3563019-5629170&type=Single"
"Charlie Kolar","LAC vs ARI","4:25pm","Receiving Yards","Under","17.5","19.5","BetOnline","-111","60.1","14.24",""
"Dak Prescott","DAL vs NYG","8:20pm","Passing Attempts","Under","33.5","31.9","BetMGM","-115","61.1","14.23","https://sports.il.betmgm.com/en/sports?options=6:43157-3562945-5629036&type=Single"
"Saquon Barkley","PHI vs WAS","4:25pm","Rushing Longest Rush","Under","17.5","18.0","BetRivers","-115","61.1","14.23","https://il.betrivers.com/?page=sportsbook#event/1027663021?coupon=Single|4332929173|"
"Nico Collins","HOU vs BUF","1:00pm","Receiving Yards","Under","71.5","65.5","BetMGM","-115","61.1","14.23","https://sports.il.betmgm.com/en/sports?options=6:43166-3562458-5628142&type=Single"
"Tetairoa McMillan","CAR vs CHI","1:00pm","Receiving Yards","Under","60.5","55.9","Fanatics","-115","61.1","14.23",""
"DJ Moore","BUF vs HOU","1:00pm","Receiving Yards","Under","47.5","45.2","FanDuel","-113","60.6","14.23","https://il.sportsbook.fanduel.com/addToBetslip?marketId=42.603606152&selectionId=73370451"
"Marvin Harrison Jr.","ARI vs LAC","4:25pm","Receiving Yards","Under","46.5","44.1","BetRivers","-113","60.6","14.23","https://il.betrivers.com/?page=sportsbook#event/1027663028?coupon=Single|4330124452|"
"Gunnar Helm","TEN vs NYJ","1:00pm","Receiving Yards","Under","21.5","21.7","FanDuel","-113","60.6","14.23","https://il.sportsbook.fanduel.com/addToBetslip?marketId=42.605820899&selectionId=89546948"
"Cade Otton","TB vs CIN","1:00pm","Receiving Longest Reception","Under","15.5","15.0","DraftKings","-123","63","14.22","https://sportsbook.draftkings.com/?outcomes=0QA361397841%232250877618_13L88808Q11710298317Q20"
"Jordan Love","GB vs MIN","4:25pm","Passing Completions","Under","20.5","19.8","BetMGM","100","57.1","14.20","https://sports.il.betmgm.com/en/sports?options=6:43173-3563045-5629220&type=Single"
"DJ Moore","BUF vs HOU","1:00pm","Receiving Receptions","Under","3.5","3.6","FanDuel","108","54.9","14.19","https://il.sportsbook.fanduel.com/addToBetslip?marketId=42.603606156&selectionId=73370451"
"Bo Nix","DEN vs KC","8:15pm","Passing Touchdowns","Under","1.5","1.0","Fanatics","-180","73.4","14.18",""
"Theo Johnson","NYG vs DAL","8:20pm","Receiving Receptions","Over","1.5","2.5","BetOnline","-118","61.8","14.17",""
"Theo Johnson","NYG vs DAL","8:20pm","Receiving Receptions","Over","1.5","2.5","DraftKings","-118","61.8","14.17","https://sportsbook.draftkings.com/?outcomes=0QA334626046%232169929993_13L88808Q1-1669482518Q20"
"Michael Mayer","LV vs MIA","4:25pm","Receiving Receptions","Under","4.5","4.2","DraftKings","-112","60.3","14.14","https://sportsbook.draftkings.com/?outcomes=0QA362371648%232279240443_13L88808Q1-2138696Q20"
"Sam LaPorta","DET vs NO","1:00pm","Receiving Yards","Under","43.5","42.4","DraftKings","-112","60.3","14.14","https://sportsbook.draftkings.com/?outcomes=0QA361394984%232266842260_13L88808Q1-957981255Q20"
"Quinshon Judkins","CLE vs JAX","1:00pm","Rushing Yards","Over","58.5","70.8","BetOnline","-112","60.3","14.14",""
"Trevor Lawrence","JAC vs CLE","1:00pm","Rushing Yards","Over","17.5","30.8","BetOnline","-114","60.8","14.13",""
"Patrick Mahomes","KC vs DEN","8:15pm","Passing Yards","Over","225.5","251.2","BetOnline","-114","60.8","14.13",""
"Malik Willis","MIA vs LV","4:25pm","Passing Yards","Over","179.5","204.7","FanDuel","-114","60.8","14.13","https://il.sportsbook.fanduel.com/addToBetslip?marketId=42.604333314&selectionId=41071999"
"Michael Mayer","LV vs MIA","4:25pm","Receiving Yards","Under","41.5","39.9","BetOnline","-114","60.8","14.13",""
"Rico Dowdle","PIT vs ATL","1:00pm","Receiving Receptions","Over","1.5","2.8","FanDuel","-148","68.1","14.11","https://il.sportsbook.fanduel.com/addToBetslip?marketId=42.605279578&selectionId=60414660"
"Calvin Ridley","TEN vs NYJ","1:00pm","Receiving Yards","Under","26.5","25.4","BetRivers","-117","61.5","14.06","https://il.betrivers.com/?page=sportsbook#event/1027663023?coupon=Single|4327874938|"
"Samaje Perine","CIN vs TB","1:00pm","Receiving Yards","Under","6.5","9.4","BetOnline","-115","61","14.04",""
"Harrison Butker","KC vs DEN","8:15pm","Kicking Total Points","Under","7.5","6.7","BetMGM","-115","61","14.04","https://sports.il.betmgm.com/en/sports?options=6:43160-3573132-5652955&type=Single"
"Rashod Bateman","BAL vs IND","1:00pm","Receiving Longest Reception","Under","17.5","16.1","BetRivers","-115","61","14.04","https://il.betrivers.com/?page=sportsbook#event/1027663026?coupon=Single|4333338915|"
"Jahan Dotson","ATL vs PIT","1:00pm","Receiving Yards","Under","13.5","15.5","FanDuel","-113","60.5","14.04","https://il.sportsbook.fanduel.com/addToBetslip?marketId=42.605796466&selectionId=41155780"
"Caleb Douglas","MIA vs LV","4:25pm","Receiving Receptions","Over","2.5","2.9","DraftKings","121","51.6","14.04","https://sportsbook.draftkings.com/?outcomes=0QA362388765%232262532874_13L88808Q1-2107084182Q20"
"Jordan Mason","MIN vs GB","4:25pm","Rushing Attempts","Under","11.5","10.1","DraftKings","-134","65.3","14.03","https://sportsbook.draftkings.com/?outcomes=0QA362079006%232275053215_13L88808Q1-1699725350Q20"
"Justice Hill","BAL vs IND","1:00pm","Rushing Longest Rush","Over","6.5","9.8","DraftKings","-105","58.4","14.02","https://sportsbook.draftkings.com/?outcomes=0QA361504310%232254804092_13L88808Q1442270489Q20"
"Tetairoa McMillan","CAR vs CHI","1:00pm","Receiving Longest Reception","Under","23.5","22.8","BetRivers","-108","59.2","14.01","https://il.betrivers.com/?page=sportsbook#event/1027663018?coupon=Single|4333388585|"
"Tetairoa McMillan","CAR vs CHI","1:00pm","Receiving Longest Reception","Under","23.5","22.8","DraftKings","-108","59.2","14.01","https://sportsbook.draftkings.com/?outcomes=0QA362016378%232280383217_13L88808Q1-696479524Q20"
"Caleb Williams","CHI vs CAR","1:00pm","Passing Interceptions","Under","0.5","0.4","BetRivers","-137","65.9","14.00","https://il.betrivers.com/?page=sportsbook#event/1027663018?coupon=Single|4327974277|"
"Samaje Perine","CIN vs TB","1:00pm","1st Td","Yes","0.5","","Caesars","1900","5.7","14.00","https://sportsbook.caesars.com/us/il/bet/betslip?selectionIds=c718161f-d117-3034-8d31-71d7fc67cc53"
"Johnny Mundt","PHI vs WAS","4:25pm","1st Td","Yes","0.5","","BetRivers","7500","1.5","14.00","https://il.betrivers.com/?page=sportsbook#event/1027663021?coupon=Single|4318880987|"
"Daniel Bellinger","TEN vs NYJ","1:00pm","Anytime Td","Yes","0.5","","BetRivers","1100","9.5","14.00","https://il.betrivers.com/?page=sportsbook#event/1027663023?coupon=Single|4320224603|"
"MarShawn Lloyd","GB vs MIN","4:25pm","Last Td","Yes","0.5","","FanDuel","850","12","14.00","https://il.sportsbook.fanduel.com/addToBetslip?marketId=42.603817171&selectionId=42198378"
"Jalen Hurts","PHI vs WAS","4:25pm","Passing Attempts","Over","28.5","30.1","DraftKings","-110","59.7","13.97","https://sportsbook.draftkings.com/?outcomes=0QA361490145%232271569220_13L88808Q1-1089228658Q20"
"Jacoby Brissett","ARI vs LAC","4:25pm","Rushing Yards","Over","10.5","18.1","Fanatics","-110","59.7","13.97",""
"Ladd McConkey","LAC vs ARI","4:25pm","Receiving Yards","Under","56.5","54.6","BetOnline","-110","59.7","13.97",""
"Keenan Allen","IND vs BAL","1:00pm","Receiving Yards","Over","27.5","40.5","BetRivers","-112","60.2","13.95","https://il.betrivers.com/?page=sportsbook#event/1027663026?coupon=Single|4333237724|"
"Jaylen Waddle","DEN vs KC","8:15pm","Receiving Receptions","Under","4.5","4.2","FanDuel","-114","60.7","13.95","https://il.sportsbook.fanduel.com/addToBetslip?marketId=42.603597716&selectionId=40877798"
"Omarion Hampton","LAC vs ARI","4:25pm","Rushing Yards","Under","69.5","65.3","DraftKings","-114","60.7","13.95","https://sportsbook.draftkings.com/?outcomes=0QA362017795%232273759489_13L88808Q12069680442Q20"
"Evan Engram","DEN vs KC","8:15pm","Receiving Receptions","Under","2.5","2.7","DraftKings","111","54","13.94","https://sportsbook.draftkings.com/?outcomes=0QA334622948%232237835017_13L88808Q11045072483Q20"
"Saquon Barkley","PHI vs WAS","4:25pm","Rushing Attempts","Under","17.5","16.0","BetMGM","-125","63.3","13.94","https://sports.il.betmgm.com/en/sports?options=6:43158-3573054-5652798&type=Single"
"Cade Stover","HOU vs BUF","1:00pm","1st Td","Yes","0.5","","BetRivers","6600","1.7","13.90","https://il.betrivers.com/?page=sportsbook#event/1027663020?coupon=Single|4318788579|"
"Jake Ferguson","DAL vs NYG","8:20pm","Receiving Receptions","Under","3.5","3.4","FanDuel","-102","57.5","13.87","https://il.sportsbook.fanduel.com/addToBetslip?marketId=42.605826549&selectionId=41072318"
"Chase Brown","CIN vs TB","1:00pm","Rushing+receiving Yards","Under","88.5","83.0","DraftKings","-111","59.9","13.86","https://sportsbook.draftkings.com/?outcomes=0QA361397796%232254846232_13L88808Q1-1936910938Q20"
"Olamide Zaccheaus","ATL vs PIT","1:00pm","Anytime Td","Yes","0.5","","BetRivers","1050","9.9","13.85","https://il.betrivers.com/?page=sportsbook#event/1027663029?coupon=Single|4320003311|"
"Rashee Rice","KC vs DEN","8:15pm","Receiving Receptions","Under","5.5","5.2","FanDuel","-108","59.1","13.82","https://il.sportsbook.fanduel.com/addToBetslip?marketId=42.603597774&selectionId=48551004"
"Brenton Strange","JAC vs CLE","1:00pm","Receiving Yards","Under","37.5","35.4","BetRivers","-118","61.6","13.80","https://il.betrivers.com/?page=sportsbook#event/1027663027?coupon=Single|4330097668|"
"Jaxson Dart","NYG vs DAL","8:20pm","Rushing Yards","Over","30.5","46.4","BetMGM","-110","59.6","13.78","https://sports.il.betmgm.com/en/sports?options=6:43157-3562930-5629006&type=Single"
"Jayden Daniels","WAS vs PHI","4:25pm","Passing Completions","Over","18.5","20.2","DraftKings","-116","61.1","13.77","https://sportsbook.draftkings.com/?outcomes=0QA361489447%232251284669_13L88808Q11438654403Q20"
"Jalen Coker","CAR vs CHI","1:00pm","Receiving Receptions","Under","3.5","3.4","FanDuel","-104","58","13.77","https://il.sportsbook.fanduel.com/addToBetslip?marketId=42.605104066&selectionId=74451301"
"Xavier Legette","CAR vs CHI","1:00pm","Receiving Receptions","Under","1.5","2.0","BetOnline","150","45.5","13.75",""
"Harrison Butker","KC vs DEN","8:15pm","Field Goals Made","Under","1.5","1.6","BetMGM","120","51.7","13.74","https://sports.il.betmgm.com/en/sports?options=6:43160-3573133-5652957&type=Single"
"Jacoby Brissett","ARI vs LAC","4:25pm","Passing Interceptions","Under","0.5","0.6","BetOnline","-103","57.7","13.72",""
"Jalen Hurts","PHI vs WAS","4:25pm","Rushing Yards","Over","28.5","50.2","BetOnline","-132","64.7","13.72",""
"Keenan Allen","IND vs BAL","1:00pm","Receiving Receptions","Over","3.5","4.0","BetOnline","117","52.4","13.71",""
"Charlie Kolar","LAC vs ARI","4:25pm","Receiving Longest Reception","Under","11.5","12.1","DraftKings","-106","58.5","13.69","https://sportsbook.draftkings.com/?outcomes=0QA362017700%232273775089_13L88808Q1469104068Q20"
"Kenny Gainwell","TB vs CIN","1:00pm","Receiving Longest Reception","Under","11.5","11.6","BetRivers","-127","63.6","13.68","https://il.betrivers.com/?page=sportsbook#event/1027663019?coupon=Single|4333347882|"
"Jordan Mason","MIN vs GB","4:25pm","Rushing Attempts","Under","11.5","10.1","BetMGM","-135","65.3","13.67","https://sports.il.betmgm.com/en/sports?options=6:43173-3568933-5643696&type=Single"
"Rachaad White","WAS vs PHI","4:25pm","Rushing Attempts","Under","6.5","6.1","BetMGM","-115","60.8","13.67","https://sports.il.betmgm.com/en/sports?options=6:43158-3568855-5643572&type=Single"
"Michael Mayer","LV vs MIA","4:25pm","Receiving Yards","Under","41.5","39.9","BetRivers","-115","60.8","13.67","https://il.betrivers.com/?page=sportsbook#event/1027663025?coupon=Single|4331774240|"
"Nick Folk","ATL vs PIT","1:00pm","Kicking Total Points","Over","5.5","6.7","Fanatics","-120","62","13.67",""
"C.J. Stroud","HOU vs BUF","1:00pm","Passing Completions","Over","19.5","21.3","BetMGM","-120","62","13.67","https://sports.il.betmgm.com/en/sports?options=6:43166-3562443-5628111&type=Single"
"Sam LaPorta","DET vs NO","1:00pm","Receiving Yards","Under","43.5","42.4","BetRivers","-113","60.3","13.66","https://il.betrivers.com/?page=sportsbook#event/1027663022?coupon=Single|4318664189|"
"Brenton Strange","JAC vs CLE","1:00pm","Receiving Yards","Under","36.5","35.4","FanDuel","-113","60.3","13.66","https://il.sportsbook.fanduel.com/addToBetslip?marketId=42.604268523&selectionId=41155823"
"Quinshon Judkins","CLE vs JAX","1:00pm","Rushing Yards","Over","58.5","70.8","FanDuel","-113","60.3","13.66","https://il.sportsbook.fanduel.com/addToBetslip?marketId=42.604229517&selectionId=48906497"
"DJ Moore","BUF vs HOU","1:00pm","Receiving Receptions","Under","3.5","3.6","BetOnline","107","54.9","13.64",""
"Geno Smith","NYJ vs TEN","1:00pm","Rushing Yards","Over","6.5","14.0","BetRivers","-110","59.5","13.59","https://il.betrivers.com/?page=sportsbook#event/1027663023?coupon=Single|4327880439|"
"Tyler Loop","BAL vs IND","1:00pm","Field Goals Made","Under","1.5","1.4","DraftKings","-110","59.5","13.59","https://sportsbook.draftkings.com/?outcomes=0QA363190275%232258127947_13L88808Q11866316828Q20"
"Mike Gesicki","CIN vs TB","1:00pm","Receiving Receptions","Under","2.5","2.0","BetMGM","-160","69.9","13.59","https://sports.il.betmgm.com/en/sports?options=6:43659-3568718-5643307&type=Single"
"Mike Gesicki","CIN vs TB","1:00pm","Receiving Receptions","Under","2.5","2.0","DraftKings","-160","69.9","13.59","https://sportsbook.draftkings.com/?outcomes=0QA361397855%232250877466_13L88808Q11045072483Q20"
"Daniel Jones","IND vs BAL","1:00pm","Passing Attempts","Over","31.5","33.6","Fanatics","-125","63.1","13.58",""
"Jalen Tolbert","MIA vs LV","4:25pm","Receiving Receptions","Under","1.5","1.1","DraftKings","-165","70.7","13.55","https://sportsbook.draftkings.com/?outcomes=0QA362371224%232254739198_13L88808Q1-847255388Q20"
"Caleb Douglas","MIA vs LV","4:25pm","Receiving Receptions","Over","2.5","2.9","FanDuel","120","51.6","13.52","https://il.sportsbook.fanduel.com/addToBetslip?marketId=42.605955204&selectionId=59967950"
"Jaylen Waddle","DEN vs KC","8:15pm","Receiving Receptions","Under","4.5","4.2","BetOnline","-115","60.7","13.48",""
"De'Von Achane","MIA vs LV","4:25pm","Rushing Longest Rush","Under","16.5","17.0","BetRivers","-115","60.7","13.48","https://il.betrivers.com/?page=sportsbook#event/1027663025?coupon=Single|4332968541|"
"Ashton Jeanty","LV vs MIA","4:25pm","Rushing Longest Rush","Over","12.5","17.5","BetRivers","-115","60.7","13.48","https://il.betrivers.com/?page=sportsbook#event/1027663025?coupon=Single|4332968538|"
"Keenan Allen","IND vs BAL","1:00pm","Receiving Yards","Over","27.5","40.5","DraftKings","-113","60.2","13.47","https://sportsbook.draftkings.com/?outcomes=0QA361505013%232251334786_13L88808Q11687747842Q20"
"Lamar Jackson","BAL vs IND","1:00pm","Passing Completions","Over","18.5","19.5","DraftKings","100","56.7","13.40","https://sportsbook.draftkings.com/?outcomes=0QA361504371%232251323298_13L88808Q11438654403Q20"
"Cade Otton","TB vs CIN","1:00pm","Receiving Longest Reception","Under","15.5","15.0","BetMGM","-125","63","13.40","https://sports.il.betmgm.com/en/sports?options=6:43659-3572086-5650257&type=Single"
"Jahmyr Gibbs","DET vs NO","1:00pm","Last Td","Yes","0.5","","Fanatics","320","27","13.40",""
"Tetairoa McMillan","CAR vs CHI","1:00pm","1st Td","Yes","0.5","","DraftKings","1300","8.1","13.40","https://sportsbook.draftkings.com/?outcomes=0QA357416668%232253285947_13L88808Q1701504788Q20"
"Chase McLaughlin","TB vs CIN","1:00pm","Kicking Total Points","Under","7.5","6.5","DraftKings","-131","64.3","13.38","https://sportsbook.draftkings.com/?outcomes=0QA361398036%232250877998_13L88808Q1862408369Q20"
"J.K. Dobbins","DEN vs KC","8:15pm","Rushing Yards","Under","48.5","46.0","BetRivers","-114","60.4","13.38","https://il.betrivers.com/?page=sportsbook#event/1027663046?coupon=Single|4316084330|"
"Chris Rodriguez Jr.","JAC vs CLE","1:00pm","Rushing Longest Rush","Over","10.5","15.7","DraftKings","-126","63.2","13.36","https://sportsbook.draftkings.com/?outcomes=0QA362019937%232255843083_13L88808Q11205808510Q20"
"Jonathan Taylor","IND vs BAL","1:00pm","Receiving Yards","Under","17.5","18.8","DraftKings","-109","59.1","13.32","https://sportsbook.draftkings.com/?outcomes=0QA361504636%232251334763_13L88808Q1392644849Q20"
"Tyler Bass","BUF vs HOU","1:00pm","Kicking Total Points","Under","7.5","6.3","BetMGM","-140","66.1","13.31","https://sports.il.betmgm.com/en/sports?options=6:43166-3572152-5650386&type=Single"
"Javonte Williams","DAL vs NYG","8:20pm","Rushing Attempts","Under","18.5","17.0","BetMGM","-120","61.8","13.30","https://sports.il.betmgm.com/en/sports?options=6:43157-3572546-5651486&type=Single"
"Breece Hall","NYJ vs TEN","1:00pm","Receiving Yards","Under","19.5","19.6","BetRivers","-120","61.8","13.30","https://il.betrivers.com/?page=sportsbook#event/1027663023?coupon=Single|4321355296|"
"Rashod Bateman","BAL vs IND","1:00pm","Receiving Yards","Under","27.5","28.3","DraftKings","-111","59.6","13.29","https://sportsbook.draftkings.com/?outcomes=0QA361505053%232251326779_13L88808Q1-1091112666Q20"
"Tommy Tremble","CAR vs CHI","1:00pm","Receiving Longest Reception","Over","10.5","15.5","DraftKings","-113","60.1","13.29","https://sportsbook.draftkings.com/?outcomes=0QA362017017%232278055641_13L88808Q1114806594Q20"
"RJ Harvey","DEN vs KC","8:15pm","Anytime Td","Yes","0.5","","FanDuel","280","29.8","13.24","https://il.sportsbook.fanduel.com/addToBetslip?marketId=42.603593664&selectionId=49105594"
"Joshua Palmer","BUF vs HOU","1:00pm","Receiving Yards","Under","11.5","12.2","BetRivers","-121","62","13.24","https://il.betrivers.com/?page=sportsbook#event/1027663020?coupon=Single|4334208960|"
"C.J. Stroud","HOU vs BUF","1:00pm","Passing Completions","Over","19.5","21.3","DraftKings","-121","62","13.24","https://sportsbook.draftkings.com/?outcomes=0QA361833599%232254019773_13L88808Q11989889011Q20"
"Rachaad White","WAS vs PHI","4:25pm","Rushing Attempts","Under","6.5","6.1","BetOnline","-116","60.8","13.21",""
"Malik Willis","MIA vs LV","4:25pm","Passing Yards","Over","179.5","204.7","BetOnline","-116","60.8","13.21",""
"Joe Burrow","CIN vs TB","1:00pm","Passing+rushing Yards","Under","278.5","257.7","BetRivers","-114","60.3","13.19","https://il.betrivers.com/?page=sportsbook#event/1027663019?coupon=Single|4329108934|"
"Sam LaPorta","DET vs NO","1:00pm","Receiving Yards","Under","43.5","42.4","BetOnline","-114","60.3","13.19",""
"Brenton Strange","JAC vs CLE","1:00pm","Receiving Yards","Under","36.5","35.4","BetOnline","-114","60.3","13.19",""
"C.J. Stroud","HOU vs BUF","1:00pm","Passing Attempts","Over","31.5","33.6","DraftKings","-119","61.5","13.18","https://sportsbook.draftkings.com/?outcomes=0QA361833268%232254620307_13L88808Q1-986815955Q20"
"Caleb Williams","CHI vs CAR","1:00pm","Passing Attempts","Under","32.5","31.0","DraftKings","-119","61.5","13.18","https://sportsbook.draftkings.com/?outcomes=0QA362016742%232253615928_13L88808Q12114476987Q20"
"Amon-Ra St. Brown","DET vs NO","1:00pm","Receiving Longest Reception","Under","23.5","23.8","DraftKings","-107","58.5","13.17","https://sportsbook.draftkings.com/?outcomes=0QA361394983%232250962310_13L88808Q1-696479524Q20"
"Lamar Jackson","BAL vs IND","1:00pm","Passing Touchdowns","Under","1.5","1.2","DraftKings","-134","64.8","13.16","https://sportsbook.draftkings.com/?outcomes=0QA361505052%232251316645_13L88808Q1-1720642580Q20"
"Wil Lutz","DEN vs KC","8:15pm","Kicking Total Points","Under","7.5","6.4","BetMGM","-140","66","13.14","https://sports.il.betmgm.com/en/sports?options=6:43160-3573139-5652968&type=Single"
"Samaje Perine","CIN vs TB","1:00pm","Receiving Yards","Under","6.5","9.4","DraftKings","-117","61","13.14","https://sportsbook.draftkings.com/?outcomes=0QA361398244%232251116216_13L88808Q1-1263895043Q20"
"C.J. Stroud","HOU vs BUF","1:00pm","Passing Interceptions","Under","0.5","0.6","BetRivers","-103","57.4","13.13","https://il.betrivers.com/?page=sportsbook#event/1027663020?coupon=Single|4318712266|"
"DeVonta Smith","PHI vs WAS","4:25pm","Receiving Receptions","Under","5.5","4.9","DraftKings","-128","63.5","13.11","https://sportsbook.draftkings.com/?outcomes=0QA361490600%232265431111_13L88808Q1491250762Q20"
"Dontayvion Wicks","PHI vs WAS","4:25pm","Receiving Longest Reception","Under","16.5","15.2","BetMGM","-115","60.5","13.11","https://sports.il.betmgm.com/en/sports?options=6:43158-3573063-5652816&type=Single"
"Tyjae Spears","TEN vs NYJ","1:00pm","Rushing+receiving Yards","Under","47.5","47.4","DraftKings","-115","60.5","13.11","https://sportsbook.draftkings.com/?outcomes=0QA362384429%232281755543_13L88808Q1334880526Q20"
"Jeremiyah Love","ARI vs LAC","4:25pm","Rushing+receiving Yards","Over","58.5","72.2","BetMGM","-115","60.5","13.11","https://sports.il.betmgm.com/en/sports?options=6:43172-3570985-5648032&type=Single"
"Jonathon Brooks","CAR vs CHI","1:00pm","Anytime Td","Yes","0.5","","Fanatics","225","34.8","13.10",""
"Woody Marks","HOU vs BUF","1:00pm","1st Td","Yes","0.5","","BetRivers","1200","8.7","13.10","https://il.betrivers.com/?page=sportsbook#event/1027663020?coupon=Single|4318788584|"
"Woody Marks","HOU vs BUF","1:00pm","1st Td","Yes","0.5","","FanDuel","1200","8.7","13.10","https://il.sportsbook.fanduel.com/addToBetslip?marketId=42.603602848&selectionId=80633759"
"Bo Nix","DEN vs KC","8:15pm","Passing Touchdowns","Under","1.5","1.0","BetMGM","-185","73.4","13.08","https://sports.il.betmgm.com/en/sports?options=6:43160-3562749-5628710&type=Single"
"Wil Lutz","DEN vs KC","8:15pm","Kicking Total Points","Under","6.5","6.4","DraftKings","109","54.1","13.07","https://sportsbook.draftkings.com/?outcomes=0QA334622805%232237679413_13L88808Q1308914389Q20"
"Jalen Tolbert","MIA vs LV","4:25pm","Receiving Receptions","Under","1.5","1.1","BetOnline","-167","70.7","13.04",""
"Daniel Jones","IND vs BAL","1:00pm","Passing Touchdowns","Under","1.5","1.1","FanDuel","-164","70.2","13.00","https://il.sportsbook.fanduel.com/addToBetslip?marketId=42.604085354&selectionId=16544556"
"Jordan Mason","MIN vs GB","4:25pm","Rushing Attempts","Under","11.5","10.1","BetOnline","-137","65.3","12.96",""
"Jeremiyah Love","ARI vs LAC","4:25pm","Rushing Attempts","Over","9.5","11.5","BetOnline","-127","63.2","12.96",""
"Rachaad White","WAS vs PHI","4:25pm","Receiving Yards","Under","14.5","16.7","BetRivers","-120","61.6","12.93","https://il.betrivers.com/?page=sportsbook#event/1027663021?coupon=Single|4330126194|"
"Jonathan Taylor","IND vs BAL","1:00pm","Rushing Attempts","Over","18.5","19.7","BetOnline","-103","57.3","12.93",""
"Jaylen Waddle","DEN vs KC","8:15pm","Receiving Yards","Under","55.5","52.0","BetMGM","-115","60.4","12.92","https://sports.il.betmgm.com/en/sports?options=6:43160-3569825-5645720&type=Single"
"J.K. Dobbins","DEN vs KC","8:15pm","Rushing Yards","Under","48.5","46.0","BetMGM","-115","60.4","12.92","https://sports.il.betmgm.com/en/sports?options=6:43160-3569828-5645726&type=Single"
"Chris Olave","NO vs DET","1:00pm","Receiving Receptions","Under","6.5","5.5","DraftKings","-147","67.2","12.91","https://sportsbook.draftkings.com/?outcomes=0QA361394978%232265908923_13L88808Q1-1523053588Q20"
"Bijan Robinson","ATL vs PIT","1:00pm","Rushing Yards","Under","75.5","71.1","FanDuel","-113","59.9","12.91","https://il.sportsbook.fanduel.com/addToBetslip?marketId=42.604353133&selectionId=41066848"
"Omar Cooper Jr.","NYJ vs TEN","1:00pm","Receiving Yards","Under","14.5","16.2","FanDuel","-113","59.9","12.91","https://il.sportsbook.fanduel.com/addToBetslip?marketId=42.607603836&selectionId=102439703"
"Dak Prescott","DAL vs NYG","8:20pm","Passing Attempts","Under","33.5","31.9","DraftKings","-118","61.1","12.88","https://sportsbook.draftkings.com/?outcomes=0QA334625601%232151979606_13L88808Q1291074885Q20"
"Omarion Hampton","LAC vs ARI","4:25pm","1st Td","Yes","0.5","","Fanatics","425","21.5","12.88",""
"Nick Folk","ATL vs PIT","1:00pm","Field Goals Made","Over","1.5","1.8","DraftKings","103","55.6","12.87","https://sportsbook.draftkings.com/?outcomes=0QA363214315%232258198276_13L88808Q1-1662826411Q20"
"Zay Flowers","BAL vs IND","1:00pm","Receiving Receptions","Under","4.5","4.9","FanDuel","128","49.5","12.86","https://il.sportsbook.fanduel.com/addToBetslip?marketId=42.604089002&selectionId=41182053"
"Will Reichard","MIN vs GB","4:25pm","Kicking Total Points","Under","7.5","6.5","DraftKings","-131","64","12.85","https://sportsbook.draftkings.com/?outcomes=0QA362078841%232253517044_13L88808Q1862408369Q20"
"Rashee Rice","KC vs DEN","8:15pm","Receiving Receptions","Under","5.5","5.2","BetMGM","-110","59.1","12.83","https://sports.il.betmgm.com/en/sports?options=6:43160-3562738-5628688&type=Single"
"Patrick Mahomes","KC vs DEN","8:15pm","Rushing Yards","Under","15.5","15.9","FanDuel","-114","60.1","12.82","https://il.sportsbook.fanduel.com/addToBetslip?marketId=42.603597171&selectionId=16593718"
"Charlie Kolar","LAC vs ARI","4:25pm","Receiving Yards","Under","17.5","19.5","FanDuel","-114","60.1","12.82","https://il.sportsbook.fanduel.com/addToBetslip?marketId=42.606094577&selectionId=41075124"
"Jaxson Dart","NYG vs DAL","8:20pm","Rushing Attempts","Over","6.5","7.7","DraftKings","-112","59.6","12.81","https://sportsbook.draftkings.com/?outcomes=0QA334626597%232238799425_13L88808Q1498359820Q20"
"Omarion Hampton","LAC vs ARI","4:25pm","Last Td","Yes","0.5","","DraftKings","500","18.8","12.80","https://sportsbook.draftkings.com/?outcomes=0QA366590164%232271456270_13L88808Q1-1403371382Q20"
"Lamar Jackson","BAL vs IND","1:00pm","Passing Touchdowns","Under","1.5","1.2","BetMGM","-135","64.8","12.80","https://sports.il.betmgm.com/en/sports?options=6:43164-3562583-5628388&type=Single"
"C.J. Stroud","HOU vs BUF","1:00pm","Passing Attempts","Over","31.5","33.6","BetOnline","-120","61.5","12.75",""
"Caleb Williams","CHI vs CAR","1:00pm","Passing Attempts","Under","32.5","31.0","BetOnline","-120","61.5","12.75",""
"Jared Goff","DET vs NO","1:00pm","Passing Completions","Under","22.5","21.5","BetOnline","-109","58.8","12.74",""
"Baker Mayfield","TB vs CIN","1:00pm","Passing Touchdowns","Under","1.5","1.3","BetMGM","-115","60.3","12.73","https://sports.il.betmgm.com/en/sports?options=6:43659-3562424-5628079&type=Single"
"Khalil Shakir","BUF vs HOU","1:00pm","Receiving Longest Reception","Over","15.5","20.7","BetMGM","-115","60.3","12.73","https://sports.il.betmgm.com/en/sports?options=6:43166-3572151-5650383&type=Single"
"Matthew Golden","GB vs MIN","4:25pm","Receiving Longest Reception","Under","19.5","18.0","BetRivers","-115","60.3","12.73","https://il.betrivers.com/?page=sportsbook#event/1027663024?coupon=Single|4333417432|"
"Brenton Strange","JAC vs CLE","1:00pm","Receiving Yards","Under","35.5","35.4","BetMGM","-111","59.3","12.72","https://sports.il.betmgm.com/en/sports?options=6:43660-3563727-5631429&type=Single"
"Amon-Ra St. Brown","DET vs NO","1:00pm","Receiving Longest Reception","Under","23.5","23.8","BetRivers","-108","58.5","12.67","https://il.betrivers.com/?page=sportsbook#event/1027663022?coupon=Single|4333413726|"
"Bhayshul Tuten","JAC vs CLE","1:00pm","Receiving Receptions","Under","1.5","1.8","BetMGM","115","52.4","12.66","https://sports.il.betmgm.com/en/sports?options=6:43660-3562655-5628532&type=Single"
"Jordan Addison","MIN vs GB","4:25pm","Receiving Receptions","Under","3.5","3.1","BetOnline","-128","63.2","12.58",""
"Jahan Dotson","ATL vs PIT","1:00pm","Receiving Longest Reception","Under","10.5","10.6","DraftKings","-109","58.7","12.55","https://sportsbook.draftkings.com/?outcomes=0QA362098182%232265229791_13L88808Q12140305097Q20"
"Tucker Kraft","GB vs MIN","4:25pm","Receiving Longest Reception","Over","19.5","24.5","DraftKings","-109","58.7","12.55","https://sportsbook.draftkings.com/?outcomes=0QA362083010%232265910424_13L88808Q11318719058Q20"
"Aaron Rodgers","PIT vs ATL","1:00pm","Passing Attempts","Over","31.5","33.2","BetMGM","-115","60.2","12.55","https://sports.il.betmgm.com/en/sports?options=6:43165-3562692-5628605&type=Single"
"Aaron Rodgers","PIT vs ATL","1:00pm","Passing Attempts","Over","31.5","33.2","Fanatics","-115","60.2","12.55",""
"Lamar Jackson","BAL vs IND","1:00pm","Passing Longest Completion","Under","38.5","37.4","BetRivers","-115","60.2","12.55","https://il.betrivers.com/?page=sportsbook#event/1027663026?coupon=Single|4332824726|"
"Ja'Kobi Lane","BAL vs IND","1:00pm","Receiving Yards","Under","22.5","23.4","BetMGM","-115","60.2","12.55","https://sports.il.betmgm.com/en/sports?options=6:43164-3571790-5649719&type=Single"
"DJ Moore","BUF vs HOU","1:00pm","Receiving Receptions","Under","3.5","3.6","DraftKings","105","54.9","12.55","https://sportsbook.draftkings.com/?outcomes=0QA361833594%232254640131_13L88808Q1-616481466Q20"
"Joey Slye","TEN vs NYJ","1:00pm","Extra Points Made","Under","1.5","1.5","DraftKings","116","52.1","12.54","https://sportsbook.draftkings.com/?outcomes=0QA362383825%232254733150_13L88808Q11087749571Q20"
"Bucky Irving","TB vs CIN","1:00pm","Receiving Yards","Over","13.5","24.7","FanDuel","-113","59.7","12.53","https://il.sportsbook.fanduel.com/addToBetslip?marketId=42.606885161&selectionId=49541847"
"Jayden Daniels","WAS vs PHI","4:25pm","Passing Attempts","Over","29.5","31.2","DraftKings","-113","59.7","12.53","https://sportsbook.draftkings.com/?outcomes=0QA361490278%232251284723_13L88808Q11767639397Q20"
"RJ Harvey","DEN vs KC","8:15pm","1st Td","Yes","0.5","","Caesars","1400","7.5","12.50","https://sportsbook.caesars.com/us/il/bet/betslip?selectionIds=e95187d8-abab-31c8-80b4-2b3011e810b3"
"RJ Harvey","DEN vs KC","8:15pm","1st Td","Yes","0.5","","Fanatics","1400","7.5","12.50",""
"RJ Harvey","DEN vs KC","8:15pm","1st Td","Yes","0.5","","FanDuel","1400","7.5","12.50","https://il.sportsbook.fanduel.com/addToBetslip?marketId=42.603593670&selectionId=49105594"
"Bryce Young","CAR vs CHI","1:00pm","Passing Touchdowns","Under","1.5","1.3","DraftKings","-133","64.2","12.47","https://sportsbook.draftkings.com/?outcomes=0QA362016986%232253286372_13L88808Q1-1720642580Q20"
"Saquon Barkley","PHI vs WAS","4:25pm","Total Yards","Under","90.5","87.2","Fanatics","-105","57.6","12.46",""
"Jordan Addison","MIN vs GB","4:25pm","Receiving Yards","Under","42.5","40.5","BetOnline","-114","59.9","12.44",""
"Jordan Addison","MIN vs GB","4:25pm","Receiving Yards","Under","42.5","40.5","FanDuel","-114","59.9","12.44","https://il.sportsbook.fanduel.com/addToBetslip?marketId=42.603819155&selectionId=41179871"
"Tony Pollard","TEN vs NYJ","1:00pm","Rushing+receiving Yards","Over","63.5","77.1","BetRivers","-117","60.6","12.39","https://il.betrivers.com/?page=sportsbook#event/1027663023?coupon=Single|4333677917|"
"Bhayshul Tuten","JAC vs CLE","1:00pm","Rushing Longest Rush","Under","12.5","13.5","BetRivers","-109","58.6","12.36","https://il.betrivers.com/?page=sportsbook#event/1027663027?coupon=Single|4333141133|"
"Tommy Tremble","CAR vs CHI","1:00pm","Receiving Longest Reception","Over","10.5","15.5","BetRivers","-115","60.1","12.36","https://il.betrivers.com/?page=sportsbook#event/1027663018?coupon=Single|4333415400|"
"Charlie Kolar","LAC vs ARI","4:25pm","Receiving Yards","Under","17.5","19.5","BetMGM","-115","60.1","12.36","https://sports.il.betmgm.com/en/sports?options=6:43172-3563120-5629398&type=Single"
"Evan Engram","DEN vs KC","8:15pm","Receiving Receptions","Under","2.5","2.7","BetOnline","108","54","12.32",""
"Caleb Williams","CHI vs CAR","1:00pm","Passing Completions","Under","20.5","19.1","BetOnline","-125","62.4","12.32",""
"Caleb Williams","CHI vs CAR","1:00pm","Passing Completions","Under","20.5","19.1","DraftKings","-125","62.4","12.32","https://sportsbook.draftkings.com/?outcomes=0QA362016571%232253611531_13L88808Q1167019687Q20"
"Chris Olave","NO vs DET","1:00pm","Receiving Receptions","Under","6.5","5.5","BetOnline","-149","67.2","12.30",""
"Andre Szmyt","CLE vs JAX","1:00pm","Kicking Total Points","Over","4.5","6.3","Fanatics","-140","65.5","12.29",""
"Jeremiyah Love","ARI vs LAC","4:25pm","Rushing Yards","Over","39.5","49.2","BetOnline","-108","58.3","12.28",""
"Justin Jefferson","MIN vs GB","4:25pm","Receiving Receptions","Under","5.5","5.7","BetMGM","115","52.2","12.23","https://sports.il.betmgm.com/en/sports?options=6:43173-3572949-5652495&type=Single"
"Jalen Hurts","PHI vs WAS","4:25pm","Rushing Attempts","Over","7.5","8.1","BetMGM","115","52.2","12.23","https://sports.il.betmgm.com/en/sports?options=6:43158-3563113-5629348&type=Single"
"Durham Smythe","BAL vs IND","1:00pm","Last Td","Yes","0.5","","DraftKings","5000","2.2","12.20","https://sportsbook.draftkings.com/?outcomes=0QA366581142%232271425574_13L88808Q1-1562709178Q20"
"T.J. Hockenson","MIN vs GB","4:25pm","1st Td","Yes","0.5","","Caesars","2100","5.1","12.20","https://sportsbook.caesars.com/us/il/bet/betslip?selectionIds=aad60355-1d39-30e4-bd7f-82c4e8a4335d"
"Adonai Mitchell","NYJ vs TEN","1:00pm","Last Td","Yes","0.5","","FanDuel","1600","6.6","12.20","https://il.sportsbook.fanduel.com/addToBetslip?marketId=42.604329757&selectionId=42200633"
"Dalton Kincaid","BUF vs HOU","1:00pm","Receiving Receptions","Under","3.5","3.1","FanDuel","-130","63.4","12.17","https://il.sportsbook.fanduel.com/addToBetslip?marketId=42.603606155&selectionId=41602585"
"Kenny Gainwell","TB vs CIN","1:00pm","Rushing Yards","Under","20.5","20.8","BetRivers","-113","59.5","12.15","https://il.betrivers.com/?page=sportsbook#event/1027663019?coupon=Single|4331870807|"
"Kenny Gainwell","TB vs CIN","1:00pm","Rushing Yards","Under","20.5","20.8","FanDuel","-113","59.5","12.15","https://il.sportsbook.fanduel.com/addToBetslip?marketId=42.606885148&selectionId=40915796"
"Geno Smith","NYJ vs TEN","1:00pm","Rushing Yards","Over","6.5","14.0","FanDuel","-113","59.5","12.15","https://il.sportsbook.fanduel.com/addToBetslip?marketId=42.604336327&selectionId=12004381"
"Justice Hill","BAL vs IND","1:00pm","Rushing+receiving Yards","Over","22.5","38.0","DraftKings","-118","60.7","12.14","https://sportsbook.draftkings.com/?outcomes=0QA361504450%232263318352_13L88808Q11376057073Q20"
"Geno Smith","NYJ vs TEN","1:00pm","Passing Attempts","Over","29.5","31.7","Fanatics","-125","62.3","12.14",""
"Keenan Allen","IND vs BAL","1:00pm","Receiving Receptions","Over","3.5","4.0","DraftKings","114","52.4","12.14","https://sportsbook.draftkings.com/?outcomes=0QA361504237%232251321857_13L88808Q1730991375Q20"
"Patrick Mahomes","KC vs DEN","8:15pm","Passing Touchdowns","Under","1.5","1.3","DraftKings","-132","63.8","12.13","https://sportsbook.draftkings.com/?outcomes=0QA334622447%232151969445_13L88808Q1-1720642580Q20"
"Chris Rodriguez Jr.","JAC vs CLE","1:00pm","1st Td","Yes","0.5","","Caesars","850","11.8","12.10","https://sportsbook.caesars.com/us/il/bet/betslip?selectionIds=5e2df26b-3879-3d42-bf20-cbd43a09cf83"
"Jacoby Brissett","ARI vs LAC","4:25pm","Rushing Yards","Over","10.5","18.1","DraftKings","-114","59.7","12.07","https://sportsbook.draftkings.com/?outcomes=0QA362017637%232254805072_13L88808Q11168533474Q20"
"Jacoby Brissett","ARI vs LAC","4:25pm","Rushing Yards","Over","10.5","18.1","FanDuel","-114","59.7","12.07","https://il.sportsbook.fanduel.com/addToBetslip?marketId=42.606160413&selectionId=14942497"
"Ladd McConkey","LAC vs ARI","4:25pm","Receiving Yards","Under","56.5","54.6","FanDuel","-114","59.7","12.07","https://il.sportsbook.fanduel.com/addToBetslip?marketId=42.604299193&selectionId=42217172"
"Jaylin Noel","HOU vs BUF","1:00pm","Receiving Yards","Under","16.5","19.1","BetOnline","-114","59.7","12.07",""
"Jeremiyah Love","ARI vs LAC","4:25pm","Rushing Yards","Over","38.5","49.2","BetRivers","-114","59.7","12.07","https://il.betrivers.com/?page=sportsbook#event/1027663028?coupon=Single|4333266226|"
"DJ Moore","BUF vs HOU","1:00pm","Receiving Yards","Under","45.5","45.2","Fanatics","-110","58.7","12.06",""
"Jahan Dotson","ATL vs PIT","1:00pm","Receiving Longest Reception","Under","10.5","10.6","BetMGM","-110","58.7","12.06","https://sports.il.betmgm.com/en/sports?options=6:43165-3572408-5650963&type=Single"
"Jordan Love","GB vs MIN","4:25pm","Passing Touchdowns","Under","1.5","1.3","DraftKings","-123","61.8","12.04","https://sportsbook.draftkings.com/?outcomes=0QA362078924%232253517319_13L88808Q1-1720642580Q20"
"Tyler Bass","BUF vs HOU","1:00pm","Extra Points Made","Under","2.5","1.9","BetMGM","-175","71.3","12.04","https://sports.il.betmgm.com/en/sports?options=6:43166-3572153-5650388&type=Single"
"Mike Gesicki","CIN vs TB","1:00pm","Receiving Receptions","Under","2.5","2.0","FanDuel","-166","69.9","12.01","https://il.sportsbook.fanduel.com/addToBetslip?marketId=42.606885180&selectionId=16580235"
"Jalen Hurts","PHI vs WAS","4:25pm","Passing Completions","Over","18.5","19.8","BetMGM","-115","59.9","11.99","https://sports.il.betmgm.com/en/sports?options=6:43158-3563100-5629322&type=Single"
"Dalton Kincaid","BUF vs HOU","1:00pm","Receiving Yards","Under","37.5","37.1","BetRivers","-113","59.4","11.97","https://il.betrivers.com/?page=sportsbook#event/1027663020?coupon=Single|4316456694|"
"Michael Mayer","LV vs MIA","4:25pm","Receiving Yards","Under","40.5","39.9","DraftKings","-113","59.4","11.97","https://sportsbook.draftkings.com/?outcomes=0QA362371066%232279240679_13L88808Q1854528814Q20"
"Sam LaPorta","DET vs NO","1:00pm","Receiving Yards","Under","42.5","42.4","FanDuel","-113","59.4","11.97","https://il.sportsbook.fanduel.com/addToBetslip?marketId=42.604069763&selectionId=41154224"
"Jerry Jeudy","CLE vs JAX","1:00pm","Receiving Yards","Over","30.5","43.5","BetMGM","-111","58.9","11.96","https://sports.il.betmgm.com/en/sports?options=6:43660-3570898-5647868&type=Single"
"Jaylen Warren","PIT vs ATL","1:00pm","Rushing Yards","Over","42.5","53.9","DraftKings","-111","58.9","11.96","https://sportsbook.draftkings.com/?outcomes=0QA362098065%232254550928_13L88808Q12135517751Q20"
"Trey Smack","GB vs MIN","4:25pm","Kicking Total Points","Under","7.5","6.5","BetMGM","-135","64.3","11.93","https://sports.il.betmgm.com/en/sports?options=6:43173-3572969-5652544&type=Single"
"Patrick Mahomes","KC vs DEN","8:15pm","Rushing Yards","Under","15.5","15.9","DraftKings","-116","60.1","11.91","https://sportsbook.draftkings.com/?outcomes=0QA334622991%232240553458_13L88808Q1278311518Q20"
"Charlie Kolar","LAC vs ARI","4:25pm","Receiving Yards","Under","17.5","19.5","DraftKings","-116","60.1","11.91","https://sportsbook.draftkings.com/?outcomes=0QA362017689%232277473479_13L88808Q1392644849Q20"
"Joe Burrow","CIN vs TB","1:00pm","Passing Longest Completion","Under","39.5","38.5","DraftKings","-114","59.6","11.88","https://sportsbook.draftkings.com/?outcomes=0QA361397746%232254741289_13L88808Q1-2128990216Q20"
"Zay Flowers","BAL vs IND","1:00pm","Receiving Receptions","Under","4.5","4.9","DraftKings","126","49.5","11.87","https://sportsbook.draftkings.com/?outcomes=0QA361504815%232251363257_13L88808Q1-2138696Q20"
"Patrick Mahomes","KC vs DEN","8:15pm","Passing+rushing Yards","Over","244.5","267.1","DraftKings","-112","59.1","11.87","https://sportsbook.draftkings.com/?outcomes=0QA334622642%232266379331_13L88808Q1-936009864Q20"
"Geno Smith","NYJ vs TEN","1:00pm","Passing Touchdowns","Under","0.5","0.9","BetOnline","186","39.1","11.83",""
"David Montgomery","HOU vs BUF","1:00pm","1st Td","Yes","0.5","","Caesars","550","17.2","11.80","https://sportsbook.caesars.com/us/il/bet/betslip?selectionIds=d698daf5-1a8f-34c9-9f15-65657c0eb78c"
"David Montgomery","HOU vs BUF","1:00pm","1st Td","Yes","0.5","","FanDuel","550","17.2","11.80","https://il.sportsbook.fanduel.com/addToBetslip?marketId=42.603602848&selectionId=16579799"
"Jerry Jeudy","CLE vs JAX","1:00pm","1st Td","Yes","0.5","","FanDuel","2500","4.3","11.80","https://il.sportsbook.fanduel.com/addToBetslip?marketId=42.604229484&selectionId=16602545"
"Josh Downs","IND vs BAL","1:00pm","Receiving Yards","Under","47.5","45.7","BetMGM","-115","59.8","11.80","https://sports.il.betmgm.com/en/sports?options=6:43164-3572652-5651725&type=Single"
"Woody Marks","HOU vs BUF","1:00pm","Last Td","Yes","0.5","","Fanatics","1200","8.6","11.80",""
"Woody Marks","HOU vs BUF","1:00pm","Last Td","Yes","0.5","","FanDuel","1200","8.6","11.80","https://il.sportsbook.fanduel.com/addToBetslip?marketId=42.603602851&selectionId=80633759"
"Tyjae Spears","TEN vs NYJ","1:00pm","Rushing Attempts","Under","7.5","6.8","DraftKings","-131","63.4","11.80","https://sportsbook.draftkings.com/?outcomes=0QA362383989%232258186391_13L88808Q11112291099Q20"
"Jordan Mason","MIN vs GB","4:25pm","Rushing Yards","Under","44.5","43.6","DraftKings","-109","58.3","11.79","https://sportsbook.draftkings.com/?outcomes=0QA362078682%232253516106_13L88808Q1137305004Q20"
"Nico Collins","HOU vs BUF","1:00pm","Receiving Yards","Under","69.5","65.5","DraftKings","-113","59.3","11.78","https://sportsbook.draftkings.com/?outcomes=0QA361833642%232254620292_13L88808Q1-1427115104Q20"
"Nico Collins","HOU vs BUF","1:00pm","Receiving Yards","Under","69.5","65.5","FanDuel","-113","59.3","11.78","https://il.sportsbook.fanduel.com/addToBetslip?marketId=42.603606149&selectionId=40916112"
"Aaron Rodgers","PIT vs ATL","1:00pm","Passing Touchdowns","Under","1.5","1.1","BetRivers","-167","69.9","11.76","https://il.betrivers.com/?page=sportsbook#event/1027663029?coupon=Single|4319986965|"
"Mike Gesicki","CIN vs TB","1:00pm","Receiving Receptions","Under","2.5","2.0","BetOnline","-167","69.9","11.76",""
"Bryce Young","CAR vs CHI","1:00pm","Passing Touchdowns","Under","1.5","1.3","BetOnline","-135","64.2","11.76",""
"Rico Dowdle","PIT vs ATL","1:00pm","Receiving Receptions","Over","1.5","2.8","BetOnline","-156","68.1","11.75",""
"Jaylen Warren","PIT vs ATL","1:00pm","Last Td","Yes","0.5","","FanDuel","650","14.9","11.75","https://il.sportsbook.fanduel.com/addToBetslip?marketId=42.604353108&selectionId=42225581"
"Bijan Robinson","ATL vs PIT","1:00pm","Rushing Longest Rush","Under","17.5","18.3","DraftKings","-116","60","11.72","https://sportsbook.draftkings.com/?outcomes=0QA362098742%232281401546_13L88808Q11027152449Q20"
"Geno Smith","NYJ vs TEN","1:00pm","Passing Completions","Over","19.5","20.3","DraftKings","102","55.3","11.71","https://sportsbook.draftkings.com/?outcomes=0QA362384258%232254878899_13L88808Q11989889011Q20"
"Tony Pollard","TEN vs NYJ","1:00pm","Rushing Longest Rush","Over","13.5","18.0","DraftKings","-108","58","11.70","https://sportsbook.draftkings.com/?outcomes=0QA362384421%232254880939_13L88808Q1-1343154791Q20"
"Chris Bell","MIA vs LV","4:25pm","Receiving Yards","Over","18.5","30.6","DraftKings","-108","58","11.70","https://sportsbook.draftkings.com/?outcomes=0QA362388762%232275868278_13L88808Q1-1008436097Q20"
"Charlie Kolar","LAC vs ARI","4:25pm","Receiving Longest Reception","Under","11.5","12.1","BetMGM","-110","58.5","11.68","https://sports.il.betmgm.com/en/sports?options=6:43172-3563121-5629400&type=Single"
"RJ Harvey","DEN vs KC","8:15pm","Receiving Receptions","Under","2.5","2.3","BetOnline","-120","60.9","11.65",""
"Jacoby Brissett","ARI vs LAC","4:25pm","Rushing Yards","Over","10.5","18.1","BetRivers","-115","59.7","11.61","https://il.betrivers.com/?page=sportsbook#event/1027663028?coupon=Single|4329322766|"
"Javonte Williams","DAL vs NYG","8:20pm","Rushing Yards","Under","76.5","72.2","BetMGM","-115","59.7","11.61","https://sports.il.betmgm.com/en/sports?options=6:43157-3573100-5652896&type=Single"
"Bucky Irving","TB vs CIN","1:00pm","Receiving Yards","Over","13.5","24.7","BetMGM","-115","59.7","11.61","https://sports.il.betmgm.com/en/sports?options=6:43659-3572076-5650236&type=Single"
"Ladd McConkey","LAC vs ARI","4:25pm","Receiving Yards","Under","56.5","54.6","BetMGM","-115","59.7","11.61","https://sports.il.betmgm.com/en/sports?options=6:43172-3570984-5648031&type=Single"
"Omarion Hampton","LAC vs ARI","4:25pm","Rushing Yards","Under","68.5","65.3","BetMGM","-115","59.7","11.61","https://sports.il.betmgm.com/en/sports?options=6:43172-3572782-5652093&type=Single"
"Jonathon Brooks","CAR vs CHI","1:00pm","Last Td","Yes","0.5","","FanDuel","1100","9.3","11.60","https://il.sportsbook.fanduel.com/addToBetslip?marketId=42.604192329&selectionId=49330542"
"Ja'Kobi Lane","BAL vs IND","1:00pm","Receiving Receptions","Under","1.5","1.9","BetMGM","125","49.6","11.60","https://sports.il.betmgm.com/en/sports?options=6:43164-3562595-5628412&type=Single"
"Hollywood Brown","PHI vs WAS","4:25pm","1st Td","Yes","0.5","","BetMGM","3500","3.1","11.60","https://sports.il.betmgm.com/en/sports?options=6:43158-3573045-5652751&type=Single"
"Daniel Bellinger","TEN vs NYJ","1:00pm","1st Td","Yes","0.5","","Caesars","3500","3.1","11.60","https://sportsbook.caesars.com/us/il/bet/betslip?selectionIds=08d66d6d-d5f6-3be5-b186-40c864afb118"
"Daniel Bellinger","TEN vs NYJ","1:00pm","1st Td","Yes","0.5","","Fanatics","3500","3.1","11.60",""
"Xavier Legette","CAR vs CHI","1:00pm","1st Td","Yes","0.5","","Caesars","3000","3.6","11.60","https://sportsbook.caesars.com/us/il/bet/betslip?selectionIds=ad996b43-a539-3153-a82a-f184ecef1d99"
"Xavier Legette","CAR vs CHI","1:00pm","1st Td","Yes","0.5","","DraftKings","3000","3.6","11.60","https://sportsbook.draftkings.com/?outcomes=0QA357416668%232253286026_13L88808Q1-1138655908Q20"
"Xavier Legette","CAR vs CHI","1:00pm","1st Td","Yes","0.5","","FanDuel","3000","3.6","11.60","https://il.sportsbook.fanduel.com/addToBetslip?marketId=42.604192326&selectionId=42198380"
"Roman Wilson","PIT vs ATL","1:00pm","1st Td","Yes","0.5","","DraftKings","3000","3.6","11.60","https://sportsbook.draftkings.com/?outcomes=0QA357425722%232253598622_13L88808Q1-995664754Q20"
"Tyler Shough","NO vs DET","1:00pm","Passing+rushing Yards","Under","265.5","247.7","DraftKings","-113","59.2","11.59","https://sportsbook.draftkings.com/?outcomes=0QA361394977%232266381094_13L88808Q1-84753582Q20"
"Lamar Jackson","BAL vs IND","1:00pm","Passing Completions","Over","17.5","19.5","BetMGM","-135","64.1","11.58","https://sports.il.betmgm.com/en/sports?options=6:43164-3562580-5628381&type=Single"
"Bo Nix","DEN vs KC","8:15pm","Passing Completions","Under","22.5","20.7","BetMGM","-135","64.1","11.58","https://sports.il.betmgm.com/en/sports?options=6:43160-3569829-5645728&type=Single"
"Jaylen Warren","PIT vs ATL","1:00pm","Rushing Attempts","Over","10.5","12.5","BetOnline","-127","62.4","11.53",""
"Cam Little","JAC vs CLE","1:00pm","Field Goals Made","Under","1.5","1.6","DraftKings","112","52.6","11.51","https://sportsbook.draftkings.com/?outcomes=0QA363264318%232262667804_13L88808Q11866316828Q20"
"DK Metcalf","PIT vs ATL","1:00pm","Receiving Receptions","Under","3.5","3.7","BetMGM","110","53.1","11.51","https://sports.il.betmgm.com/en/sports?options=6:43165-3562539-5628302&type=Single"
"Malik Willis","MIA vs LV","4:25pm","Passing+rushing Yards","Over","225.5","247.7","DraftKings","-114","59.4","11.51","https://sportsbook.draftkings.com/?outcomes=0QA362371088%232279124805_13L88808Q1574465614Q20"
"Chris Bell","MIA vs LV","4:25pm","Receiving Yards","Over","17.5","30.6","FanDuel","-114","59.4","11.51","https://il.sportsbook.fanduel.com/addToBetslip?marketId=42.607428568&selectionId=102723477"
"Darnell Mooney","NYG vs DAL","8:20pm","Receiving Longest Reception","Under","16.5","14.3","BetRivers","-124","61.7","11.46","https://il.betrivers.com/?page=sportsbook#event/1027638967?coupon=Single|4333415041|"
"Ka'imi Fairbairn","HOU vs BUF","1:00pm","Extra Points Made","Under","1.5","1.8","BetMGM","155","43.7","11.44","https://sports.il.betmgm.com/en/sports?options=6:43166-3570681-5647258&type=Single"
"Joe Burrow","CIN vs TB","1:00pm","Passing Longest Completion","Under","39.5","38.5","BetRivers","-115","59.6","11.43","https://il.betrivers.com/?page=sportsbook#event/1027663019?coupon=Single|4332821716|"
"Joe Burrow","CIN vs TB","1:00pm","Passing Yards","Under","266.5","246.6","BetRivers","-115","59.6","11.43","https://il.betrivers.com/?page=sportsbook#event/1027663019?coupon=Single|4329529857|"
"Daniel Jones","IND vs BAL","1:00pm","Rushing Yards","Over","11.5","21.1","BetMGM","-115","59.6","11.43","https://sports.il.betmgm.com/en/sports?options=6:43164-3562563-5628347&type=Single"
"Courtland Sutton","DEN vs KC","8:15pm","Receiving Yards","Under","44.5","42.9","BetMGM","-115","59.6","11.43","https://sports.il.betmgm.com/en/sports?options=6:43160-3569832-5645734&type=Single"
"Jonathan Taylor","IND vs BAL","1:00pm","Receiving Yards","Under","17.5","18.8","BetRivers","-113","59.1","11.40","https://il.betrivers.com/?page=sportsbook#event/1027663026?coupon=Single|4332343289|"
"Ka'imi Fairbairn","HOU vs BUF","1:00pm","Field Goals Made","Under","1.5","1.6","BetMGM","115","51.8","11.37","https://sports.il.betmgm.com/en/sports?options=6:43166-3570679-5647254&type=Single"
"Ryan Fitzgerald","CAR vs CHI","1:00pm","Field Goals Made","Under","1.5","1.6","BetMGM","115","51.8","11.37","https://sports.il.betmgm.com/en/sports?options=6:43156-3570500-5646918&type=Single"
"Jalen Tolbert","MIA vs LV","4:25pm","Receiving Receptions","Under","1.5","1.1","FanDuel","-174","70.7","11.33","https://il.sportsbook.fanduel.com/addToBetslip?marketId=42.607428996&selectionId=48400246"
"Nico Collins","HOU vs BUF","1:00pm","Receiving Yards","Under","69.5","65.5","BetOnline","-114","59.3","11.32",""
"Riley Patterson","MIA vs LV","4:25pm","Extra Points Made","Under","1.5","1.5","BetMGM","105","54.3","11.31","https://sports.il.betmgm.com/en/sports?options=6:43159-3572907-5652395&type=Single"
"Riley Patterson","MIA vs LV","4:25pm","Extra Points Made","Under","1.5","1.5","Fanatics","105","54.3","11.31",""
"Darnell Mooney","NYG vs DAL","8:20pm","Receiving Longest Reception","Under","15.5","14.3","DraftKings","-112","58.8","11.30","https://sportsbook.draftkings.com/?outcomes=0QA334626403%232238809109_13L88808Q11710298317Q20"
"Isaiah Likely","NYG vs DAL","8:20pm","1st Td","Yes","0.5","","Caesars","2000","5.3","11.30","https://sportsbook.caesars.com/us/il/bet/betslip?selectionIds=70084692-1ed5-376f-b54e-cfc8e1ea1c27"
"Isaiah Likely","NYG vs DAL","8:20pm","1st Td","Yes","0.5","","DraftKings","2000","5.3","11.30","https://sportsbook.draftkings.com/?outcomes=0QA334310190%232151980933_13L88808Q1484820332Q20"
"Isaiah Likely","NYG vs DAL","8:20pm","1st Td","Yes","0.5","","FanDuel","2000","5.3","11.30","https://il.sportsbook.fanduel.com/addToBetslip?marketId=42.602803431&selectionId=42088280"
"Caleb Williams","CHI vs CAR","1:00pm","Rushing Yards","Under","19.5","20.8","BetOnline","-112","58.8","11.30",""
"Brenton Strange","JAC vs CLE","1:00pm","Receiving Longest Reception","Under","16.5","16.7","BetMGM","-110","58.3","11.30","https://sports.il.betmgm.com/en/sports?options=6:43660-3572341-5650839&type=Single"
"D'Andre Swift","CHI vs CAR","1:00pm","Receiving Receptions","Under","2.5","1.9","BetOnline","-167","69.6","11.28",""
"DeVonta Smith","PHI vs WAS","4:25pm","Receiving Receptions","Under","5.5","4.9","BetOnline","-133","63.5","11.24",""
"Jordan Love","GB vs MIN","4:25pm","Passing Touchdowns","Under","1.5","1.3","BetOnline","-125","61.8","11.24",""
"Dontayvion Wicks","PHI vs WAS","4:25pm","Receiving Receptions","Under","2.5","2.3","BetMGM","-125","61.8","11.24","https://sports.il.betmgm.com/en/sports?options=6:43158-3563081-5629285&type=Single"
"Bo Nix","DEN vs KC","8:15pm","Passing Attempts","Under","34.5","32.8","BetMGM","-125","61.8","11.24","https://sports.il.betmgm.com/en/sports?options=6:43160-3562746-5628704&type=Single"
"Geno Smith","NYJ vs TEN","1:00pm","Rushing Yards","Over","6.5","14.0","BetMGM","-115","59.5","11.24","https://sports.il.betmgm.com/en/sports?options=6:43155-3562632-5628485&type=Single"
"Geno Smith","NYJ vs TEN","1:00pm","Rushing Yards","Over","6.5","14.0","DraftKings","-115","59.5","11.24","https://sportsbook.draftkings.com/?outcomes=0QA362383974%232272457723_13L88808Q11227678787Q20"
"Javonte Williams","DAL vs NYG","8:20pm","Rushing+receiving Yards","Under","91.5","86.2","BetMGM","-115","59.5","11.24","https://sports.il.betmgm.com/en/sports?options=6:43157-3573094-5652884&type=Single"
"Bijan Robinson","ATL vs PIT","1:00pm","Receiving Yards","Under","35.5","35.1","DraftKings","-115","59.5","11.24","https://sportsbook.draftkings.com/?outcomes=0QA362098574%232254600697_13L88808Q1381478494Q20"
"Matt Gay","LV vs MIA","4:25pm","Extra Points Made","Under","1.5","1.8","BetMGM","145","45.4","11.23","https://sports.il.betmgm.com/en/sports?options=6:43159-3572887-5652355&type=Single"
"Tyler Shough","NO vs DET","1:00pm","Passing Touchdowns","Under","1.5","1.2","BetMGM","-155","67.6","11.21","https://sports.il.betmgm.com/en/sports?options=6:43161-3562522-5628268&type=Single"
"Jacoby Brissett","ARI vs LAC","4:25pm","Rushing Yards","Over","10.5","18.1","BetOnline","-116","59.7","11.17",""
"Devaughn Vele","NO vs DET","1:00pm","Receiving Longest Reception","Under","17.5","17.3","DraftKings","-106","57.2","11.16","https://sportsbook.draftkings.com/?outcomes=0QA361436946%232281447437_13L88808Q1-382290908Q20"
"Justin Herbert","LAC vs ARI","4:25pm","Passing Interceptions","Over","0.5","0.5","BetMGM","180","39.7","11.16","https://sports.il.betmgm.com/en/sports?options=6:43172-3563111-5629344&type=Single"
"Bryce Young","CAR vs CHI","1:00pm","Passing Completions","Over","19.5","21.2","BetOnline","-128","62.4","11.15",""
"Chris Rodriguez Jr.","JAC vs CLE","1:00pm","Rushing Yards","Over","36.5","49.5","BetOnline","-128","62.4","11.15",""
"Jahan Dotson","ATL vs PIT","1:00pm","Receiving Longest Reception","Under","11.5","10.6","BetRivers","-124","61.5","11.10","https://il.betrivers.com/?page=sportsbook#event/1027663029?coupon=Single|4333369214|"
"Josh Allen","BUF vs HOU","1:00pm","Passing Interceptions","Under","0.5","0.6","DraftKings","-105","56.9","11.09","https://sportsbook.draftkings.com/?outcomes=0QA361833710%232252526989_13L88808Q1-519559035Q20"
"Ka'imi Fairbairn","HOU vs BUF","1:00pm","Kicking Total Points","Under","7.5","6.5","BetMGM","-135","63.8","11.06","https://sports.il.betmgm.com/en/sports?options=6:43166-3570680-5647256&type=Single"
"Deshaun Watson","CLE vs JAX","1:00pm","Rushing Longest Rush","Under","10.5","10.2","BetRivers","-115","59.4","11.05","https://il.betrivers.com/?page=sportsbook#event/1027663027?coupon=Single|4332920844|"
"Patrick Mahomes","KC vs DEN","8:15pm","Passing Longest Completion","Over","34.5","39.3","BetRivers","-115","59.4","11.05","https://il.betrivers.com/?page=sportsbook#event/1027663046?coupon=Single|4332793382|"
"Rachaad White","WAS vs PHI","4:25pm","Receiving Yards","Under","13.5","16.7","BetMGM","-115","59.4","11.05","https://sports.il.betmgm.com/en/sports?options=6:43158-3568904-5643654&type=Single"
"Chris Bell","MIA vs LV","4:25pm","Receiving Yards","Over","17.5","30.6","BetOnline","-115","59.4","11.05",""
"Kyler Murray","MIN vs GB","4:25pm","Passing Completions","Under","21.5","20.4","BetOnline","-118","60.1","11.03",""
"Jaylen Warren","PIT vs ATL","1:00pm","Rushing Yards","Over","42.5","53.9","FanDuel","-113","58.9","11.02","https://il.sportsbook.fanduel.com/addToBetslip?marketId=42.605278886&selectionId=41173071"
"Chris Rodriguez Jr.","JAC vs CLE","1:00pm","Rushing Yards","Over","38.5","49.5","BetRivers","-113","58.9","11.02","https://il.betrivers.com/?page=sportsbook#event/1027663027?coupon=Single|4329479144|"
"Cam Ward","TEN vs NYJ","1:00pm","Passing Completions","Over","19.5","20.7","BetOnline","-109","57.9","11.02",""
"Samaje Perine","CIN vs TB","1:00pm","Receiving Yards","Under","6.5","9.4","BetRivers","-122","61","11.00","https://il.betrivers.com/?page=sportsbook#event/1027663019?coupon=Single|4329118324|"
"Harrison Butker","KC vs DEN","8:15pm","Kicking Total Points","Under","7.5","6.7","DraftKings","-122","61","11.00","https://sportsbook.draftkings.com/?outcomes=0QA334622152%232151968228_13L88808Q1862408369Q20"
"Chad Ryland","ARI vs LAC","4:25pm","Extra Points Made","Under","1.5","1.5","BetMGM","100","55.5","11.00","https://sports.il.betmgm.com/en/sports?options=6:43172-3572799-5652129&type=Single"
"Javonte Williams","DAL vs NYG","8:20pm","Last Td","Yes","0.5","","Fanatics","475","19.3","10.97",""
"Baker Mayfield","TB vs CIN","1:00pm","Passing Touchdowns","Under","1.5","1.3","BetOnline","-119","60.3","10.97",""
"Darnell Washington","PIT vs ATL","1:00pm","Receiving Longest Reception","Under","10.5","10.7","DraftKings","-119","60.3","10.97","https://sportsbook.draftkings.com/?outcomes=0QA362098687%232280472942_13L88808Q12140305097Q20"
"Michael Pittman Jr.","PIT vs ATL","1:00pm","Receiving Receptions","Under","4.5","3.7","DraftKings","-162","68.6","10.95","https://sportsbook.draftkings.com/?outcomes=0QA362098760%232253598265_13L88808Q1-2138696Q20"
"Wil Lutz","DEN vs KC","8:15pm","Extra Points Made","Under","1.5","1.6","DraftKings","121","50.2","10.94","https://sportsbook.draftkings.com/?outcomes=0QA334622572%232151970635_13L88808Q11087749571Q20"
"Caleb Douglas","MIA vs LV","4:25pm","Receiving Receptions","Over","2.5","2.9","BetMGM","115","51.6","10.94","https://sports.il.betmgm.com/en/sports?options=6:43159-3570905-5647897&type=Single"
"Kyler Murray","MIN vs GB","4:25pm","Passing Touchdowns","Under","1.5","1.2","BetMGM","-140","64.7","10.91","https://sports.il.betmgm.com/en/sports?options=6:43173-3563022-5629176&type=Single"
"Sam LaPorta","DET vs NO","1:00pm","Receiving Receptions","Under","4.5","3.8","DraftKings","-151","66.7","10.87","https://sportsbook.draftkings.com/?outcomes=0QA361394632%232266335365_13L88808Q1-2138696Q20"
"Wan'Dale Robinson","TEN vs NYJ","1:00pm","Receiving Yards","Under","43.5","42.6","DraftKings","-115","59.3","10.87","https://sportsbook.draftkings.com/?outcomes=0QA362383597%232274832063_13L88808Q1-957981255Q20"
"Jake Ferguson","DAL vs NYG","8:20pm","Receiving Yards","Under","30.5","31.3","BetMGM","-115","59.3","10.87","https://sports.il.betmgm.com/en/sports?options=6:43157-3562954-5629054&type=Single"
"Tetairoa McMillan","CAR vs CHI","1:00pm","Receiving Yards","Under","58.5","55.9","BetMGM","-115","59.3","10.87","https://sports.il.betmgm.com/en/sports?options=6:43156-3561877-5626340&type=Single"
"Josh Downs","IND vs BAL","1:00pm","Receiving Yards","Under","46.5","45.7","FanDuel","-113","58.8","10.84","https://il.sportsbook.fanduel.com/addToBetslip?marketId=42.605802879&selectionId=41178411"
"Caleb Williams","CHI vs CAR","1:00pm","Rushing Yards","Under","19.5","20.8","FanDuel","-113","58.8","10.84","https://il.sportsbook.fanduel.com/addToBetslip?marketId=42.604199526&selectionId=41519458"
"Jordan Mason","MIN vs GB","4:25pm","Rushing Yards","Under","44.5","43.6","BetMGM","-111","58.3","10.82","https://sports.il.betmgm.com/en/sports?options=6:43173-3572953-5652503&type=Single"
"Jeremiyah Love","ARI vs LAC","4:25pm","Rushing Yards","Over","39.5","49.2","DraftKings","-111","58.3","10.82","https://sportsbook.draftkings.com/?outcomes=0QA362403809%232265840457_13L88808Q1668282432Q20"
"Kirk Cousins","LV vs MIA","4:25pm","Rushing Yards","Under","0.5","3.2","DraftKings","-144","65.4","10.82","https://sportsbook.draftkings.com/?outcomes=0QA362372075%232279351343_13L88808Q1-495610809Q20"
"Jayden Daniels","WAS vs PHI","4:25pm","Passing+rushing Yards","Over","239.5","261.0","DraftKings","-114","59","10.75","https://sportsbook.draftkings.com/?outcomes=0QA361489464%232271575360_13L88808Q1700148982Q20"
"Javonte Williams","DAL vs NYG","8:20pm","Rushing Yards","Under","75.5","72.2","DraftKings","-112","58.5","10.73","https://sportsbook.draftkings.com/?outcomes=0QA334625804%232152004051_13L88808Q11636916788Q20"
"Dalton Kincaid","BUF vs HOU","1:00pm","Receiving Yards","Under","36.5","37.1","DraftKings","-112","58.5","10.73","https://sportsbook.draftkings.com/?outcomes=0QA361833100%232265809010_13L88808Q1582081354Q20"
"Jalen Coker","CAR vs CHI","1:00pm","Receiving Receptions","Under","3.5","3.4","BetMGM","-110","58","10.73","https://sports.il.betmgm.com/en/sports?options=6:43156-3562479-5628184&type=Single"
"Jacory Croskey-Merritt","WAS vs PHI","4:25pm","Receiving Yards","Under","5.5","7.8","BetOnline","-110","58","10.73",""
"Jeremiyah Love","ARI vs LAC","4:25pm","Rushing Attempts","Over","9.5","11.5","DraftKings","-133","63.2","10.72","https://sportsbook.draftkings.com/?outcomes=0QA362403792%232254817304_13L88808Q11368502538Q20"
"C.J. Stroud","HOU vs BUF","1:00pm","Passing Attempts","Over","31.5","33.6","Fanatics","-125","61.5","10.70",""
"Ja'Marr Chase","CIN vs TB","1:00pm","Receiving Yards","Under","83.5","79.7","BetRivers","-115","59.2","10.68","https://il.betrivers.com/?page=sportsbook#event/1027663019?coupon=Single|4333003518|"
"Bryce Young","CAR vs CHI","1:00pm","Passing Yards","Over","204.5","226.6","BetMGM","-115","59.2","10.68","https://sports.il.betmgm.com/en/sports?options=6:43156-3572169-5650436&type=Single"
"Tetairoa McMillan","CAR vs CHI","1:00pm","Receiving Longest Reception","Under","23.5","22.8","BetMGM","-115","59.2","10.68","https://sports.il.betmgm.com/en/sports?options=6:43156-3572202-5650503&type=Single"
"Justin Jefferson","MIN vs GB","4:25pm","Receiving Receptions","Under","5.5","5.7","FanDuel","112","52.2","10.66","https://il.sportsbook.fanduel.com/addToBetslip?marketId=42.603819161&selectionId=36057837"
"Matt Gay","LV vs MIA","4:25pm","Field Goals Made","Under","1.5","1.5","DraftKings","-101","55.6","10.65","https://sportsbook.draftkings.com/?outcomes=0QA362381986%232254726623_13L88808Q11866316828Q20"
"D'Andre Swift","CHI vs CAR","1:00pm","Receiving Yards","Under","14.5","16.6","BetRivers","-113","58.7","10.65","https://il.betrivers.com/?page=sportsbook#event/1027663018?coupon=Single|4333287874|"
"Lamar Jackson","BAL vs IND","1:00pm","Passing+rushing Yards","Under","264.5","246.0","DraftKings","-113","58.7","10.65","https://sportsbook.draftkings.com/?outcomes=0QA361504965%232276922904_13L88808Q1-1454097284Q20"
"Luther Burden III","CHI vs CAR","1:00pm","Receiving Yards","Under","57.5","56.0","FanDuel","-113","58.7","10.65","https://il.sportsbook.fanduel.com/addToBetslip?marketId=42.604192372&selectionId=48308850"
"Rachaad White","WAS vs PHI","4:25pm","Rushing Attempts","Under","6.5","6.1","DraftKings","-122","60.8","10.64","https://sportsbook.draftkings.com/?outcomes=0QA361489692%232251282354_13L88808Q1-1345352881Q20"
"Deshaun Watson","CLE vs JAX","1:00pm","Rushing Longest Rush","Under","10.5","10.2","DraftKings","-116","59.4","10.61","https://sportsbook.draftkings.com/?outcomes=0QA362720459%232262667860_13L88808Q1-8395620Q20"
"Geno Smith","NYJ vs TEN","1:00pm","Passing Completions","Over","19.5","20.3","BetOnline","100","55.3","10.60",""
"Parker Washington","JAC vs CLE","1:00pm","Receiving Yards","Under","52.5","54.1","BetOnline","-103","56.1","10.57",""
"Cam Skattebo","NYG vs DAL","8:20pm","Receiving Receptions","Under","2.5","2.1","BetOnline","-139","64.3","10.56",""
"Baker Mayfield","TB vs CIN","1:00pm","Passing Touchdowns","Under","1.5","1.3","BetRivers","-120","60.3","10.55","https://il.betrivers.com/?page=sportsbook#event/1027663019?coupon=Single|4317880818|"
"Baker Mayfield","TB vs CIN","1:00pm","Passing Touchdowns","Under","1.5","1.3","DraftKings","-120","60.3","10.55","https://sportsbook.draftkings.com/?outcomes=0QA361397968%232250878770_13L88808Q1-1720642580Q20"
"DJ Moore","BUF vs HOU","1:00pm","Receiving Yards","Under","46.5","45.2","BetRivers","-117","59.6","10.54","https://il.betrivers.com/?page=sportsbook#event/1027663020?coupon=Single|4315999796|"
"Jaxson Dart","NYG vs DAL","8:20pm","Rushing Yards","Over","30.5","46.4","BetRivers","-117","59.6","10.54","https://il.betrivers.com/?page=sportsbook#event/1027638967?coupon=Single|4332994340|"
"Bijan Robinson","ATL vs PIT","1:00pm","Total Yards","Under","115.5","106.3","Fanatics","-125","61.4","10.52",""
"Troy Franklin","DEN vs KC","8:15pm","Anytime Td","Yes","0.5","","DraftKings","1200","8.5","10.50","https://sportsbook.draftkings.com/?outcomes=0QA334623096%232151972194_13L88808Q1-1283460656Q20"
"Troy Franklin","DEN vs KC","8:15pm","Anytime Td","Yes","0.5","","FanDuel","1200","8.5","10.50","https://il.sportsbook.fanduel.com/addToBetslip?marketId=42.603593664&selectionId=41915985"
"Emmett Johnson","KC vs DEN","8:15pm","Anytime Td","Yes","0.5","","DraftKings","550","17","10.50","https://sportsbook.draftkings.com/?outcomes=0QA334623096%232152083365_13L88808Q1641834418Q20"
"Breece Hall","NYJ vs TEN","1:00pm","Receiving Receptions","Under","2.5","2.7","BetOnline","110","52.6","10.46",""
"Jalen Hurts","PHI vs WAS","4:25pm","Passing Touchdowns","Under","1.5","1.2","BetOnline","-141","64.6","10.42",""
"Durham Smythe","BAL vs IND","1:00pm","1st Td","Yes","0.5","","Caesars","4500","2.4","10.40","https://sportsbook.caesars.com/us/il/bet/betslip?selectionIds=3f88969a-72b1-3d62-add5-548608790bdf"
"Troy Franklin","DEN vs KC","8:15pm","Last Td","Yes","0.5","","FanDuel","4500","2.4","10.40","https://il.sportsbook.fanduel.com/addToBetslip?marketId=42.603593673&selectionId=41915985"
"Durham Smythe","BAL vs IND","1:00pm","Anytime Td","Yes","0.5","","BetRivers","1050","9.6","10.40","https://il.betrivers.com/?page=sportsbook#event/1027663026?coupon=Single|4320171711|"
"Hollywood Brown","PHI vs WAS","4:25pm","Anytime Td","Yes","0.5","","BetMGM","1050","9.6","10.40","https://sports.il.betmgm.com/en/sports?options=6:43158-3560102-5621811&type=Single"
"Malik Nabers","NYG vs DAL","8:20pm","1st Td","Yes","0.5","","BetRivers","1050","9.6","10.40","https://il.betrivers.com/?page=sportsbook#event/1027638967?coupon=Single|4312294042|"
"Malik Nabers","NYG vs DAL","8:20pm","1st Td","Yes","0.5","","Fanatics","1050","9.6","10.40",""
"Zay Flowers","BAL vs IND","1:00pm","Receiving Receptions","Under","4.5","4.9","BetOnline","123","49.5","10.38",""
"Khalil Shakir","BUF vs HOU","1:00pm","Receiving Longest Reception","Over","16.5","20.7","DraftKings","-106","56.8","10.38","https://sportsbook.draftkings.com/?outcomes=0QA361833239%232254640142_13L88808Q1-645098318Q20"
"Josh Downs","IND vs BAL","1:00pm","Receiving Yards","Under","46.5","45.7","BetOnline","-114","58.8","10.38",""
"De'Von Achane","MIA vs LV","4:25pm","Rushing+receiving Yards","Under","98.5","93.8","BetRivers","-114","58.8","10.38","https://il.betrivers.com/?page=sportsbook#event/1027663025?coupon=Single|4328016709|"
"Caleb Williams","CHI vs CAR","1:00pm","Rushing Yards","Under","19.5","20.8","BetRivers","-114","58.8","10.38","https://il.betrivers.com/?page=sportsbook#event/1027663018?coupon=Single|4329309196|"
"Dalton Kincaid","BUF vs HOU","1:00pm","Receiving Receptions","Under","3.5","3.1","BetMGM","-135","63.4","10.36","https://sports.il.betmgm.com/en/sports?options=6:43166-3562473-5628172&type=Single"
"Spencer Shrader","IND vs BAL","1:00pm","Extra Points Made","Under","2.5","1.9","DraftKings","-184","71.5","10.36","https://sportsbook.draftkings.com/?outcomes=0QA365261782%232280238447_13L88808Q1-2034603101Q20"
"Javonte Williams","DAL vs NYG","8:20pm","Rushing Yards","Under","74.5","72.2","BetOnline","-108","57.3","10.36",""
"J.K. Dobbins","DEN vs KC","8:15pm","Receiving Yards","Under","3.5","5.3","BetOnline","-112","58.3","10.35",""
"Ryan Fitzgerald","CAR vs CHI","1:00pm","Extra Points Made","Under","1.5","1.8","DraftKings","156","43.1","10.34","https://sportsbook.draftkings.com/?outcomes=0QA362017016%232275521009_13L88808Q11087749571Q20"
"Daniel Jones","IND vs BAL","1:00pm","Passing Touchdowns","Under","1.5","1.1","BetMGM","-175","70.2","10.31","https://sports.il.betmgm.com/en/sports?options=6:43164-3562567-5628356&type=Single"
"Joe Burrow","CIN vs TB","1:00pm","Passing Yards","Under","265.5","246.6","Fanatics","-115","59","10.30",""
"Spencer Shrader","IND vs BAL","1:00pm","Kicking Total Points","Under","6.5","6.6","Fanatics","115","51.3","10.29",""
"Bucky Irving","TB vs CIN","1:00pm","Receiving Yards","Over","13.5","24.7","DraftKings","-118","59.7","10.29","https://sportsbook.draftkings.com/?outcomes=0QA361398066%232265835321_13L88808Q11047375050Q20"
"Omarion Hampton","LAC vs ARI","4:25pm","Rushing Yards","Under","68.5","65.3","BetRivers","-118","59.7","10.29","https://il.betrivers.com/?page=sportsbook#event/1027663028?coupon=Single|4333651784|"
"Quinshon Judkins","CLE vs JAX","1:00pm","Rushing+receiving Yards","Over","71.5","82.9","DraftKings","-113","58.5","10.27","https://sportsbook.draftkings.com/?outcomes=0QA362019374%232267455366_13L88808Q1-1762026480Q20"
"Geno Smith","NYJ vs TEN","1:00pm","Passing Touchdowns","Under","0.5","0.9","FanDuel","182","39.1","10.26","https://il.sportsbook.fanduel.com/addToBetslip?marketId=42.604329769&selectionId=12004382"
"Travis Etienne Jr.","NO vs DET","1:00pm","Receiving Yards","Under","14.5","16.9","DraftKings","-109","57.5","10.25","https://sportsbook.draftkings.com/?outcomes=0QA361394569%232258100618_13L88808Q1-131433868Q20"
"Omarion Hampton","LAC vs ARI","4:25pm","Rushing Longest Rush","Under","16.5","17.8","DraftKings","-111","58","10.25","https://sportsbook.draftkings.com/?outcomes=0QA362017830%232266406530_13L88808Q11756395248Q20"
"Ashton Jeanty","LV vs MIA","4:25pm","1st Td","Yes","0.5","","Caesars","425","21","10.25","https://sportsbook.caesars.com/us/il/bet/betslip?selectionIds=d078bddf-0ba1-3683-9ae2-6a871c4aeaf3"
"Chase McLaughlin","TB vs CIN","1:00pm","Kicking Total Points","Under","7.5","6.5","Fanatics","-140","64.3","10.23",""
"Daniel Jones","IND vs BAL","1:00pm","Rushing Attempts","Over","3.5","4.1","Fanatics","100","55.1","10.20",""
"Mike Washington Jr.","LV vs MIA","4:25pm","1st Td","Yes","0.5","","DraftKings","1800","5.8","10.20","https://sportsbook.draftkings.com/?outcomes=0QA357445951%232254649280_13L88808Q1-481986355Q20"
"Luther Burden III","CHI vs CAR","1:00pm","Receiving Yards","Under","57.5","56.0","BetOnline","-114","58.7","10.19",""
"RJ Harvey","DEN vs KC","8:15pm","Rushing Yards","Over","17.5","27.7","BetMGM","-120","60.1","10.18","https://sports.il.betmgm.com/en/sports?options=6:43160-3569822-5645713&type=Single"
"Michael Pittman Jr.","PIT vs ATL","1:00pm","Receiving Receptions","Under","4.5","3.7","BetMGM","-165","68.6","10.18","https://sports.il.betmgm.com/en/sports?options=6:43165-3563720-5631416&type=Single"
"Devaughn Vele","NO vs DET","1:00pm","Receiving Longest Reception","Under","17.5","17.3","BetRivers","-108","57.2","10.16","https://il.betrivers.com/?page=sportsbook#event/1027663022?coupon=Single|4333413732|"
"Courtland Sutton","DEN vs KC","8:15pm","Receiving Receptions","Under","3.5","3.6","BetOnline","104","54","10.16",""
"Mark Andrews","BAL vs IND","1:00pm","Receiving Receptions","Over","3.5","3.8","FanDuel","116","51","10.16","https://il.sportsbook.fanduel.com/addToBetslip?marketId=42.604089293&selectionId=16602460"
"Patrick Mahomes","KC vs DEN","8:15pm","Rushing Yards","Under","14.5","15.9","BetMGM","-110","57.7","10.15","https://sports.il.betmgm.com/en/sports?options=6:43160-3562725-5628662&type=Single"
"Darnell Washington","PIT vs ATL","1:00pm","Receiving Longest Reception","Under","10.5","10.7","BetRivers","-121","60.3","10.13","https://il.betrivers.com/?page=sportsbook#event/1027663029?coupon=Single|4333357634|"
"Jerry Jeudy","CLE vs JAX","1:00pm","Receiving Yards","Over","30.5","43.5","BetRivers","-115","58.9","10.12","https://il.betrivers.com/?page=sportsbook#event/1027663027?coupon=Single|4329513862|"
"Jaylen Warren","PIT vs ATL","1:00pm","Rushing Yards","Over","42.5","53.9","BetMGM","-115","58.9","10.12","https://sports.il.betmgm.com/en/sports?options=6:43165-3572392-5650932&type=Single"
"Jahmyr Gibbs","DET vs NO","1:00pm","Receiving Yards","Under","32.5","32.9","BetMGM","-115","58.9","10.12","https://sports.il.betmgm.com/en/sports?options=6:43161-3572103-5650288&type=Single"
"Mason Taylor","NYJ vs TEN","1:00pm","Receiving Longest Reception","Under","12.5","13.1","BetMGM","-115","58.9","10.12","https://sports.il.betmgm.com/en/sports?options=6:43155-3572492-5651315&type=Single"
"Luther Burden III","CHI vs CAR","1:00pm","Receiving Yards","Under","58.5","56.0","BetRivers","-118","59.6","10.11","https://il.betrivers.com/?page=sportsbook#event/1027663018?coupon=Single|4334118594|"
"Bo Nix","DEN vs KC","8:15pm","Passing Touchdowns","Under","1.5","1.0","BetRivers","-200","73.4","10.10","https://il.betrivers.com/?page=sportsbook#event/1027663046?coupon=Single|4316024398|"
"Jake Ferguson","DAL vs NYG","8:20pm","Receiving Yards","Under","29.5","31.3","BetOnline","-111","57.9","10.06",""
"Jake Ferguson","DAL vs NYG","8:20pm","Receiving Yards","Under","29.5","31.3","DraftKings","-111","57.9","10.06","https://sportsbook.draftkings.com/?outcomes=0QA334625613%232265825043_13L88808Q1-1491346833Q20"
"Rachaad White","WAS vs PHI","4:25pm","Rushing+receiving Yards","Under","42.5","42.7","DraftKings","-116","59.1","10.05","https://sportsbook.draftkings.com/?outcomes=0QA361490476%232272800992_13L88808Q11490429522Q20"
"Chase Brown","CIN vs TB","1:00pm","Last Td","Yes","0.5","","Fanatics","575","16.3","10.03",""
"Omarion Hampton","LAC vs ARI","4:25pm","Rushing Yards","Under","67.5","65.3","FanDuel","-114","58.6","10.00","https://il.sportsbook.fanduel.com/addToBetslip?marketId=42.604295068&selectionId=48691363"
"Josh Allen","BUF vs HOU","1:00pm","Rushing Longest Rush","Over","13.5","25.6","DraftKings","-120","60","10.00","https://sportsbook.draftkings.com/?outcomes=0QA361833105%232265043661_13L88808Q1-1343154791Q20"
"Nico Collins","HOU vs BUF","1:00pm","Receiving Yards","Under","69.5","65.5","BetRivers","-117","59.3","9.98","https://il.betrivers.com/?page=sportsbook#event/1027663020?coupon=Single|4318796573|"
"Jake Ferguson","DAL vs NYG","8:20pm","Receiving Yards","Under","30.5","31.3","BetRivers","-117","59.3","9.98","https://il.betrivers.com/?page=sportsbook#event/1027638967?coupon=Single|4326990803|"
"Jeremiyah Love","ARI vs LAC","4:25pm","Rushing Longest Rush","Over","11.5","15.7","DraftKings","-112","58.1","9.98","https://sportsbook.draftkings.com/?outcomes=0QA362403797%232254817308_13L88808Q1-1258764088Q20"
"Jordan Love","GB vs MIN","4:25pm","Passing Completions","Under","20.5","19.8","BetOnline","-108","57.1","9.97",""
"KC Concepcion","CLE vs JAX","1:00pm","Receiving Longest Reception","Over","15.5","19.3","BetMGM","-115","58.8","9.93","https://sports.il.betmgm.com/en/sports?options=6:43660-3572357-5650867&type=Single"
"Courtland Sutton","DEN vs KC","8:15pm","Receiving Receptions","Under","4.5","3.6","FanDuel","-166","68.6","9.93","https://il.sportsbook.fanduel.com/addToBetslip?marketId=42.603597905&selectionId=16490005"
"Daniel Carlson","NO vs DET","1:00pm","Kicking Total Points","Under","6.5","6.2","BetMGM","-105","56.3","9.92","https://sports.il.betmgm.com/en/sports?options=6:43161-3570639-5647187&type=Single"
"Tyjae Spears","TEN vs NYJ","1:00pm","Receiving Receptions","Under","2.5","2.7","BetOnline","-105","56.3","9.92",""
"Tyjae Spears","TEN vs NYJ","1:00pm","Receiving Receptions","Under","2.5","2.7","DraftKings","-105","56.3","9.92","https://sportsbook.draftkings.com/?outcomes=0QA362384516%232258184241_13L88808Q11045072483Q20"
"DK Metcalf","PIT vs ATL","1:00pm","Receiving Receptions","Under","3.5","3.7","BetOnline","107","53.1","9.92",""
"Cam Skattebo","NYG vs DAL","8:20pm","Receiving Receptions","Under","2.5","2.1","DraftKings","-141","64.3","9.90","https://sportsbook.draftkings.com/?outcomes=0QA334630526%232238800652_13L88808Q11045072483Q20"
"Kyler Murray","MIN vs GB","4:25pm","Passing+rushing Yards","Over","248.5","267.6","DraftKings","-111","57.8","9.87","https://sportsbook.draftkings.com/?outcomes=0QA362079307%232254563901_13L88808Q11057147472Q20"
"Josh Allen","BUF vs HOU","1:00pm","Passing Touchdowns","Under","1.5","1.1","BetMGM","-165","68.4","9.85","https://sports.il.betmgm.com/en/sports?options=6:43166-3562466-5628158&type=Single"
"Caleb Williams","CHI vs CAR","1:00pm","Passing Interceptions","Under","0.5","0.4","BetMGM","-150","65.9","9.83","https://sports.il.betmgm.com/en/sports?options=6:43156-3562392-5628023&type=Single"
"Ashton Jeanty","LV vs MIA","4:25pm","Receiving Receptions","Under","3.5","3.0","BetMGM","-150","65.9","9.83","https://sports.il.betmgm.com/en/sports?options=6:43159-3570930-5647945&type=Single"
"Adam Trautman","DEN vs KC","8:15pm","Receiving Yards","Under","6.5","9.0","BetMGM","-120","59.9","9.82","https://sports.il.betmgm.com/en/sports?options=6:43160-3562772-5628756&type=Single"
"Harrison Butker","KC vs DEN","8:15pm","Kicking Total Points","Under","7.5","6.7","Fanatics","-125","61","9.80",""
"DJ Moore","BUF vs HOU","1:00pm","Receiving Receptions","Under","3.5","3.6","BetMGM","100","54.9","9.80","https://sports.il.betmgm.com/en/sports?options=6:43166-3562477-5628180&type=Single"
"DJ Moore","BUF vs HOU","1:00pm","Receiving Receptions","Under","3.5","3.6","Fanatics","100","54.9","9.80",""
"John Metchie III","CAR vs CHI","1:00pm","1st Td","Yes","0.5","","Caesars","6000","1.8","9.80","https://sportsbook.caesars.com/us/il/bet/betslip?selectionIds=7fc9011d-a1cb-3315-afe1-23df69fc5ba1"
"Jerry Jeudy","CLE vs JAX","1:00pm","Last Td","Yes","0.5","","DraftKings","1700","6.1","9.80","https://sportsbook.draftkings.com/?outcomes=0QA366588368%232271450404_13L88808Q1-1380224032Q20"
"Breece Hall","NYJ vs TEN","1:00pm","Rushing+receiving Yards","Under","89.5","85.8","DraftKings","-112","58","9.79","https://sportsbook.draftkings.com/?outcomes=0QA362383889%232273989565_13L88808Q1749539996Q20"
"Isaac TeSlaa","DET vs NO","1:00pm","Receiving Receptions","Over","1.5","1.9","DraftKings","114","51.3","9.78","https://sportsbook.draftkings.com/?outcomes=0QA361394713%232250962251_13L88808Q1-1669482518Q20"
"Travis Etienne Jr.","NO vs DET","1:00pm","Receiving Yards","Under","14.5","16.9","BetOnline","-110","57.5","9.77",""
"Andrei Iosivas","CIN vs TB","1:00pm","Receiving Yards","Under","15.5","18.2","BetMGM","-110","57.5","9.77","https://sports.il.betmgm.com/en/sports?options=6:43659-3572082-5650249&type=Single"
"Patrick Mahomes","KC vs DEN","8:15pm","Rushing Yards","Under","15.5","15.9","BetRivers","-121","60.1","9.77","https://il.betrivers.com/?page=sportsbook#event/1027663046?coupon=Single|4316071658|"
"Charlie Kolar","LAC vs ARI","4:25pm","Receiving Yards","Under","17.5","19.5","BetRivers","-121","60.1","9.77","https://il.betrivers.com/?page=sportsbook#event/1027663028?coupon=Single|4330167792|"
"Jalen Hurts","PHI vs WAS","4:25pm","Rushing Attempts","Over","6.5","8.1","DraftKings","-142","64.4","9.75","https://sportsbook.draftkings.com/?outcomes=0QA361489612%232251261012_13L88808Q1498359820Q20"
"DJ Moore","BUF vs HOU","1:00pm","Receiving Yards","Under","45.5","45.2","BetMGM","-115","58.7","9.74","https://sports.il.betmgm.com/en/sports?options=6:43166-3572048-5650188&type=Single"
"D'Andre Swift","CHI vs CAR","1:00pm","Receiving Yards","Under","14.5","16.6","DraftKings","-115","58.7","9.74","https://sportsbook.draftkings.com/?outcomes=0QA362016702%232269870769_13L88808Q1-131433868Q20"
"Noah Gray","KC vs DEN","8:15pm","Receiving Receptions","Over","1.5","1.7","DraftKings","136","46.5","9.74","https://sportsbook.draftkings.com/?outcomes=0QA334623110%232151971286_13L88808Q1-1669482518Q20"
"Drew Stevens","WAS vs PHI","4:25pm","Extra Points Made","Under","1.5","1.6","DraftKings","109","52.5","9.73","https://sportsbook.draftkings.com/?outcomes=0QA361490583%232251260245_13L88808Q11087749571Q20"
"Will Reichard","MIN vs GB","4:25pm","Kicking Total Points","Under","7.5","6.5","Fanatics","-140","64","9.71",""
"RJ Harvey","DEN vs KC","8:15pm","Rushing Yards","Over","18.5","27.7","DraftKings","-113","58.2","9.70","https://sportsbook.draftkings.com/?outcomes=0QA334623091%232265274428_13L88808Q1-194467443Q20"
"Jaylen Warren","PIT vs ATL","1:00pm","Rushing Yards","Over","42.5","53.9","BetOnline","-116","58.9","9.68",""
"Jordan Addison","MIN vs GB","4:25pm","Receiving Receptions","Under","3.5","3.1","FanDuel","-136","63.2","9.67","https://il.sportsbook.fanduel.com/addToBetslip?marketId=42.603819162&selectionId=41179871"
"Spencer Shrader","IND vs BAL","1:00pm","Kicking Total Points","Under","7.5","6.6","BetMGM","-135","63","9.67","https://sports.il.betmgm.com/en/sports?options=6:43164-3572301-5650769&type=Single"
"C.J. Stroud","HOU vs BUF","1:00pm","Passing Touchdowns","Under","1.5","1.2","BetMGM","-150","65.8","9.67","https://sports.il.betmgm.com/en/sports?options=6:43166-3562446-5628118&type=Single"
"Daniel Jones","IND vs BAL","1:00pm","Rushing Attempts","Over","3.5","4.1","DraftKings","-101","55.1","9.65","https://sportsbook.draftkings.com/?outcomes=0QA361504403%232271615567_13L88808Q11908348221Q20"
"Josh Downs","IND vs BAL","1:00pm","Anytime Td","Yes","0.5","","Fanatics","325","25.8","9.65",""
"Mark Andrews","BAL vs IND","1:00pm","Receiving Receptions","Over","3.5","3.8","DraftKings","115","51","9.65","https://sportsbook.draftkings.com/?outcomes=0QA361504622%232251314390_13L88808Q1730991375Q20"
"Omarion Hampton","LAC vs ARI","4:25pm","1st Td","Yes","0.5","","BetRivers","410","21.5","9.65","https://il.betrivers.com/?page=sportsbook#event/1027663028?coupon=Single|4319155836|"
"Jaylen Waddle","DEN vs KC","8:15pm","Receiving Longest Reception","Under","22.5","21.5","BetMGM","-120","59.8","9.63","https://sports.il.betmgm.com/en/sports?options=6:43160-3573135-5652960&type=Single"
"Adam Trautman","DEN vs KC","8:15pm","Receiving Receptions","Under","1.5","0.9","DraftKings","-228","76.2","9.62","https://sportsbook.draftkings.com/?outcomes=0QA334622450%232266388001_13L88808Q1-847255388Q20"
"RJ Harvey","DEN vs KC","8:15pm","Receiving Receptions","Under","2.5","2.3","DraftKings","-125","60.9","9.62","https://sportsbook.draftkings.com/?outcomes=0QA334623117%232237965372_13L88808Q11045072483Q20"
"Gunnar Helm","TEN vs NYJ","1:00pm","Receiving Yards","Under","20.5","21.7","BetRivers","-117","59.1","9.61","https://il.betrivers.com/?page=sportsbook#event/1027663023?coupon=Single|4329969164|"
"Josh Allen","BUF vs HOU","1:00pm","Passing Interceptions","Under","0.5","0.6","BetRivers","-108","56.9","9.59","https://il.betrivers.com/?page=sportsbook#event/1027663020?coupon=Single|4318709350|"
"Trevor Lawrence","JAC vs CLE","1:00pm","Rushing Yards","Over","18.5","30.8","BetRivers","-115","58.6","9.56","https://il.betrivers.com/?page=sportsbook#event/1027663027?coupon=Single|4327815236|"
"Josh Allen","BUF vs HOU","1:00pm","Passing+rushing Yards","Over","253.5","273.7","BetMGM","-115","58.6","9.56","https://sports.il.betmgm.com/en/sports?options=6:43166-3562461-5628147&type=Single"
"DeVonta Smith","PHI vs WAS","4:25pm","Receiving Longest Reception","Under","22.5","23.0","BetMGM","-105","56.1","9.53","https://sports.il.betmgm.com/en/sports?options=6:43158-3573062-5652814&type=Single"
"Geno Smith","NYJ vs TEN","1:00pm","Passing Attempts","Over","29.5","31.7","BetOnline","-132","62.3","9.50",""
"Ja'Kobi Lane","BAL vs IND","1:00pm","Receiving Yards","Under","20.5","23.4","DraftKings","-111","57.6","9.49","https://sportsbook.draftkings.com/?outcomes=0QA361507684%232266845486_13L88808Q1-1389246071Q20"
"Geno Smith","NYJ vs TEN","1:00pm","Passing Touchdowns","Under","0.5","0.9","BetRivers","180","39.1","9.48","https://il.betrivers.com/?page=sportsbook#event/1027663023?coupon=Single|4320213320|"
"Sam LaPorta","DET vs NO","1:00pm","Receiving Receptions","Under","4.5","3.8","BetOnline","-156","66.7","9.46",""
"Parker Washington","JAC vs CLE","1:00pm","Receiving Longest Reception","Under","23.5","22.4","BetMGM","-120","59.7","9.45","https://sports.il.betmgm.com/en/sports?options=6:43660-3572343-5650843&type=Single"
"Jaylen Waddle","DEN vs KC","8:15pm","Receiving Yards","Under","53.5","52.0","BetOnline","-114","58.3","9.44",""
"Jaylen Waddle","DEN vs KC","8:15pm","Receiving Yards","Under","53.5","52.0","FanDuel","-114","58.3","9.44","https://il.sportsbook.fanduel.com/addToBetslip?marketId=42.603597714&selectionId=40877798"
"J.K. Dobbins","DEN vs KC","8:15pm","Receiving Yards","Under","3.5","5.3","FanDuel","-114","58.3","9.44","https://il.sportsbook.fanduel.com/addToBetslip?marketId=42.606123165&selectionId=48302899"
"Jordan Mason","MIN vs GB","4:25pm","Rushing Yards","Under","44.5","43.6","BetRivers","-114","58.3","9.44","https://il.betrivers.com/?page=sportsbook#event/1027663024?coupon=Single|4317771997|"
"Jeremiyah Love","ARI vs LAC","4:25pm","Rushing Yards","Over","39.5","49.2","FanDuel","-114","58.3","9.44","https://il.sportsbook.fanduel.com/addToBetslip?marketId=42.604298069&selectionId=102331515"
"Xavier Legette","CAR vs CHI","1:00pm","Receiving Receptions","Under","2.5","2.0","DraftKings","-168","68.6","9.43","https://sportsbook.draftkings.com/?outcomes=0QA362016559%232253679680_13L88808Q11045072483Q20"
"Joey Slye","TEN vs NYJ","1:00pm","Extra Points Made","Under","1.5","1.5","Fanatics","110","52.1","9.41",""
"Aaron Rodgers","PIT vs ATL","1:00pm","Passing Longest Completion","Over","32.5","37.9","BetRivers","-121","59.9","9.40","https://il.betrivers.com/?page=sportsbook#event/1027663029?coupon=Single|4331924450|"
"Aaron Rodgers","PIT vs ATL","1:00pm","Passing Longest Completion","Over","32.5","37.9","DraftKings","-121","59.9","9.40","https://sportsbook.draftkings.com/?outcomes=0QA362098447%232280430742_13L88808Q1831242525Q20"
"Jonathan Taylor","IND vs BAL","1:00pm","Rushing Attempts","Over","18.5","19.7","BetMGM","-110","57.3","9.39","https://sports.il.betmgm.com/en/sports?options=6:43164-3562573-5628367&type=Single"
"Deshaun Watson","CLE vs JAX","1:00pm","Passing Longest Completion","Over","30.5","35.0","BetMGM","-110","57.3","9.39","https://sports.il.betmgm.com/en/sports?options=6:43660-3572350-5650853&type=Single"
"MarShawn Lloyd","GB vs MIN","4:25pm","Receiving Yards","Under","10.5","12.9","BetMGM","-110","57.3","9.39","https://sports.il.betmgm.com/en/sports?options=6:43173-3563051-5629232&type=Single"
"Kyler Murray","MIN vs GB","4:25pm","Passing+rushing Yards","Over","246.5","267.6","BetMGM","-115","58.5","9.37","https://sports.il.betmgm.com/en/sports?options=6:43173-3572943-5652482&type=Single"
"Jared Goff","DET vs NO","1:00pm","Passing Yards","Under","266.5","247.4","BetMGM","-115","58.5","9.37","https://sports.il.betmgm.com/en/sports?options=6:43161-3572099-5650280&type=Single"
"Jameson Williams","DET vs NO","1:00pm","Receiving Yards","Under","59.5","59.1","BetMGM","-115","58.5","9.37","https://sports.il.betmgm.com/en/sports?options=6:43161-3572121-5650324&type=Single"
"Charlie Kolar","LAC vs ARI","4:25pm","Receiving Longest Reception","Under","11.5","12.1","BetRivers","-115","58.5","9.37","https://il.betrivers.com/?page=sportsbook#event/1027663028?coupon=Single|4333408082|"
"Dalton Kincaid","BUF vs HOU","1:00pm","Receiving Yards","Under","36.5","37.1","BetMGM","-115","58.5","9.37","https://sports.il.betmgm.com/en/sports?options=6:43166-3570657-5647212&type=Single"
"Jayden Daniels","WAS vs PHI","4:25pm","Passing+rushing Yards","Over","240.5","261.0","BetRivers","-115","58.5","9.37","https://il.betrivers.com/?page=sportsbook#event/1027663021?coupon=Single|4330952766|"
"Ladd McConkey","LAC vs ARI","4:25pm","Receiving Yards","Under","55.5","54.6","BetRivers","-115","58.5","9.37","https://il.betrivers.com/?page=sportsbook#event/1027663028?coupon=Single|4332000991|"
"Cam Ward","TEN vs NYJ","1:00pm","Passing Interceptions","Under","0.5","0.5","BetRivers","-129","61.6","9.35","https://il.betrivers.com/?page=sportsbook#event/1027663023?coupon=Single|4327880108|"
"Jordan Love","GB vs MIN","4:25pm","Passing Touchdowns","Under","1.5","1.3","FanDuel","-130","61.8","9.34","https://il.sportsbook.fanduel.com/addToBetslip?marketId=42.603817181&selectionId=40916527"
"D'Andre Swift","CHI vs CAR","1:00pm","Rushing Longest Rush","Under","15.5","16.2","DraftKings","-123","60.3","9.32","https://sportsbook.draftkings.com/?outcomes=0QA362017210%232253288223_13L88808Q1-2085361589Q20"
"Matthew Golden","GB vs MIN","4:25pm","Receiving Longest Reception","Under","19.5","18.0","DraftKings","-123","60.3","9.32","https://sportsbook.draftkings.com/?outcomes=0QA362079033%232265912144_13L88808Q1268110360Q20"
"Mike Washington Jr.","LV vs MIA","4:25pm","Rushing Attempts","Under","7.5","7.3","DraftKings","-116","58.7","9.30","https://sportsbook.draftkings.com/?outcomes=0QA362371366%232257342897_13L88808Q11112291099Q20"
"Jake Ferguson","DAL vs NYG","8:20pm","Receiving Receptions","Under","3.5","3.4","DraftKings","-111","57.5","9.30","https://sportsbook.draftkings.com/?outcomes=0QA334626030%232151988006_13L88808Q1-616481466Q20"
"George Pickens","DAL vs NYG","8:20pm","Receiving Longest Reception","Under","24.5","23.2","BetMGM","-120","59.6","9.27","https://sports.il.betmgm.com/en/sports?options=6:43157-3572573-5651542&type=Single"
"Caleb Williams","CHI vs CAR","1:00pm","Passing Interceptions","Under","0.5","0.4","BetOnline","-152","65.9","9.26",""
"Caleb Williams","CHI vs CAR","1:00pm","Passing Interceptions","Under","0.5","0.4","DraftKings","-152","65.9","9.26","https://sportsbook.draftkings.com/?outcomes=0QA362016884%232253287659_13L88808Q1-519559035Q20"
"Michael Mayer","LV vs MIA","4:25pm","Receiving Yards","Under","39.5","39.9","FanDuel","-114","58.2","9.25","https://il.sportsbook.fanduel.com/addToBetslip?marketId=42.606087317&selectionId=41072735"
"RJ Harvey","DEN vs KC","8:15pm","Rushing Yards","Over","18.5","27.7","FanDuel","-114","58.2","9.25","https://il.sportsbook.fanduel.com/addToBetslip?marketId=42.606050171&selectionId=50744298"
"Daniel Bellinger","TEN vs NYJ","1:00pm","Anytime Td","Yes","0.5","","Fanatics","1050","9.5","9.25",""
"Kyle Monangai","CHI vs CAR","1:00pm","1st Td","Yes","0.5","","FanDuel","1200","8.4","9.20","https://il.sportsbook.fanduel.com/addToBetslip?marketId=42.604192326&selectionId=49106540"
"Justin Jefferson","MIN vs GB","4:25pm","Receiving Yards","Under","75.5","74.8","DraftKings","-110","57.2","9.20","https://sportsbook.draftkings.com/?outcomes=0QA362078991%232266311733_13L88808Q1-697202641Q20"
"Javonte Williams","DAL vs NYG","8:20pm","1st Td","Yes","0.5","","Caesars","500","18.2","9.20","https://sportsbook.caesars.com/us/il/bet/betslip?selectionIds=af4e2ca2-0212-34d0-a472-736897dd8cf4"
"Breece Hall","NYJ vs TEN","1:00pm","Total Yards","Under","85.5","85.8","Fanatics","100","54.6","9.20",""
"Alec Pierce","IND vs BAL","1:00pm","Anytime Td","Yes","0.5","","Fanatics","300","27.3","9.20",""
"Jaylen Warren","PIT vs ATL","1:00pm","1st Td","Yes","0.5","","DraftKings","550","16.8","9.20","https://sportsbook.draftkings.com/?outcomes=0QA357425722%232253598256_13L88808Q1-1668509184Q20"
"Jaylen Warren","PIT vs ATL","1:00pm","1st Td","Yes","0.5","","Fanatics","550","16.8","9.20",""
"Daniel Jones","IND vs BAL","1:00pm","Passing Touchdowns","Under","1.5","1.1","BetRivers","-180","70.2","9.20","https://il.betrivers.com/?page=sportsbook#event/1027663026?coupon=Single|4318716646|"
"Courtland Sutton","DEN vs KC","8:15pm","Receiving Yards","Under","43.5","42.9","BetRivers","-115","58.4","9.18","https://il.betrivers.com/?page=sportsbook#event/1027663046?coupon=Single|4318617003|"
"Chris Olave","NO vs DET","1:00pm","Receiving Longest Reception","Under","24.5","23.8","BetMGM","-115","58.4","9.18","https://sports.il.betmgm.com/en/sports?options=6:43161-3572111-5650304&type=Single"
"Josh Allen","BUF vs HOU","1:00pm","Rushing Longest Rush","Over","13.5","25.6","BetRivers","-122","60","9.18","https://il.betrivers.com/?page=sportsbook#event/1027663020?coupon=Single|4332984662|"
"Jalen Hurts","PHI vs WAS","4:25pm","Passing Touchdowns","Under","1.5","1.2","DraftKings","-145","64.6","9.15","https://sportsbook.draftkings.com/?outcomes=0QA361489627%232251256513_13L88808Q1-1720642580Q20"
"Josh Allen","BUF vs HOU","1:00pm","Passing Interceptions","Under","0.5","0.6","BetOnline","-109","56.9","9.10",""
"Justin Jefferson","MIN vs GB","4:25pm","Receiving Receptions","Under","5.5","5.7","BetOnline","109","52.2","9.10",""
"C.J. Stroud","HOU vs BUF","1:00pm","Passing Touchdowns","Under","1.5","1.2","FanDuel","-152","65.8","9.09","https://il.sportsbook.fanduel.com/addToBetslip?marketId=42.603602861&selectionId=41158958"
"Harrison Butker","KC vs DEN","8:15pm","Field Goals Made","Under","1.5","1.6","DraftKings","111","51.7","9.09","https://sportsbook.draftkings.com/?outcomes=0QA367604507%232275478233_13L88808Q11866316828Q20"
"Chad Ryland","ARI vs LAC","4:25pm","Kicking Total Points","Over","5.5","6.5","Fanatics","-120","59.5","9.08",""
"Mike Gesicki","CIN vs TB","1:00pm","Receiving Longest Reception","Under","11.5","11.4","DraftKings","-114","58.1","9.06","https://sportsbook.draftkings.com/?outcomes=0QA361398196%232254843516_13L88808Q1469104068Q20"
"Bryce Young","CAR vs CHI","1:00pm","Passing Yards","Over","206.5","226.6","BetRivers","-114","58.1","9.06","https://il.betrivers.com/?page=sportsbook#event/1027663018?coupon=Single|4331990683|"
"Tetairoa McMillan","CAR vs CHI","1:00pm","Receiving Receptions","Under","4.5","4.3","BetOnline","-114","58.1","9.06",""
"Tetairoa McMillan","CAR vs CHI","1:00pm","Receiving Receptions","Under","4.5","4.3","FanDuel","-114","58.1","9.06","https://il.sportsbook.fanduel.com/addToBetslip?marketId=42.604192373&selectionId=50551858"
"Josh Downs","IND vs BAL","1:00pm","Receiving Yards","Under","46.5","45.7","BetRivers","-117","58.8","9.06","https://il.betrivers.com/?page=sportsbook#event/1027663026?coupon=Single|4332334302|"
"Kyler Murray","MIN vs GB","4:25pm","Passing Touchdowns","Under","1.5","1.2","DraftKings","-146","64.7","9.02","https://sportsbook.draftkings.com/?outcomes=0QA362078895%232253517740_13L88808Q1-1720642580Q20"
"Jordan Love","GB vs MIN","4:25pm","Passing Completions","Under","20.5","19.8","Fanatics","-110","57.1","9.01",""
"Tyler Shough","NO vs DET","1:00pm","Passing Interceptions","Under","0.5","0.7","BetRivers","100","54.5","9.00","https://il.betrivers.com/?page=sportsbook#event/1027663022?coupon=Single|4327915410|"
"Wan'Dale Robinson","TEN vs NYJ","1:00pm","Receiving Yards","Under","42.5","42.6","BetMGM","-115","58.3","9.00","https://sports.il.betmgm.com/en/sports?options=6:43155-3572460-5651211&type=Single"
"Bryce Young","CAR vs CHI","1:00pm","Passing Completions","Over","19.5","21.2","DraftKings","-134","62.4","8.97","https://sportsbook.draftkings.com/?outcomes=0QA362017182%232253287610_13L88808Q11989889011Q20"
"Javonte Williams","DAL vs NYG","8:20pm","Rushing+receiving Yards","Under","89.5","86.2","DraftKings","-113","57.8","8.95","https://sportsbook.draftkings.com/?outcomes=0QA334625569%232152012309_13L88808Q1749539996Q20"
"D'Andre Swift","CHI vs CAR","1:00pm","Rushing Longest Rush","Under","15.5","16.2","BetRivers","-124","60.3","8.93","https://il.betrivers.com/?page=sportsbook#event/1027663018?coupon=Single|4333995310|"
"Mark Andrews","BAL vs IND","1:00pm","Receiving Longest Reception","Under","17.5","17.4","BetRivers","-124","60.3","8.93","https://il.betrivers.com/?page=sportsbook#event/1027663026?coupon=Single|4333350953|"
"Khalil Shakir","BUF vs HOU","1:00pm","Receiving Longest Reception","Over","15.5","20.7","BetRivers","-124","60.3","8.93","https://il.betrivers.com/?page=sportsbook#event/1027663020?coupon=Single|4333365732|"
"Chuba Hubbard","CAR vs CHI","1:00pm","Receiving Yards","Under","11.5","13.9","BetMGM","-111","57.3","8.92","https://sports.il.betmgm.com/en/sports?options=6:43156-3572182-5650463&type=Single"
"MarShawn Lloyd","GB vs MIN","4:25pm","Receiving Yards","Under","10.5","12.9","DraftKings","-111","57.3","8.92","https://sportsbook.draftkings.com/?outcomes=0QA362079229%232267302872_13L88808Q1-1000884680Q20"
"Evan Engram","DEN vs KC","8:15pm","Receiving Yards","Under","22.5","24.8","DraftKings","-109","56.8","8.91","https://sportsbook.draftkings.com/?outcomes=0QA334623021%232243615611_13L88808Q11275022239Q20"
"Olamide Zaccheaus","ATL vs PIT","1:00pm","Anytime Td","Yes","0.5","","BetMGM","1000","9.9","8.90","https://sports.il.betmgm.com/en/sports?options=6:43165-3559698-5619935&type=Single"
"Olamide Zaccheaus","ATL vs PIT","1:00pm","Anytime Td","Yes","0.5","","Fanatics","1000","9.9","8.90",""
"DJ Moore","BUF vs HOU","1:00pm","Receiving Longest Reception","Under","22.5","21.1","BetMGM","-120","59.4","8.90","https://sports.il.betmgm.com/en/sports?options=6:43166-3572150-5650382&type=Single"
"Zay Flowers","BAL vs IND","1:00pm","Receiving Receptions","Under","4.5","4.9","Fanatics","120","49.5","8.90",""
"Kyle Monangai","CHI vs CAR","1:00pm","Receiving Yards","Under","5.5","9.1","BetMGM","-120","59.4","8.90","https://sports.il.betmgm.com/en/sports?options=6:43156-3572220-5650539&type=Single"
"Travis Etienne Jr.","NO vs DET","1:00pm","Last Td","Yes","0.5","","FanDuel","800","12.1","8.90","https://il.sportsbook.fanduel.com/addToBetslip?marketId=42.604065632&selectionId=16602534"
"Cole Kmet","CHI vs CAR","1:00pm","Receiving Yards","Under","15.5","18.6","BetRivers","-114","58","8.88","https://il.betrivers.com/?page=sportsbook#event/1027663018?coupon=Single|4329431393|"
"Jaxson Dart","NYG vs DAL","8:20pm","Rushing Yards","Over","31.5","46.4","FanDuel","-114","58","8.88","https://il.sportsbook.fanduel.com/addToBetslip?marketId=42.602814394&selectionId=41788833"
"Kyle Monangai","CHI vs CAR","1:00pm","Anytime Td","Yes","0.5","","Fanatics","225","33.5","8.88",""
"DeVonta Smith","PHI vs WAS","4:25pm","Receiving Receptions","Under","5.5","4.9","BetMGM","-140","63.5","8.86","https://sports.il.betmgm.com/en/sports?options=6:43158-3563074-5629269&type=Single"
"DeVonta Smith","PHI vs WAS","4:25pm","Receiving Receptions","Under","5.5","4.9","Fanatics","-140","63.5","8.86",""
"Ja'Kobi Lane","BAL vs IND","1:00pm","Receiving Longest Reception","Under","14.5","14.2","DraftKings","-112","57.5","8.84","https://sportsbook.draftkings.com/?outcomes=0QA361507670%232256198552_13L88808Q1-571305120Q20"
"Tyjae Spears","TEN vs NYJ","1:00pm","Receiving Longest Reception","Under","9.5","10.2","DraftKings","-128","61.1","8.83","https://sportsbook.draftkings.com/?outcomes=0QA362383581%232254732193_13L88808Q1-2034828575Q20"
"Tyler Shough","NO vs DET","1:00pm","Passing Touchdowns","Under","1.5","1.2","BetOnline","-164","67.6","8.82",""
"Dallas Goedert","PHI vs WAS","4:25pm","Receiving Receptions","Over","3.5","4.2","DraftKings","-110","57","8.82","https://sportsbook.draftkings.com/?outcomes=0QA361490184%232251257319_13L88808Q1730991375Q20"
"Courtland Sutton","DEN vs KC","8:15pm","Receiving Yards","Under","42.5","42.9","DraftKings","-110","57","8.82","https://sportsbook.draftkings.com/?outcomes=0QA334622668%232244891701_13L88808Q1878167677Q20"
"Mason Taylor","NYJ vs TEN","1:00pm","Receiving Longest Reception","Under","12.5","13.1","DraftKings","-118","58.9","8.82","https://sportsbook.draftkings.com/?outcomes=0QA362383585%232280444900_13L88808Q1-1262714477Q20"
"Noah Gray","KC vs DEN","8:15pm","Receiving Receptions","Over","1.5","1.7","BetOnline","134","46.5","8.81",""
"Dak Prescott","DAL vs NYG","8:20pm","Passing Interceptions","Under","0.5","0.6","BetOnline","-115","58.2","8.81",""
"Keenan Allen","IND vs BAL","1:00pm","Receiving Longest Reception","Over","13.5","17.9","BetRivers","-115","58.2","8.81","https://il.betrivers.com/?page=sportsbook#event/1027663026?coupon=Single|4333338970|"
"Keenan Allen","IND vs BAL","1:00pm","Receiving Longest Reception","Over","13.5","17.9","DraftKings","-115","58.2","8.81","https://sportsbook.draftkings.com/?outcomes=0QA361504482%232251334770_13L88808Q1320329817Q20"
"Patrick Mahomes","KC vs DEN","8:15pm","Passing Yards","Over","230.5","251.2","BetMGM","-115","58.2","8.81","https://sports.il.betmgm.com/en/sports?options=6:43160-3569834-5645737&type=Single"
"Cade Stover","HOU vs BUF","1:00pm","Anytime Td","Yes","0.5","","BetRivers","1600","6.4","8.80","https://il.betrivers.com/?page=sportsbook#event/1027663020?coupon=Single|4318797228|"
"Cade Stover","HOU vs BUF","1:00pm","Anytime Td","Yes","0.5","","Caesars","1600","6.4","8.80","https://sportsbook.caesars.com/us/il/bet/betslip?selectionIds=d6b0f0b1-253a-3120-95ae-fe0cdd1a5c43"
"Cade Stover","HOU vs BUF","1:00pm","Anytime Td","Yes","0.5","","FanDuel","1600","6.4","8.80","https://il.sportsbook.fanduel.com/addToBetslip?marketId=42.603602842&selectionId=42217796"
"Jalen Nailor","LV vs MIA","4:25pm","1st Td","Yes","0.5","","Caesars","1500","6.8","8.80","https://sportsbook.caesars.com/us/il/bet/betslip?selectionIds=8cb7a0c3-2de0-3383-aaeb-36ae3a5f587e"
"Jalen Nailor","LV vs MIA","4:25pm","1st Td","Yes","0.5","","DraftKings","1500","6.8","8.80","https://sportsbook.draftkings.com/?outcomes=0QA357445951%232254649383_13L88808Q11530500839Q20"
"Jalen Nailor","LV vs MIA","4:25pm","1st Td","Yes","0.5","","FanDuel","1500","6.8","8.80","https://il.sportsbook.fanduel.com/addToBetslip?marketId=42.604333303&selectionId=42208387"
"Jordan Mason","MIN vs GB","4:25pm","1st Td","Yes","0.5","","BetRivers","750","12.8","8.80","https://il.betrivers.com/?page=sportsbook#event/1027663024?coupon=Single|4319009414|"
"Jordan Mason","MIN vs GB","4:25pm","1st Td","Yes","0.5","","DraftKings","750","12.8","8.80","https://sportsbook.draftkings.com/?outcomes=0QA357446875%232253517804_13L88808Q1-2034319348Q20"
"Jordan Mason","MIN vs GB","4:25pm","1st Td","Yes","0.5","","FanDuel","750","12.8","8.80","https://il.sportsbook.fanduel.com/addToBetslip?marketId=42.603817168&selectionId=48532076"
"Josh Downs","IND vs BAL","1:00pm","1st Td","Yes","0.5","","BetRivers","1500","6.8","8.80","https://il.betrivers.com/?page=sportsbook#event/1027663026?coupon=Single|4320159917|"
"Denzel Boston","CLE vs JAX","1:00pm","Receiving Receptions","Over","2.5","3.0","FanDuel","112","51.3","8.76","https://il.sportsbook.fanduel.com/addToBetslip?marketId=42.604267147&selectionId=102320454"
"Kendrick Bourne","ARI vs LAC","4:25pm","Anytime Td","Yes","0.5","","BetOnline","650","14.5","8.75",""
"Kendrick Bourne","ARI vs LAC","4:25pm","Anytime Td","Yes","0.5","","Caesars","650","14.5","8.75","https://sportsbook.caesars.com/us/il/bet/betslip?selectionIds=136d2084-6c42-3fb9-85e6-10e814026993"
"Kendrick Bourne","ARI vs LAC","4:25pm","Anytime Td","Yes","0.5","","DraftKings","650","14.5","8.75","https://sportsbook.draftkings.com/?outcomes=0QA362389083%232254753278_13L88808Q1773883165Q20"
"Kendrick Bourne","ARI vs LAC","4:25pm","Anytime Td","Yes","0.5","","FanDuel","650","14.5","8.75","https://il.sportsbook.fanduel.com/addToBetslip?marketId=42.604294280&selectionId=20534948"
"De'Von Achane","MIA vs LV","4:25pm","Total Yards","Under","100.5","93.8","Fanatics","-125","60.4","8.72",""
"Tyjae Spears","TEN vs NYJ","1:00pm","Rushing+receiving Yards","Under","46.5","47.4","BetRivers","-120","59.3","8.72","https://il.betrivers.com/?page=sportsbook#event/1027663023?coupon=Single|4333926101|"
"Kyler Murray","MIN vs GB","4:25pm","Passing Touchdowns","Under","1.5","1.2","BetOnline","-147","64.7","8.71",""
"Jake Ferguson","DAL vs NYG","8:20pm","Receiving Yards","Under","29.5","31.3","FanDuel","-114","57.9","8.69","https://il.sportsbook.fanduel.com/addToBetslip?marketId=42.605826547&selectionId=41072318"
"Bijan Robinson","ATL vs PIT","1:00pm","Receiving Yards","Under","34.5","35.1","BetRivers","-114","57.9","8.69","https://il.betrivers.com/?page=sportsbook#event/1027663029?coupon=Single|4331926695|"
"Dalton Kincaid","BUF vs HOU","1:00pm","Receiving Receptions","Under","3.5","3.1","DraftKings","-140","63.4","8.69","https://sportsbook.draftkings.com/?outcomes=0QA361833729%232258573394_13L88808Q1-616481466Q20"
"Tyjae Spears","TEN vs NYJ","1:00pm","Rushing Attempts","Under","7.5","6.8","BetMGM","-140","63.4","8.69","https://sports.il.betmgm.com/en/sports?options=6:43155-3572688-5651808&type=Single"
"Will Reichard","MIN vs GB","4:25pm","Field Goals Made","Under","1.5","1.5","DraftKings","102","53.8","8.68","https://sportsbook.draftkings.com/?outcomes=0QA367603594%232275475131_13L88808Q11866316828Q20"
"Josh Allen","BUF vs HOU","1:00pm","Passing Touchdowns","Under","1.5","1.1","Fanatics","-170","68.4","8.64",""
"Justice Hill","BAL vs IND","1:00pm","Rushing+receiving Yards","Over","23.5","38.0","BetRivers","-118","58.8","8.63","https://il.betrivers.com/?page=sportsbook#event/1027663026?coupon=Single|4329382473|"
"Jaylen Warren","PIT vs ATL","1:00pm","Rushing Attempts","Over","10.5","12.5","BetMGM","-135","62.4","8.62","https://sports.il.betmgm.com/en/sports?options=6:43165-3563702-5631380&type=Single"
"Jaylen Warren","PIT vs ATL","1:00pm","Rushing Attempts","Over","10.5","12.5","DraftKings","-135","62.4","8.62","https://sportsbook.draftkings.com/?outcomes=0QA362098700%232253598068_13L88808Q17674844Q20"
"Gunnar Helm","TEN vs NYJ","1:00pm","Receiving Yards","Under","22.5","21.7","BetMGM","-135","62.4","8.62","https://sports.il.betmgm.com/en/sports?options=6:43155-3562624-5628470&type=Single"
"Trevor Lawrence","JAC vs CLE","1:00pm","Passing Yards","Under","238.5","222.8","BetMGM","-115","58.1","8.62","https://sports.il.betmgm.com/en/sports?options=6:43660-3572328-5650814&type=Single"
"Jalen Hurts","PHI vs WAS","4:25pm","Passing+rushing Yards","Over","241.5","260.9","BetMGM","-115","58.1","8.62","https://sports.il.betmgm.com/en/sports?options=6:43158-3573038-5652735&type=Single"
"Josh Allen","BUF vs HOU","1:00pm","Passing+rushing Yards","Over","254.5","273.7","BetRivers","-115","58.1","8.62","https://il.betrivers.com/?page=sportsbook#event/1027663020?coupon=Single|4318787129|"
"Mike Gesicki","CIN vs TB","1:00pm","Receiving Longest Reception","Under","11.5","11.4","BetRivers","-115","58.1","8.62","https://il.betrivers.com/?page=sportsbook#event/1027663019?coupon=Single|4333347633|"
"Brenton Strange","JAC vs CLE","1:00pm","Receiving Yards","Under","34.5","35.4","DraftKings","-115","58.1","8.62","https://sportsbook.draftkings.com/?outcomes=0QA362019298%232255896035_13L88808Q11723139048Q20"
"Jeremiyah Love","ARI vs LAC","4:25pm","Rushing Longest Rush","Over","11.5","15.7","BetRivers","-115","58.1","8.62","https://il.betrivers.com/?page=sportsbook#event/1027663028?coupon=Single|4332932225|"
"Nick Folk","ATL vs PIT","1:00pm","Kicking Total Points","Over","5.5","6.7","DraftKings","-133","62","8.62","https://sportsbook.draftkings.com/?outcomes=0QA362098356%232281402211_13L88808Q11607688212Q20"
"Riley Patterson","MIA vs LV","4:25pm","Extra Points Made","Under","1.5","1.5","DraftKings","100","54.3","8.60","https://sportsbook.draftkings.com/?outcomes=0QA362371756%232254649553_13L88808Q11087749571Q20"
"Jalen Hurts","PHI vs WAS","4:25pm","Passing Completions","Over","18.5","19.8","BetOnline","-123","59.9","8.60",""
"KC Concepcion","CLE vs JAX","1:00pm","Receiving Longest Reception","Over","16.5","19.3","BetRivers","-103","55.1","8.60","https://il.betrivers.com/?page=sportsbook#event/1027663027?coupon=Single|4333371994|"
"KC Concepcion","CLE vs JAX","1:00pm","Receiving Longest Reception","Over","16.5","19.3","DraftKings","-103","55.1","8.60","https://sportsbook.draftkings.com/?outcomes=0QA363255545%232267452270_13L88808Q1-645098318Q20"
"Woody Marks","HOU vs BUF","1:00pm","Rushing Yards","Over","26.5","36.1","DraftKings","-113","57.6","8.57","https://sportsbook.draftkings.com/?outcomes=0QA361833246%232264986701_13L88808Q1-896342053Q20"
"Chris Brooks","GB vs MIN","4:25pm","Anytime Td","Yes","0.5","","Fanatics","360","23.6","8.56",""
"Michael Mayer","LV vs MIA","4:25pm","Receiving Receptions","Under","4.5","4.2","BetMGM","-125","60.3","8.54","https://sports.il.betmgm.com/en/sports?options=6:43159-3570935-5647954&type=Single"
"Gunnar Helm","TEN vs NYJ","1:00pm","Receiving Receptions","Under","2.5","2.4","BetMGM","-120","59.2","8.53","https://sports.il.betmgm.com/en/sports?options=6:43155-3562623-5628468&type=Single"
"Daniel Jones","IND vs BAL","1:00pm","Passing Attempts","Over","32.5","33.6","DraftKings","-109","56.6","8.53","https://sportsbook.draftkings.com/?outcomes=0QA361504537%232251314818_13L88808Q1858555913Q20"
"Treylon Burks","WAS vs PHI","4:25pm","Last Td","Yes","0.5","","DraftKings","3000","3.5","8.50","https://sportsbook.draftkings.com/?outcomes=0QA366569792%232271383874_13L88808Q1-617631553Q20"
"Cam Skattebo","NYG vs DAL","8:20pm","1st Td","Yes","0.5","","BetRivers","600","15.5","8.50","https://il.betrivers.com/?page=sportsbook#event/1027638967?coupon=Single|4312294043|"
"Cam Skattebo","NYG vs DAL","8:20pm","1st Td","Yes","0.5","","Fanatics","600","15.5","8.50",""
"Bryce Young","CAR vs CHI","1:00pm","Passing Touchdowns","Under","1.5","1.3","Fanatics","-145","64.2","8.48",""
"MarShawn Lloyd","GB vs MIN","4:25pm","Receiving Yards","Under","10.5","12.9","BetOnline","-112","57.3","8.46",""
"Wan'Dale Robinson","TEN vs NYJ","1:00pm","Receiving Receptions","Under","4.5","4.3","DraftKings","-122","59.6","8.45","https://sportsbook.draftkings.com/?outcomes=0QA362384465%232254868973_13L88808Q1-2138696Q20"
"Malik Willis","MIA vs LV","4:25pm","Passing Yards","Over","176.5","204.7","BetMGM","-135","62.3","8.45","https://sports.il.betmgm.com/en/sports?options=6:43159-3572872-5652325&type=Single"
"Jonathan Taylor","IND vs BAL","1:00pm","Receiving Yards","Under","16.5","18.8","BetMGM","-110","56.8","8.44","https://sports.il.betmgm.com/en/sports?options=6:43164-3572654-5651729&type=Single"
"Tony Pollard","TEN vs NYJ","1:00pm","Rushing Longest Rush","Over","13.5","18.0","BetRivers","-115","58","8.43","https://il.betrivers.com/?page=sportsbook#event/1027663023?coupon=Single|4332942982|"
"Rachaad White","WAS vs PHI","4:25pm","Rushing+receiving Yards","Under","41.5","42.7","BetRivers","-115","58","8.43","https://il.betrivers.com/?page=sportsbook#event/1027663021?coupon=Single|4330155262|"
"Dontayvion Wicks","PHI vs WAS","4:25pm","Receiving Longest Reception","Under","15.5","15.2","BetRivers","-115","58","8.43","https://il.betrivers.com/?page=sportsbook#event/1027663021?coupon=Single|4333380837|"
"Parker Washington","JAC vs CLE","1:00pm","Receiving Yards","Under","54.5","54.1","BetMGM","-115","58","8.43","https://sports.il.betmgm.com/en/sports?options=6:43660-3572342-5650841&type=Single"
"Parker Washington","JAC vs CLE","1:00pm","Receiving Yards","Under","54.5","54.1","BetRivers","-115","58","8.43","https://il.betrivers.com/?page=sportsbook#event/1027663027?coupon=Single|4318938483|"
"Chase Brown","CIN vs TB","1:00pm","Rushing+receiving Yards","Under","86.5","83.0","BetRivers","-115","58","8.43","https://il.betrivers.com/?page=sportsbook#event/1027663019?coupon=Single|4318262558|"
"Omarion Hampton","LAC vs ARI","4:25pm","Rushing Longest Rush","Under","16.5","17.8","BetRivers","-115","58","8.43","https://il.betrivers.com/?page=sportsbook#event/1027663028?coupon=Single|4332947878|"
"Jaxson Dart","NYG vs DAL","8:20pm","Passing+rushing Yards","Over","242.5","262.2","BetMGM","-115","58","8.43","https://sports.il.betmgm.com/en/sports?options=6:43157-3573091-5652877&type=Single"
"Jaxson Dart","NYG vs DAL","8:20pm","Rushing Yards","Over","31.5","46.4","DraftKings","-115","58","8.43","https://sportsbook.draftkings.com/?outcomes=0QA334626654%232151988922_13L88808Q1-1224791418Q20"
"Jake Elliott","PHI vs WAS","4:25pm","Field Goals Made","Under","1.5","1.4","DraftKings","-108","56.3","8.43","https://sportsbook.draftkings.com/?outcomes=0QA367605446%232275481322_13L88808Q11866316828Q20"
"Patrick Mahomes","KC vs DEN","8:15pm","Passing Touchdowns","Under","1.5","1.3","BetRivers","-143","63.8","8.42","https://il.betrivers.com/?page=sportsbook#event/1027663046?coupon=Single|4316024400|"
"Woody Marks","HOU vs BUF","1:00pm","Anytime Td","Yes","0.5","","Fanatics","265","29.7","8.41",""
"Caleb Williams","CHI vs CAR","1:00pm","Rushing Yards","Under","17.5","20.8","BetMGM","100","54.2","8.40","https://sports.il.betmgm.com/en/sports?options=6:43156-3562393-5628025&type=Single"
"Travis Etienne Jr.","NO vs DET","1:00pm","Receiving Yards","Under","14.5","16.9","FanDuel","-113","57.5","8.38","https://il.sportsbook.fanduel.com/addToBetslip?marketId=42.605569266&selectionId=16602554"
"Jerry Jeudy","CLE vs JAX","1:00pm","Receiving Yards","Over","31.5","43.5","FanDuel","-113","57.5","8.38","https://il.sportsbook.fanduel.com/addToBetslip?marketId=42.604267139&selectionId=22336750"
"Jameson Williams","DET vs NO","1:00pm","Receiving Yards","Under","58.5","59.1","FanDuel","-113","57.5","8.38","https://il.sportsbook.fanduel.com/addToBetslip?marketId=42.604067842&selectionId=41172032"
"Andrei Iosivas","CIN vs TB","1:00pm","Receiving Yards","Under","15.5","18.2","BetRivers","-113","57.5","8.38","https://il.betrivers.com/?page=sportsbook#event/1027663019?coupon=Single|4333237276|"
"RJ Harvey","DEN vs KC","8:15pm","Rushing Yards","Over","18.5","27.7","BetOnline","-116","58.2","8.37",""
"Chad Ryland","ARI vs LAC","4:25pm","Extra Points Made","Under","1.5","1.5","Fanatics","-105","55.5","8.36",""
"Parker Washington","JAC vs CLE","1:00pm","Receiving Yards","Under","53.5","54.1","DraftKings","-111","57","8.35","https://sportsbook.draftkings.com/?outcomes=0QA362019497%232267270699_13L88808Q1-1154242770Q20"
"Jeremiyah Love","ARI vs LAC","4:25pm","Rushing Yards","Over","40.5","49.2","BetMGM","-111","57","8.35","https://sports.il.betmgm.com/en/sports?options=6:43172-3572769-5652054&type=Single"
"Rashee Rice","KC vs DEN","8:15pm","Receiving Receptions","Under","5.5","5.2","BetOnline","-120","59.1","8.35",""
"Gunnar Helm","TEN vs NYJ","1:00pm","Receiving Longest Reception","Under","12.5","12.4","DraftKings","-120","59.1","8.35","https://sportsbook.draftkings.com/?outcomes=0QA362384285%232274395294_13L88808Q1-1262714477Q20"
"Malachi Fields","NYG vs DAL","8:20pm","Receiving Receptions","Over","2.5","2.7","DraftKings","135","46.1","8.34","https://sportsbook.draftkings.com/?outcomes=0QA361498968%232266433528_13L88808Q1-2107084182Q20"
"Javonte Williams","DAL vs NYG","8:20pm","Rushing Attempts","Under","17.5","17.0","DraftKings","-102","54.7","8.33","https://sportsbook.draftkings.com/?outcomes=0QA334625862%232151984877_13L88808Q1-1918056193Q20"
"Tyler Shough","NO vs DET","1:00pm","Passing Touchdowns","Under","1.5","1.2","DraftKings","-166","67.6","8.32","https://sportsbook.draftkings.com/?outcomes=0QA361394319%232250860227_13L88808Q1-1720642580Q20"
"Omarion Hampton","LAC vs ARI","4:25pm","Receiving Yards","Over","12.5","20.7","FanDuel","-114","57.7","8.31","https://il.sportsbook.fanduel.com/addToBetslip?marketId=42.606087745&selectionId=48691362"
"Samaje Perine","CIN vs TB","1:00pm","1st Td","Yes","0.5","","Fanatics","1800","5.7","8.30",""
"Samaje Perine","CIN vs TB","1:00pm","1st Td","Yes","0.5","","FanDuel","1800","5.7","8.30","https://il.sportsbook.fanduel.com/addToBetslip?marketId=42.606884975&selectionId=10676534"
"Devaughn Vele","NO vs DET","1:00pm","Last Td","Yes","0.5","","FanDuel","1800","5.7","8.30","https://il.sportsbook.fanduel.com/addToBetslip?marketId=42.604065632&selectionId=41915980"
"Nico Collins","HOU vs BUF","1:00pm","Receiving Receptions","Under","5.5","5.0","BetMGM","-135","62.2","8.27","https://sports.il.betmgm.com/en/sports?options=6:43166-3562459-5628144&type=Single"
"Travis Kelce","KC vs DEN","8:15pm","Receiving Receptions","Over","3.5","4.8","BetMGM","-135","62.2","8.27","https://sports.il.betmgm.com/en/sports?options=6:43160-3562731-5628673&type=Single"
"Cam Ward","TEN vs NYJ","1:00pm","Passing Interceptions","Under","0.5","0.5","DraftKings","-132","61.6","8.27","https://sportsbook.draftkings.com/?outcomes=0QA362384109%232254734134_13L88808Q1-519559035Q20"
"Cam Ward","TEN vs NYJ","1:00pm","Rushing Yards","Under","8.5","10.5","BetMGM","-115","57.9","8.25","https://sports.il.betmgm.com/en/sports?options=6:43155-3563939-5631829&type=Single"
"Jordan Mason","MIN vs GB","4:25pm","Rushing Yards","Under","43.5","43.6","BetOnline","-110","56.7","8.25",""
"Jaylen Waddle","DEN vs KC","8:15pm","Receiving Yards","Under","53.5","52.0","BetRivers","-117","58.3","8.13","https://il.betrivers.com/?page=sportsbook#event/1027663046?coupon=Single|4316084480|"
"Woody Marks","HOU vs BUF","1:00pm","Rushing Yards","Over","26.5","36.1","BetOnline","-114","57.6","8.13",""
"Justice Hill","BAL vs IND","1:00pm","Last Td","Yes","0.5","","Fanatics","2200","4.7","8.10",""
"Justice Hill","BAL vs IND","1:00pm","Last Td","Yes","0.5","","FanDuel","2200","4.7","8.10","https://il.sportsbook.fanduel.com/addToBetslip?marketId=42.604085343&selectionId=16552616"
"Tyjae Spears","TEN vs NYJ","1:00pm","Receiving Longest Reception","Under","9.5","10.2","BetRivers","-130","61.1","8.10","https://il.betrivers.com/?page=sportsbook#event/1027663023?coupon=Single|4333389227|"
"Derrick Henry","BAL vs IND","1:00pm","Last Td","Yes","0.5","","FanDuel","460","19.3","8.08","https://il.sportsbook.fanduel.com/addToBetslip?marketId=42.604085343&selectionId=8776315"
"Kayshon Boutte","HOU vs BUF","1:00pm","Receiving Longest Reception","Under","17.5","16.2","BetRivers","-115","57.8","8.06","https://il.betrivers.com/?page=sportsbook#event/1027663020?coupon=Single|4333336755|"
"Kayshon Boutte","HOU vs BUF","1:00pm","Receiving Longest Reception","Under","17.5","16.2","DraftKings","-115","57.8","8.06","https://sportsbook.draftkings.com/?outcomes=0QA363216175%232266235270_13L88808Q1-382290908Q20"
"Jayden Daniels","WAS vs PHI","4:25pm","Rushing Yards","Over","35.5","47.1","BetRivers","-115","57.8","8.06","https://il.betrivers.com/?page=sportsbook#event/1027663021?coupon=Single|4317318775|"
"Daniel Jones","IND vs BAL","1:00pm","Passing Attempts","Over","32.5","33.6","BetOnline","-110","56.6","8.05",""
"Ryan Fitzgerald","CAR vs CHI","1:00pm","Kicking Total Points","Under","6.5","6.5","DraftKings","107","52.2","8.05","https://sportsbook.draftkings.com/?outcomes=0QA362016508%232253285536_13L88808Q1308914389Q20"
"DeVonta Smith","PHI vs WAS","4:25pm","Receiving Longest Reception","Under","22.5","23.0","DraftKings","-108","56.1","8.04","https://sportsbook.draftkings.com/?outcomes=0QA361489886%232251293461_13L88808Q11920730607Q20"
"Rico Dowdle","PIT vs ATL","1:00pm","Rushing Yards","Under","46.5","45.7","FanDuel","-113","57.3","8.01","https://il.sportsbook.fanduel.com/addToBetslip?marketId=42.605278887&selectionId=60414648"
"Johnny Mundt","PHI vs WAS","4:25pm","Anytime Td","Yes","0.5","","BetRivers","1900","5.4","8.00","https://il.betrivers.com/?page=sportsbook#event/1027663021?coupon=Single|4317595034|"
"Dontayvion Wicks","PHI vs WAS","4:25pm","Receiving Longest Reception","Under","15.5","15.2","DraftKings","-116","58","8.00","https://sportsbook.draftkings.com/?outcomes=0QA361489522%232251271424_13L88808Q11710298317Q20"