"RTS ID","Slate ID","Player:","Position","Team","Salary","projected points","Pts/$","Proj Own","Optimal Rate","Optimal Leverage","Boom Rate","Bust Rate","Projection Floor","Projection 50%","Projection 75%","Projection Ceil","Opp","Min Exposure","Max Exposure"
"102215","44136964","Josh Allen","QB","BUF","7400","26.29","3.55","7.3%","10.7%","3.4%","61.7%","15.2%","12.72","25.32","33.64","41.04","DET","0","100"
"102866","44136965","Lamar Jackson","QB","BAL","7300","19.99","2.74","5.2%","1.7%","-3.5%","38.8%","29.7%","8.96","18.92","25.58","32.50","NO","0","100"
"110995","44136966","Caleb Williams","QB","CHI","6800","20.92","3.08","5.8%","3.2%","-2.5%","46.9%","22.6%","9.72","19.86","26.84","33.54","MIN","0","100"
"101025","44136967","Jalen Hurts","QB","PHI","6700","20.30","3.03","4.8%","4.4%","-0.4%","45.4%","24.2%","9.30","19.32","25.92","32.76","TEN","0","100"
"100213","44136968","Joe Burrow","QB","CIN","6600","17.85","2.70","4.0%","7.4%","3.4%","35.5%","32.5%","7.54","16.70","23.52","29.64","HOU","0","100"
"100043","44136969","Dak Prescott","QB","DAL","6400","21.34","3.33","4.6%","6.6%","2.0%","51.5%","20.2%","9.44","20.14","27.94","34.60","WAS","0","100"
"111403","44136970","Jayden Daniels","QB","WAS","6300","22.46","3.57","4.3%","5.3%","1.0%","57.6%","14.0%","11.10","21.34","28.36","35.26","DAL","0","100"
"105008","44136971","Brock Purdy","QB","SF","6200","21.18","3.42","5.1%","1.8%","-3.3%","52.4%","20.9%","8.92","20.00","27.58","35.44","MIA","0","100"
"102293","44136972","Jared Goff","QB","DET","6200","18.63","3.00","4.4%","11.5%","7.1%","42.7%","26.6%","7.90","17.60","24.32","30.98","BUF","0","100"
"111026","44136973","Drake Maye","QB","NE","6100","19.89","3.26","4.1%","1.9%","-2.2%","48.7%","19.1%","9.46","18.92","25.28","31.60","PIT","0","100"
"102717","44136974","Matthew Stafford","QB","LAR","6000","19.81","3.30","0.6%","7.2%","6.6%","49.0%","22.1%","8.16","18.70","26.10","32.86","NYG","0","100"
"100186","44136975","Justin Herbert","QB","LAC","6000","20.86","3.48","4.2%","2.9%","-1.3%","53.1%","16.5%","9.88","19.66","26.46","33.72","LV","0","100"
"102012","44136976","Jordan Love","QB","GB","5900","17.58","2.98","4.0%","3.4%","-0.6%","40.3%","26.5%","7.38","16.66","22.96","29.38","NYJ","0","100"
"100237","44136977","Trevor Lawrence","QB","JAX","5800","19.05","3.28","3.6%","2.4%","-1.2%","48.4%","21.4%","8.30","18.24","24.54","31.22","DEN","0","100"
"161990","44136978","Jaxson Dart","QB","NYG","5800","19.66","3.39","0.4%","4.1%","3.7%","50.6%","18.6%","8.98","18.70","25.20","31.34","LAR","0","100"
"111259","44136979","Bo Nix","QB","DEN","5700","20.35","3.57","4.0%","2.9%","-1.1%","53.8%","17.6%","9.06","19.36","25.96","33.42","JAX","0","100"
"100457","44136980","Baker Mayfield","QB","TB","5600","18.65","3.33","4.0%","2.1%","-1.9%","47.8%","20.9%","7.86","17.78","24.18","30.90","CLE","0","100"
"106152","44136981","C.J. Stroud","QB","HOU","5500","17.13","3.11","4.1%","1.7%","-2.4%","42.1%","25.2%","6.90","16.04","22.40","28.62","CIN","0","100"
"102357","44136982","Patrick Mahomes","QB","KC","5500","21.39","3.89","0.2%","2.4%","2.2%","59.1%","12.9%","9.74","20.14","27.94","34.84","IND","0","100"
"101560","44136983","Sam Darnold","QB","SEA","5400","0.00","0.00","2.8%","0.0%","-2.8%","0.0%","0.0%","0.00","0.00","0.00","0.00","ARI","0","100"
"106147","44136984","Bryce Young","QB","CAR","5400","17.50","3.24","3.6%","1.7%","-1.9%","44.4%","22.1%","7.36","16.62","22.66","28.96","ATL","0","100"
"162040","44136985","Tyler Shough","QB","NO","5300","17.37","3.28","2.0%","2.1%","0.1%","44.1%","21.9%","7.54","16.42","22.46","28.60","BAL","0","100"
"100570","44136986","Daniel Jones","QB","IND","5200","16.56","3.18","0.2%","1.0%","0.8%","41.3%","24.2%","6.88","15.28","21.68","27.88","KC","0","100"
"104703","44136987","Malik Willis","QB","MIA","5200","17.41","3.35","1.5%","0.6%","-0.9%","44.0%","17.0%","8.70","16.38","21.96","27.68","SF","0","100"
"101450","44136988","Kyler Murray","QB","MIN","5100","0.00","0.00","3.3%","0.0%","-3.3%","0.0%","0.0%","0.00","0.00","0.00","0.00","CHI","0","100"
"102117","44136989","Aaron Rodgers","QB","PIT","5100","14.56","2.85","1.5%","0.6%","-0.9%","32.2%","31.0%","5.92","13.52","19.00","24.72","NE","0","100"
"102465","44136990","Jacoby Brissett","QB","ARI","5000","15.80","3.16","1.9%","2.5%","0.6%","38.0%","23.3%","6.92","14.74","20.18","26.28","SEA","0","100"
"100662","44136991","Kirk Cousins","QB","LV","5000","14.78","2.96","1.6%","0.5%","-1.1%","33.6%","29.3%","5.84","13.64","19.32","25.32","LAC","0","100"
"102614","44136992","Drew Lock","QB","SEA","4900","16.51","3.37","0.0%","2.3%","2.3%","43.9%","21.4%","7.04","15.52","21.30","27.30","ARI","0","100"
"161202","44136993","Cam Ward","QB","TEN","4900","14.03","2.86","1.3%","0.8%","-0.5%","30.4%","30.5%","5.88","13.06","18.14","23.74","PHI","0","100"
"101655","44136994","Geno Smith","QB","NYJ","4800","16.55","3.45","2.1%","1.5%","-0.6%","44.9%","19.8%","6.82","15.50","21.28","27.78","GB","0","100"
"111140","44136995","Michael Penix Jr.","QB","ATL","4700","0.00","0.00","0.0%","0.0%","0.0%","0.0%","0.0%","0.00","0.00","0.00","0.00","CAR","0","100"
"101760","44136996","Tua Tagovailoa","QB","ATL","4700","0.00","0.00","2.2%","0.0%","-2.2%","0.0%","100.0%","0.00","0.00","0.00","0.00","CAR","0","100"
"101069","44136997","Carson Wentz","QB","MIN","4600","17.66","3.84","0.0%","1.6%","1.6%","51.6%","15.4%","7.76","16.54","23.02","29.20","CHI","0","100"
"208457","44136998","Fernando Mendoza","QB","LV","4500","0.00","0.00","0.0%","0.0%","0.0%","0.0%","100.0%","0.00","0.00","0.00","0.00","LAC","0","100"
"101448","44136999","Deshaun Watson","QB","CLE","4500","16.27","3.62","1.3%","0.3%","-1.0%","45.9%","16.6%","7.34","15.24","20.74","26.54","TB","0","100"
"162190","44137000","Shedeur Sanders","QB","CLE","4500","0.00","0.00","0.0%","0.0%","0.0%","0.0%","100.0%","0.00","0.00","0.00","0.00","TB","0","100"
"102364","44137001","Justin Fields","QB","KC","4500","0.00","0.00","0.0%","0.0%","0.0%","0.0%","100.0%","0.00","0.00","0.00","0.00","IND","0","100"
"162116","44137002","Jalen Milroe","QB","SEA","4400","0.00","0.00","0.0%","0.0%","0.0%","0.0%","100.0%","0.00","0.00","0.00","0.00","ARI","0","100"
"111024","44137003","J.J. McCarthy","QB","MIN","4300","0.00","0.00","0.0%","0.0%","0.0%","0.0%","100.0%","0.00","0.00","0.00","0.00","CHI","0","100"
"102092","44137004","Jarrett Stidham","QB","DEN","4200","0.00","0.00","0.0%","0.0%","0.0%","0.0%","100.0%","0.00","0.00","0.00","0.00","JAX","0","100"
"100310","44137005","Cooper Rush","QB","ATL","4200","15.39","3.66","0.0%","0.9%","0.9%","43.9%","19.7%","6.00","14.28","20.20","26.32","CAR","0","100"
"100805","44137006","Joe Flacco","QB","CIN","4100","0.00","0.00","0.0%","0.0%","0.0%","0.0%","100.0%","0.00","0.00","0.00","0.00","HOU","0","100"
"106163","44137007","Anthony Richardson Sr.","QB","IND","4000","0.00","0.00","0.0%","0.0%","0.0%","0.0%","100.0%","0.00","0.00","0.00","0.00","KC","0","100"
"111059","44137008","Riley Leonard","QB","IND","4000","0.00","0.00","0.0%","0.0%","0.0%","0.0%","100.0%","0.00","0.00","0.00","0.00","KC","0","100"
"106329","44137009","Stetson Bennett IV","QB","LAR","4000","0.00","0.00","0.0%","0.0%","0.0%","0.0%","100.0%","0.00","0.00","0.00","0.00","NYG","0","100"
"162328","44137010","Max Brosmer","QB","MIN","4000","0.00","0.00","0.0%","0.0%","0.0%","0.0%","0.0%","0.00","0.00","0.00","0.00","CHI","0","100"
"106423","44137011","Tyson Bagent","QB","CHI","4000","0.00","0.00","0.0%","0.0%","0.0%","0.0%","100.0%","0.00","0.00","0.00","0.00","MIN","0","100"
"100611","44137012","Case Keenum","QB","CHI","4000","0.00","0.00","0.0%","0.0%","0.0%","0.0%","100.0%","0.00","0.00","0.00","0.00","MIN","0","100"
"211054","44137013","Miller Moss","QB","CHI","4000","0.00","0.00","0.0%","0.0%","0.0%","0.0%","0.0%","0.00","0.00","0.00","0.00","MIN","0","100"
"102232","44137014","Mac Jones","QB","SF","4000","0.00","0.00","0.0%","0.0%","0.0%","0.0%","100.0%","0.00","0.00","0.00","0.00","MIA","0","100"
"162254","44137015","Kurtis Rourke","QB","SF","4000","0.00","0.00","0.0%","0.0%","0.0%","0.0%","100.0%","0.00","0.00","0.00","0.00","MIA","0","100"
"162252","44137016","Kyle McCord","QB","MIA","4000","0.00","0.00","0.0%","0.0%","0.0%","0.0%","100.0%","0.00","0.00","0.00","0.00","SF","0","100"
"162574","44137017","Brady Cook","QB","MIA","4000","0.00","0.00","0.0%","0.0%","0.0%","0.0%","100.0%","0.00","0.00","0.00","0.00","SF","0","100"
"100977","44137018","Gardner Minshew II","QB","ARI","4000","0.00","0.00","0.0%","0.0%","0.0%","0.0%","100.0%","0.00","0.00","0.00","0.00","SEA","0","100"
"111061","44137019","Carson Beck","QB","ARI","4000","0.00","0.00","0.0%","0.0%","0.0%","0.0%","100.0%","0.00","0.00","0.00","0.00","SEA","0","100"
"101048","44137020","Trey Lance","QB","LAC","4000","0.00","0.00","0.0%","0.0%","0.0%","0.0%","100.0%","0.00","0.00","0.00","0.00","LV","0","100"
"162358","44137021","DJ Uiagalelei","QB","LAC","4000","0.00","0.00","0.0%","0.0%","0.0%","0.0%","0.0%","0.00","0.00","0.00","0.00","LV","0","100"
"106328","44137022","Aidan O'Connell","QB","LV","4000","0.00","0.00","0.0%","0.0%","0.0%","0.0%","0.0%","0.00","0.00","0.00","0.00","LAC","0","100"
"104174","44137023","Nick Mullens","QB","JAX","4000","0.00","0.00","0.0%","0.0%","0.0%","0.0%","100.0%","0.00","0.00","0.00","0.00","DEN","0","100"
"162246","44137024","Quinn Ewers","QB","JAX","4000","0.00","0.00","0.0%","0.0%","0.0%","0.0%","100.0%","0.00","0.00","0.00","0.00","DEN","0","100"
"208964","44137025","Joey Aguilar","QB","JAX","4000","0.00","0.00","0.0%","0.0%","0.0%","0.0%","0.0%","0.00","0.00","0.00","0.00","DEN","0","100"
"101434","44137026","Sam Ehlinger","QB","DEN","4000","0.00","0.00","0.0%","0.0%","0.0%","0.0%","100.0%","0.00","0.00","0.00","0.00","JAX","0","100"
"102902","44137027","Tyler Huntley","QB","BAL","4000","0.00","0.00","0.0%","0.0%","0.0%","0.0%","100.0%","0.00","0.00","0.00","0.00","NO","0","100"
"209135","44137028","Joe Fagnano","QB","BAL","4000","0.00","0.00","0.0%","0.0%","0.0%","0.0%","100.0%","0.00","0.00","0.00","0.00","NO","0","100"
"105179","44137029","Skylar Thompson","QB","BAL","4000","0.00","0.00","0.0%","0.0%","0.0%","0.0%","0.0%","0.00","0.00","0.00","0.00","NO","0","100"
"111402","44137030","Spencer Rattler","QB","NO","4000","0.00","0.00","0.0%","0.0%","0.0%","0.0%","100.0%","0.00","0.00","0.00","0.00","BAL","0","100"
"101006","44137031","Zach Wilson","QB","NO","4000","0.00","0.00","0.0%","0.0%","0.0%","0.0%","100.0%","0.00","0.00","0.00","0.00","BAL","0","100"
"102036","44137032","Andy Dalton","QB","PHI","4000","0.00","0.00","0.0%","0.0%","0.0%","0.0%","100.0%","0.00","0.00","0.00","0.00","TEN","0","100"
"106219","44137033","Tanner McKee","QB","PHI","4000","0.00","0.00","0.0%","0.0%","0.0%","0.0%","100.0%","0.00","0.00","0.00","0.00","TEN","0","100"
"208761","44137034","Cole Payton","QB","PHI","4000","0.00","0.00","0.0%","0.0%","0.0%","0.0%","100.0%","0.00","0.00","0.00","0.00","TEN","0","100"
"102088","44137035","Mitchell Trubisky","QB","TEN","4000","0.00","0.00","0.0%","0.0%","0.0%","0.0%","100.0%","0.00","0.00","0.00","0.00","PHI","0","100"
"106227","44137036","Hendon Hooker","QB","TEN","4000","0.00","0.00","0.0%","0.0%","0.0%","0.0%","0.0%","0.00","0.00","0.00","0.00","PHI","0","100"
"104712","44137037","Kenny Pickett","QB","CAR","4000","0.00","0.00","0.0%","0.0%","0.0%","0.0%","100.0%","0.00","0.00","0.00","0.00","ATL","0","100"
"210945","44137038","Haynes King","QB","CAR","4000","0.00","0.00","0.0%","0.0%","0.0%","0.0%","100.0%","0.00","0.00","0.00","0.00","ATL","0","100"
"210948","44137039","Jack Strand","QB","ATL","4000","0.00","0.00","0.0%","0.0%","0.0%","0.0%","100.0%","0.00","0.00","0.00","0.00","CAR","0","100"
"208713","44137040","Cade Klubnik","QB","NYJ","4000","0.00","0.00","0.0%","0.0%","0.0%","0.0%","100.0%","0.00","0.00","0.00","0.00","GB","0","100"
"104788","44137041","Bailey Zappe","QB","NYJ","4000","0.00","0.00","0.0%","0.0%","0.0%","0.0%","0.0%","0.00","0.00","0.00","0.00","GB","0","100"
"100634","44137042","Tyrod Taylor","QB","GB","4000","0.00","0.00","0.0%","0.0%","0.0%","0.0%","100.0%","0.00","0.00","0.00","0.00","NYJ","0","100"
"112843","44137043","Kedon Slovis","QB","GB","4000","0.00","0.00","0.0%","0.0%","0.0%","0.0%","0.0%","0.00","0.00","0.00","0.00","NYJ","0","100"
"208841","44137044","Garrett Nussmeier","QB","KC","4000","0.00","0.00","0.0%","0.0%","0.0%","0.0%","100.0%","0.00","0.00","0.00","0.00","IND","0","100"
"100740","44137045","Mason Rudolph","QB","PIT","4000","0.00","0.00","0.0%","0.0%","0.0%","0.0%","100.0%","0.00","0.00","0.00","0.00","NE","0","100"
"162225","44137046","Will Howard","QB","PIT","4000","0.00","0.00","0.0%","0.0%","0.0%","0.0%","100.0%","0.00","0.00","0.00","0.00","NE","0","100"
"208605","44137047","Drew Allar","QB","PIT","4000","0.00","0.00","0.0%","0.0%","0.0%","0.0%","100.0%","0.00","0.00","0.00","0.00","NE","0","100"
"106623","44137048","Tommy DeVito","QB","NE","4000","0.00","0.00","0.0%","0.0%","0.0%","0.0%","100.0%","0.00","0.00","0.00","0.00","PIT","0","100"
"208788","44137049","Behren Morton","QB","NE","4000","0.00","0.00","0.0%","0.0%","0.0%","0.0%","100.0%","0.00","0.00","0.00","0.00","PIT","0","100"
"211128","44137050","Jalon Daniels","QB","TB","4000","0.00","0.00","0.0%","0.0%","0.0%","0.0%","100.0%","0.00","0.00","0.00","0.00","CLE","0","100"
"100105","44137051","Easton Stick","QB","TB","4000","0.00","0.00","0.0%","0.0%","0.0%","0.0%","0.0%","0.00","0.00","0.00","0.00","CLE","0","100"
"208745","44137052","Taylen Green","QB","CLE","4000","0.00","0.00","0.0%","0.0%","0.0%","0.0%","100.0%","0.00","0.00","0.00","0.00","TB","0","100"
"162103","44137053","Dillon Gabriel","QB","CLE","4000","0.00","0.00","0.0%","0.0%","0.0%","0.0%","0.0%","0.00","0.00","0.00","0.00","TB","0","100"
"101573","44137054","Marcus Mariota","QB","WAS","4000","0.00","0.00","0.0%","0.0%","0.0%","0.0%","100.0%","0.00","0.00","0.00","0.00","DAL","0","100"
"208760","44137055","Athan Kaliakmanis","QB","WAS","4000","0.00","0.00","0.0%","0.0%","0.0%","0.0%","100.0%","0.00","0.00","0.00","0.00","DAL","0","100"
"111450","44137056","Sam Hartman","QB","WAS","4000","0.00","0.00","0.0%","0.0%","0.0%","0.0%","0.0%","0.00","0.00","0.00","0.00","DAL","0","100"
"104721","44137057","Sam Howell","QB","DAL","4000","0.00","0.00","0.0%","0.0%","0.0%","0.0%","100.0%","0.00","0.00","0.00","0.00","WAS","0","100"
"111092","44137058","Joe Milton III","QB","DAL","4000","0.00","0.00","0.0%","0.0%","0.0%","0.0%","0.0%","0.00","0.00","0.00","0.00","WAS","0","100"
"106380","44137059","Sean Clifford","QB","CIN","4000","0.00","0.00","0.0%","0.0%","0.0%","0.0%","0.0%","0.00","0.00","0.00","0.00","HOU","0","100"
"100039","44137060","Josh Johnson","QB","CIN","4000","0.00","0.00","0.0%","0.0%","0.0%","0.0%","100.0%","0.00","0.00","0.00","0.00","HOU","0","100"
"101863","44137061","Davis Mills","QB","HOU","4000","0.00","0.00","0.0%","0.0%","0.0%","0.0%","100.0%","0.00","0.00","0.00","0.00","CIN","0","100"
"162253","44137062","Graham Mertz","QB","HOU","4000","0.00","0.00","0.0%","0.0%","0.0%","0.0%","0.0%","0.00","0.00","0.00","0.00","CIN","0","100"
"211061","44137063","Mark Gronowski","QB","HOU","4000","0.00","0.00","0.0%","0.0%","0.0%","0.0%","0.0%","0.00","0.00","0.00","0.00","CIN","0","100"
"102662","44137064","Jameis Winston","QB","NYG","4000","0.00","0.00","0.0%","0.0%","0.0%","0.0%","100.0%","0.00","0.00","0.00","0.00","LAR","0","100"
"106193","44137065","Jake Haener","QB","NYG","4000","0.00","0.00","0.0%","0.0%","0.0%","0.0%","0.0%","0.00","0.00","0.00","0.00","LAR","0","100"
"208456","44137066","Ty Simpson","QB","LAR","4000","0.00","0.00","0.0%","0.0%","0.0%","0.0%","100.0%","0.00","0.00","0.00","0.00","NYG","0","100"
"209172","44137067","Matthew Caldwell","QB","LAR","4000","0.00","0.00","0.0%","0.0%","0.0%","0.0%","0.0%","0.00","0.00","0.00","0.00","NYG","0","100"
"100593","44137068","Joshua Dobbs","QB","DET","4000","0.00","0.00","0.0%","0.0%","0.0%","0.0%","100.0%","0.00","0.00","0.00","0.00","BUF","0","100"
"211731","44137069","Luke Altmyer","QB","DET","4000","0.00","0.00","0.0%","0.0%","0.0%","0.0%","0.0%","0.00","0.00","0.00","0.00","BUF","0","100"
"100720","44137070","Kyle Allen","QB","BUF","4000","0.00","0.00","0.0%","0.0%","0.0%","0.0%","100.0%","0.00","0.00","0.00","0.00","DET","0","100"
"102553","44137071","Shane Buechele","QB","BUF","4000","0.00","0.00","0.0%","0.0%","0.0%","0.0%","0.0%","0.00","0.00","0.00","0.00","DET","0","100"
"106151","44137072","Jahmyr Gibbs","RB","DET","8500","23.31","2.74","17.7%","23.3%","5.6%","43.4%","32.3%","10.20","22.00","30.20","38.20","BUF","0","100"
"106150","44137074","Bijan Robinson","RB","ATL","8200","23.11","2.82","10.8%","19.1%","8.3%","43.6%","30.0%","10.40","21.50","29.60","38.30","CAR","0","100"
"101473","44137076","Christian McCaffrey","RB","SF","8000","19.47","2.43","14.2%","18.2%","4.0%","33.1%","43.6%","6.60","17.70","26.00","34.40","MIA","0","100"
"101391","44137078","Jonathan Taylor","RB","IND","7500","21.36","2.85","13.4%","12.0%","-1.4%","43.4%","28.6%","9.60","20.30","27.50","34.30","KC","0","100"
"102138","44137080","Derrick Henry","RB","BAL","7200","17.33","2.41","11.7%","10.8%","-0.9%","30.2%","44.4%","5.90","15.60","23.10","31.30","NO","0","100"
"100267","44137082","Saquon Barkley","RB","PHI","7000","16.83","2.40","5.7%","5.5%","-0.2%","29.0%","42.6%","7.20","15.50","22.30","28.40","TEN","0","100"
"106338","44137084","Chase Brown","RB","CIN","6900","17.12","2.48","8.4%","7.3%","-1.1%","29.4%","40.7%","7.30","15.80","22.10","29.00","HOU","0","100"
"161949","44137086","Ashton Jeanty","RB","LV","6800","18.02","2.65","9.1%","7.6%","-1.5%","34.1%","36.0%","7.90","16.60","23.30","30.00","LAC","0","100"
"106255","44137088","De'Von Achane","RB","MIA","6700","18.88","2.82","6.5%","7.5%","1.0%","38.7%","29.3%","8.80","17.80","24.20","30.30","SF","0","100"
"104711","44137090","James Cook III","RB","BUF","6700","19.62","2.93","11.1%","7.7%","-3.4%","42.3%","31.9%","7.30","18.10","26.30","34.10","DET","0","100"
"161982","44137092","Omarion Hampton","RB","LAC","6600","13.40","2.03","4.9%","4.2%","-0.7%","18.4%","55.8%","4.80","11.90","17.60","24.30","LV","0","100"
"104693","44137094","Kenneth Walker","RB","KC","6500","19.56","3.01","3.8%","4.8%","1.0%","42.2%","29.9%","7.40","17.90","25.90","33.90","IND","0","100"
"102302","44137096","David Montgomery","RB","HOU","6500","16.04","2.47","6.1%","5.2%","-0.9%","29.5%","42.4%","5.90","14.60","21.40","28.20","CIN","0","100"
"102777","44137098","Javonte Williams","RB","DAL","6400","16.15","2.52","9.4%","7.4%","-2.0%","30.7%","41.1%","5.50","14.80","21.50","28.90","WAS","0","100"
"104697","44137100","Kyren Williams","RB","LAR","6400","13.70","2.14","3.6%","4.0%","0.4%","22.2%","53.3%","3.80","12.00","18.70","26.20","NYG","0","100"
"102443","44137102","D'Andre Swift","RB","CHI","6300","13.49","2.14","8.2%","6.1%","-2.1%","21.3%","52.5%","4.30","12.00","18.20","24.70","MIN","0","100"
"101982","44137104","Josh Jacobs","RB","GB","6300","0.00","0.00","0.0%","0.0%","0.0%","0.0%","0.0%","0.00","0.00","0.00","0.00","NYJ","0","100"
"104689","44137106","Breece Hall","RB","NYJ","6200","13.41","2.16","6.7%","4.0%","-2.7%","20.4%","52.5%","4.90","11.90","17.70","24.20","GB","0","100"
"111035","44137108","Bucky Irving","RB","TB","6100","13.52","2.22","4.8%","4.0%","-0.8%","21.2%","50.9%","4.70","12.00","17.90","24.60","CLE","0","100"
"101114","44137110","Travis Etienne Jr.","RB","NO","6000","12.89","2.15","3.9%","3.4%","-0.5%","19.0%","53.4%","4.40","11.20","17.20","23.40","BAL","0","100"
"208463","44137112","Jeremiyah Love","RB","ARI","5900","11.45","1.94","0.6%","2.2%","1.6%","13.7%","59.5%","4.00","10.10","15.20","20.60","SEA","0","100"
"162169","44137114","Cam Skattebo","RB","NYG","5900","11.94","2.02","3.0%","2.8%","-0.2%","16.8%","57.2%","4.20","10.20","15.90","21.90","LAR","0","100"
"101688","44137116","Chuba Hubbard","RB","CAR","5800","13.84","2.39","6.0%","3.6%","-2.4%","24.0%","46.8%","5.40","12.20","18.20","24.60","ATL","0","100"
"102233","44137118","Rhamondre Stevenson","RB","NE","5700","13.36","2.34","4.6%","2.1%","-2.5%","23.7%","48.8%","4.40","11.60","17.90","24.60","PIT","0","100"
"162171","44137120","Bhayshul Tuten","RB","JAX","5600","9.50","1.70","0.7%","1.6%","0.9%","10.4%","67.7%","2.80","8.10","12.80","18.50","DEN","0","100"
"208493","44137122","Jadarian Price","RB","SEA","5500","10.79","1.96","0.7%","2.6%","1.9%","14.4%","59.0%","3.30","9.40","14.60","20.20","ARI","0","100"
"162339","44137124","Jacory Croskey-Merritt","RB","WAS","5500","10.51","1.91","1.6%","2.2%","0.6%","14.5%","59.6%","3.00","9.00","14.30","20.40","DAL","0","100"
"105181","44137126","Jaylen Warren","RB","PIT","5400","12.40","2.30","3.5%","1.9%","-1.6%","21.3%","49.0%","4.10","10.90","16.70","23.00","NE","0","100"
"162060","44137128","Quinshon Judkins","RB","CLE","5400","14.63","2.71","3.5%","3.1%","-0.4%","29.8%","35.9%","6.30","13.30","19.10","24.70","TB","0","100"
"162232","44137130","Kyle Monangai","RB","CHI","5300","8.57","1.62","1.2%","1.8%","0.6%","11.7%","69.8%","1.50","6.40","12.10","18.60","MIN","0","100"
"100555","44137132","Tony Pollard","RB","TEN","5300","12.62","2.38","4.1%","2.2%","-1.9%","22.1%","47.1%","5.10","11.00","16.70","22.30","PHI","0","100"
"111432","44137134","MarShawn Lloyd","RB","GB","5300","11.20","2.11","0.4%","1.4%","1.0%","17.1%","54.7%","3.40","9.80","15.20","21.20","NYJ","0","100"
"105084","44137136","Jordan Mason","RB","MIN","5200","0.00","0.00","1.2%","0.0%","-1.2%","0.0%","0.0%","0.00","0.00","0.00","0.00","CHI","0","100"
"162059","44137138","RJ Harvey","RB","DEN","5200","0.00","0.00","3.9%","0.0%","-3.9%","0.0%","100.0%","0.00","0.00","0.00","0.00","JAX","0","100"
"162041","44137140","TreVeyon Henderson","RB","NE","5200","9.34","1.80","2.3%","1.4%","-0.9%","13.4%","63.0%","1.80","7.70","13.20","19.00","PIT","0","100"
"102252","44137142","Aaron Jones Sr.","RB","MIN","5100","16.32","3.20","4.6%","2.4%","-2.2%","39.9%","28.1%","6.30","14.70","21.50","28.90","CHI","0","100"
"106192","44137144","Chris Rodriguez Jr.","RB","JAX","5100","3.82","0.75","0.5%","1.3%","0.8%","1.0%","92.2%","0.30","2.50","5.30","9.40","DEN","0","100"
"101292","44137146","Kenny Gainwell","RB","TB","5100","8.23","1.61","2.3%","1.4%","-0.9%","10.2%","69.0%","1.50","6.50","11.60","17.20","CLE","0","100"
"102894","44137148","J.K. Dobbins","RB","DEN","5000","12.25","2.45","2.0%","1.9%","-0.1%","22.7%","46.6%","4.40","10.60","16.30","22.50","JAX","0","100"
"104701","44137150","Rachaad White","RB","WAS","5000","7.76","1.55","4.0%","2.5%","-1.5%","8.7%","71.1%","1.40","6.20","10.80","16.20","DAL","0","100"
"104707","44137152","Tyler Allgeier","RB","ARI","4900","8.63","1.76","3.9%","1.5%","-2.4%","10.8%","65.8%","2.10","7.10","11.80","17.30","SEA","0","100"
"100800","44137154","Rico Dowdle","RB","PIT","4900","12.52","2.56","3.7%","1.4%","-2.3%","25.5%","44.8%","3.60","10.80","16.90","24.00","NE","0","100"
"112588","44137156","Blake Corum","RB","LAR","4900","7.45","1.52","0.2%","1.1%","0.9%","8.9%","71.0%","1.50","5.30","10.90","15.90","NYG","0","100"
"106218","44137158","Tyjae Spears","RB","TEN","4800","7.97","1.66","0.8%","0.7%","-0.1%","9.8%","68.7%","1.60","6.50","11.10","16.40","PHI","0","100"
"111012","44137160","Jonathon Brooks","RB","CAR","4800","7.83","1.63","0.1%","1.5%","1.4%","9.6%","69.9%","1.40","6.20","10.80","16.30","ATL","0","100"
"106584","44137162","Chris Brooks","RB","GB","4800","9.62","2.00","0.8%","1.3%","0.5%","15.9%","59.6%","2.10","7.80","13.30","19.50","NYJ","0","100"
"106188","44137164","Tank Bigsby","RB","PHI","4700","1.16","0.25","0.1%","0.0%","-0.1%","0.1%","98.7%","0.00","0.40","1.30","2.90","TEN","0","100"
"104704","44137166","Brian Robinson","RB","ATL","4700","4.55","0.97","0.8%","0.7%","-0.1%","3.2%","86.3%","0.40","3.00","6.30","10.80","CAR","0","100"
"106430","44137168","Keaton Mitchell","RB","LAC","4600","6.53","1.42","0.1%","0.3%","0.2%","6.6%","75.1%","1.00","4.90","9.10","14.30","LV","0","100"
"102712","44137170","Alvin Kamara","RB","NO","4600","5.71","1.24","1.8%","0.7%","-1.1%","6.9%","79.5%","0.10","3.60","7.80","14.00","BAL","0","100"
"208744","44137172","Emmett Johnson","RB","KC","4500","4.51","1.00","0.1%","0.8%","0.7%","3.4%","84.4%","0.20","2.90","6.50","11.20","IND","0","100"
"208632","44137174","Kaelon Black","RB","SF","4500","6.66","1.48","0.1%","0.9%","0.8%","7.6%","72.3%","1.10","4.70","9.60","14.50","MIA","0","100"
"111430","44137176","George Holani","RB","SEA","4500","9.00","2.00","0.1%","1.2%","1.1%","15.2%","60.0%","1.80","7.10","12.70","18.70","ARI","0","100"
"106289","44137178","Kendre Miller","RB","NO","4500","3.87","0.86","0.1%","0.6%","0.5%","1.7%","90.1%","0.40","2.70","5.20","8.90","BAL","0","100"
"208735","44137180","Kaytron Allen","RB","WAS","4500","1.06","0.24","0.1%","0.0%","-0.1%","0.1%","98.4%","0.00","0.10","1.10","2.90","DAL","0","100"
"106607","44137182","Emari Demercado","RB","DAL","4500","2.32","0.52","0.1%","0.8%","0.7%","0.5%","94.7%","0.00","1.30","2.90","6.60","WAS","0","100"
"162174","44137184","Woody Marks","RB","HOU","4500","7.18","1.60","1.2%","1.5%","0.3%","9.8%","70.5%","1.00","5.30","10.00","15.80","CIN","0","100"
"110998","44137186","Sione Vaki","RB","DET","4500","6.07","1.35","0.4%","0.4%","0.0%","6.3%","76.8%","0.60","4.60","8.40","13.50","BUF","0","100"
"106426","44137188","Sean Tucker","RB","TB","4400","0.60","0.14","0.2%","0.0%","-0.2%","0.0%","99.1%","0.00","0.00","0.40","1.50","CLE","0","100"
"162170","44137190","Dylan Sampson","RB","CLE","4400","0.00","0.00","0.3%","0.0%","-0.3%","0.0%","0.0%","0.00","0.00","0.00","0.00","TB","0","100"
"101372","44137192","Samaje Perine","RB","CIN","4400","5.29","1.20","0.2%","0.6%","0.4%","4.5%","80.0%","0.50","3.80","7.50","12.20","HOU","0","100"
"111047","44137194","Ray Davis","RB","BUF","4400","2.23","0.51","0.1%","0.3%","0.2%","0.8%","93.6%","0.00","1.00","2.80","6.40","DET","0","100"
"111282","44137196","Tyrone Tracy Jr.","RB","NYG","4400","1.74","0.40","0.1%","0.0%","-0.1%","0.3%","96.9%","0.00","0.70","2.20","5.30","LAR","0","100"
"111269","44137198","Kimani Vidal","RB","LAC","4300","0.33","0.08","0.8%","0.0%","-0.8%","0.0%","99.5%","0.00","0.00","0.00","1.10","LV","0","100"
"208697","44137200","Mike Washington Jr.","RB","LV","4300","3.60","0.84","0.1%","0.6%","0.5%","1.3%","89.2%","0.20","2.40","4.90","8.80","LAC","0","100"
"208787","44137202","Nicholas Singleton","RB","TEN","4300","0.00","0.00","0.1%","0.0%","-0.1%","0.0%","100.0%","0.00","0.00","0.00","0.00","PHI","0","100"
"162079","44137204","Kaleb Johnson","RB","GB","4300","0.64","0.15","0.1%","0.0%","-0.1%","0.1%","99.3%","0.00","0.00","0.60","2.00","NYJ","0","100"
"208762","44137206","Seth McGowan","RB","IND","4300","1.51","0.35","0.1%","0.0%","-0.1%","0.2%","97.6%","0.00","0.60","2.00","4.10","KC","0","100"
"110991","44137208","Jaylen Wright","RB","MIA","4200","0.25","0.06","0.1%","0.0%","-0.1%","0.0%","99.9%","0.00","0.00","0.00","0.80","SF","0","100"
"208675","44137210","Jonah Coleman","RB","DEN","4200","5.26","1.25","0.0%","0.6%","0.6%","5.5%","77.5%","0.50","3.50","7.80","12.20","JAX","0","100"
"102881","44137212","Justice Hill","RB","BAL","4200","6.96","1.66","0.3%","1.3%","1.0%","10.2%","69.4%","0.90","5.10","9.80","15.40","NO","0","100"
"111421","44137214","Will Shipley","RB","PHI","4200","1.20","0.29","0.0%","0.0%","-0.0%","0.1%","98.9%","0.00","0.00","1.80","3.30","TEN","0","100"
"111002","44137216","Braelon Allen","RB","NYJ","4200","6.71","1.60","0.1%","0.9%","0.8%","8.4%","69.2%","1.10","5.00","9.60","14.60","GB","0","100"
"162449","44137218","Corey Kiner","RB","NE","4200","0.43","0.10","0.0%","0.0%","-0.0%","0.1%","99.2%","0.00","0.00","0.00","1.50","PIT","0","100"
"100407","44137220","Ty Johnson","RB","BUF","4200","0.00","0.00","0.3%","0.0%","-0.3%","0.0%","100.0%","0.00","0.00","0.00","0.00","DET","0","100"
"101639","44137222","Devin Singletary","RB","NYG","4100","6.74","1.64","0.0%","0.7%","0.7%","8.4%","69.4%","1.10","5.30","9.30","14.30","LAR","0","100"
"100839","44137224","Ameer Abdullah","RB","JAX","4100","2.56","0.62","0.1%","0.6%","0.5%","1.2%","92.8%","0.00","1.40","3.40","6.90","DEN","0","100"
"162228","44137226","DJ Giddens","RB","IND","4000","0.00","0.00","0.0%","0.0%","-0.0%","0.0%","100.0%","0.00","0.00","0.00","0.00","KC","0","100"
"101278","44137228","Najee Harris","RB","NYG","4000","0.00","0.00","0.0%","0.0%","-0.0%","0.0%","100.0%","0.00","0.00","0.00","0.00","LAR","0","100"
"208739","44137230","Demond Claiborne","RB","MIN","4000","1.53","0.38","0.0%","0.0%","-0.0%","0.6%","95.5%","0.00","0.30","1.80","4.70","CHI","0","100"
"100738","44137232","DeeJay Dallas","RB","MIN","4000","5.63","1.41","0.0%","0.4%","0.4%","6.4%","74.2%","0.60","3.90","8.10","12.80","CHI","0","100"
"208789","44137234","Max Bredeson","RB","MIN","4000","0.00","0.00","0.0%","0.0%","-0.0%","0.0%","100.0%","0.00","0.00","0.00","0.00","CHI","0","100"
"106336","44137236","Roschon Johnson","RB","CHI","4000","0.00","0.00","0.0%","0.0%","-0.0%","0.0%","100.0%","0.00","0.00","0.00","0.00","MIN","0","100"
"104786","44137238","Brittain Brown","RB","CHI","4000","0.00","0.00","0.0%","0.0%","0.0%","0.0%","0.0%","0.00","0.00","0.00","0.00","MIN","0","100"
"106593","44137240","Zavier Scott","RB","CHI","4000","0.00","0.00","0.0%","0.0%","0.0%","0.0%","0.0%","0.00","0.00","0.00","0.00","MIN","0","100"
"101829","44137242","Salvon Ahmed","RB","CHI","4000","0.00","0.00","0.0%","0.0%","0.0%","0.0%","0.0%","0.00","0.00","0.00","0.00","MIN","0","100"
"162172","44137244","Jordan James","RB","SF","4000","0.00","0.00","0.0%","0.0%","-0.0%","0.0%","100.0%","0.00","0.00","0.00","0.00","MIA","0","100"
"111253","44137246","Isaac Guerendo","RB","SF","4000","0.00","0.00","0.0%","0.0%","0.0%","0.0%","0.0%","0.00","0.00","0.00","0.00","MIA","0","100"
"105001","44137248","Sincere McCormick","RB","SF","4000","0.00","0.00","0.0%","0.0%","0.0%","0.0%","0.0%","0.00","0.00","0.00","0.00","MIA","0","100"
"100059","44137250","Kyle Juszczyk","RB","SF","4000","1.42","0.35","0.0%","0.0%","-0.0%","0.9%","93.3%","0.00","0.00","1.40","3.90","MIA","0","100"
"162233","44137252","Ollie Gordon II","RB","MIA","4000","1.00","0.25","0.0%","0.0%","-0.0%","0.0%","98.8%","0.00","0.20","1.40","2.80","SF","0","100"
"211610","44137254","DJ Herman","RB","MIA","4000","0.00","0.00","0.0%","0.0%","0.0%","0.0%","100.0%","0.00","0.00","0.00","0.00","SF","0","100"
"106449","44137256","Carlos Washington Jr.","RB","MIA","4000","0.00","0.00","0.0%","0.0%","0.0%","0.0%","0.0%","0.00","0.00","0.00","0.00","SF","0","100"
"111057","44137258","Jarquez Hunter","RB","MIA","4000","0.00","0.00","0.0%","0.0%","0.0%","0.0%","0.0%","0.00","0.00","0.00","0.00","SF","0","100"
"106450","44137260","Emanuel Wilson","RB","SEA","4000","2.48","0.62","4.1%","1.0%","-3.1%","2.1%","89.3%","0.00","0.70","2.70","8.20","ARI","0","100"
"106186","44137262","Zach Charbonnet","RB","SEA","4000","0.00","0.00","0.0%","0.0%","0.0%","0.0%","0.0%","0.00","0.00","0.00","0.00","ARI","0","100"
"162264","44137264","Robbie Ouzts","RB","SEA","4000","0.00","0.00","0.0%","0.0%","0.0%","0.0%","0.0%","0.00","0.00","0.00","0.00","ARI","0","100"
"163101","44137266","Jacardia Wright","RB","SEA","4000","0.00","0.00","0.0%","0.0%","0.0%","0.0%","0.0%","0.00","0.00","0.00","0.00","ARI","0","100"
"106713","44137268","Brady Russell","RB","SEA","4000","0.71","0.18","0.0%","0.0%","0.0%","0.0%","98.9%","0.00","0.00","1.20","2.10","ARI","0","100"
"104779","44137270","Velus Jones Jr.","RB","SEA","4000","0.00","0.00","0.0%","0.0%","0.0%","0.0%","0.0%","0.00","0.00","0.00","0.00","ARI","0","100"
"104729","44137272","Bam Knight","RB","ARI","4000","0.00","0.00","0.3%","0.0%","-0.3%","0.0%","100.0%","0.00","0.00","0.00","0.00","SEA","0","100"
"101242","44137274","James Conner","RB","ARI","4000","0.00","0.00","0.0%","0.0%","0.0%","0.0%","0.0%","0.00","0.00","0.00","0.00","SEA","0","100"
"112589","44137276","Trey Benson","RB","ARI","4000","0.00","0.00","0.0%","0.0%","0.0%","0.0%","0.0%","0.00","0.00","0.00","0.00","SEA","0","100"
"106266","44137278","Evan Hull","RB","ARI","4000","0.00","0.00","0.0%","0.0%","0.0%","0.0%","0.0%","0.00","0.00","0.00","0.00","SEA","0","100"
"101967","44137280","Alec Ingold","RB","LAC","4000","0.57","0.14","0.0%","0.0%","-0.0%","0.0%","99.5%","0.00","0.00","0.70","2.00","LV","0","100"
"162652","44137282","Amar Johnson","RB","LAC","4000","0.00","0.00","0.0%","0.0%","0.0%","0.0%","0.0%","0.00","0.00","0.00","0.00","LV","0","100"
"106373","44137284","Scott Matlock","RB","LAC","4000","0.00","0.00","0.0%","0.0%","0.0%","0.0%","0.0%","0.00","0.00","0.00","0.00","LV","0","100"
"208898","44137286","Gregory Desrosiers","RB","LAC","4000","0.00","0.00","0.0%","0.0%","0.0%","0.0%","0.0%","0.00","0.00","0.00","0.00","LV","0","100"
"111244","44137288","Dylan Laube","RB","LV","4000","1.12","0.28","0.0%","0.0%","0.0%","0.0%","98.9%","0.00","0.00","1.70","3.20","LAC","0","100"
"111240","44137290","Chris Collier","RB","LV","4000","0.00","0.00","0.0%","0.0%","0.0%","0.0%","0.0%","0.00","0.00","0.00","0.00","LAC","0","100"
"104791","44137292","Connor Heyward","RB","LV","4000","1.88","0.47","0.0%","0.0%","-0.0%","1.0%","94.1%","0.00","0.50","2.30","5.70","LAC","0","100"
"111095","44137294","Roman Hemby","RB","LV","4000","0.00","0.00","0.0%","0.0%","0.0%","0.0%","0.0%","0.00","0.00","0.00","0.00","LAC","0","100"
"100877","44137296","Dare Ogunbowale","RB","LV","4000","0.00","0.00","0.0%","0.0%","0.0%","0.0%","0.0%","0.00","0.00","0.00","0.00","LAC","0","100"
"162238","44137298","LeQuint Allen Jr.","RB","JAX","4000","0.48","0.12","0.0%","0.0%","0.0%","0.0%","99.8%","0.00","0.00","0.00","1.80","DEN","0","100"
"208953","44137300","J'Mari Taylor","RB","JAX","4000","0.00","0.00","0.0%","0.0%","0.0%","0.0%","0.0%","0.00","0.00","0.00","0.00","DEN","0","100"
"104720","44137302","Tyler Badie","RB","DEN","4000","3.17","0.79","0.0%","0.4%","0.4%","3.4%","87.2%","0.00","1.50","4.10","9.40","JAX","0","100"
"102795","44137304","Adam Prentice","RB","DEN","4000","0.70","0.17","0.0%","0.0%","0.0%","0.1%","98.5%","0.00","0.00","1.00","2.10","JAX","0","100"
"111239","44137306","Cody Schrader","RB","DEN","4000","0.00","0.00","0.0%","0.0%","0.0%","0.0%","0.0%","0.00","0.00","0.00","0.00","JAX","0","100"
"111235","44137308","Rasheen Ali","RB","BAL","4000","0.00","0.00","0.0%","0.0%","-0.0%","0.0%","100.0%","0.00","0.00","0.00","0.00","NO","0","100"
"208736","44137310","Adam Randall","RB","BAL","4000","0.00","0.00","0.0%","0.0%","0.0%","0.0%","0.0%","0.00","0.00","0.00","0.00","NO","0","100"
"101594","44137312","Jonathan Ward","RB","BAL","4000","0.00","0.00","0.0%","0.0%","0.0%","0.0%","0.0%","0.00","0.00","0.00","0.00","NO","0","100"
"208955","44137314","CJ Donaldson","RB","NO","4000","0.00","0.00","0.0%","0.0%","-0.0%","0.0%","100.0%","0.00","0.00","0.00","0.00","BAL","0","100"
"111039","44137316","Audric Estimé","RB","NO","4000","0.00","0.00","0.0%","0.0%","0.0%","0.0%","0.0%","0.00","0.00","0.00","0.00","BAL","0","100"
"104986","44137318","Ty Chandler","RB","NO","4000","0.00","0.00","0.0%","0.0%","0.0%","0.0%","0.0%","0.00","0.00","0.00","0.00","BAL","0","100"
"104713","44137320","Zamir White","RB","NO","4000","0.00","0.00","0.0%","0.0%","0.0%","0.0%","0.0%","0.00","0.00","0.00","0.00","BAL","0","100"
"111007","44137322","Carson Steele","RB","PHI","4000","0.00","0.00","0.0%","0.0%","0.0%","0.0%","0.0%","0.00","0.00","0.00","0.00","TEN","0","100"
"162244","44137324","Jaydon Blue","RB","PHI","4000","0.00","0.00","0.0%","0.0%","0.0%","0.0%","0.0%","0.00","0.00","0.00","0.00","TEN","0","100"
"104715","44137326","Dameon Pierce","RB","PHI","4000","0.00","0.00","0.0%","0.0%","0.0%","0.0%","0.0%","0.00","0.00","0.00","0.00","TEN","0","100"
"105261","44137328","Julius Chestnut","RB","TEN","4000","0.00","0.00","0.0%","0.0%","0.0%","0.0%","100.0%","0.00","0.00","0.00","0.00","PHI","0","100"
"162229","44137330","Kalel Mullings","RB","TEN","4000","0.00","0.00","0.0%","0.0%","0.0%","0.0%","0.0%","0.00","0.00","0.00","0.00","PHI","0","100"
"101040","44137332","Michael Carter","RB","TEN","4000","0.00","0.00","0.0%","0.0%","0.0%","0.0%","0.0%","0.00","0.00","0.00","0.00","PHI","0","100"
"100298","44137334","AJ Dillon","RB","CAR","4000","0.10","0.03","0.0%","0.0%","-0.0%","0.0%","100.0%","0.00","0.00","0.00","0.00","ATL","0","100"
"162175","44137336","Trevor Etienne","RB","CAR","4000","0.00","0.00","0.0%","0.0%","0.0%","0.0%","0.0%","0.00","0.00","0.00","0.00","ATL","0","100"
"163648","44137338","Anthony Tyus III","RB","CAR","4000","0.00","0.00","0.0%","0.0%","0.0%","0.0%","0.0%","0.00","0.00","0.00","0.00","ATL","0","100"
"163642","44137340","Ahmani Marshall","RB","CAR","4000","0.00","0.00","0.0%","0.0%","0.0%","0.0%","0.0%","0.00","0.00","0.00","0.00","ATL","0","100"
"100934","44137342","Trey Sermon","RB","ATL","4000","0.00","0.00","0.0%","0.0%","0.0%","0.0%","0.0%","0.00","0.00","0.00","0.00","CAR","0","100"
"210949","44137344","Cash Jones","RB","ATL","4000","0.00","0.00","0.0%","0.0%","0.0%","0.0%","0.0%","0.00","0.00","0.00","0.00","CAR","0","100"
"105069","44137346","Tyler Goodson","RB","ATL","4000","0.00","0.00","0.0%","0.0%","0.0%","0.0%","0.0%","0.00","0.00","0.00","0.00","CAR","0","100"
"111254","44137348","Isaiah Davis","RB","NYJ","4000","0.11","0.03","0.0%","0.0%","-0.0%","0.0%","99.9%","0.00","0.00","0.00","0.00","GB","0","100"
"100163","44137350","Kene Nwangwu","RB","NYJ","4000","0.00","0.00","0.0%","0.0%","0.0%","0.0%","0.0%","0.00","0.00","0.00","0.00","GB","0","100"
"211115","44137352","Chip Trayanum","RB","NYJ","4000","0.00","0.00","0.0%","0.0%","0.0%","0.0%","0.0%","0.00","0.00","0.00","0.00","GB","0","100"
"102624","44137354","Andrew Beck","RB","NYJ","4000","0.11","0.03","0.0%","0.0%","0.0%","0.0%","99.8%","0.00","0.00","0.00","0.00","GB","0","100"
"218997","44137356","Al-Jay Henderson","RB","NYJ","4000","0.00","0.00","0.0%","0.0%","0.0%","0.0%","0.0%","0.00","0.00","0.00","0.00","GB","0","100"
"211184","44137358","Damon Bankston","RB","GB","4000","0.00","0.00","0.0%","0.0%","0.0%","0.0%","0.0%","0.00","0.00","0.00","0.00","NYJ","0","100"
"104722","44137360","Pierre Strong Jr.","RB","GB","4000","0.00","0.00","0.0%","0.0%","0.0%","0.0%","0.0%","0.00","0.00","0.00","0.00","NYJ","0","100"
"162227","44137362","Brashard Smith","RB","KC","4000","0.00","0.00","0.0%","0.0%","-0.0%","0.0%","100.0%","0.00","0.00","0.00","0.00","IND","0","100"
"106642","44137364","Ben VanSumeren","RB","KC","4000","0.00","0.00","0.0%","0.0%","-0.0%","0.0%","100.0%","0.00","0.00","0.00","0.00","IND","0","100"
"162601","44137366","Nathan Carter","RB","KC","4000","0.00","0.00","0.0%","0.0%","0.0%","0.0%","0.0%","0.00","0.00","0.00","0.00","IND","0","100"
"209642","44137368","Jaydn Ott","RB","KC","4000","0.00","0.00","0.0%","0.0%","0.0%","0.0%","0.0%","0.00","0.00","0.00","0.00","IND","0","100"
"212501","44137370","Anderson Castle","RB","IND","4000","0.00","0.00","0.0%","0.0%","0.0%","0.0%","0.0%","0.00","0.00","0.00","0.00","KC","0","100"
"211079","44137372","Davon Booth","RB","IND","4000","0.00","0.00","0.0%","0.0%","0.0%","0.0%","0.0%","0.00","0.00","0.00","0.00","KC","0","100"
"208767","44137374","Eli Heidenreich","RB","PIT","4000","0.00","0.00","0.0%","0.0%","0.0%","0.0%","100.0%","0.00","0.00","0.00","0.00","NE","0","100"
"100527","44137376","Travis Homer","RB","PIT","4000","0.00","0.00","0.0%","0.0%","0.0%","0.0%","100.0%","0.00","0.00","0.00","0.00","NE","0","100"
"208794","44137378","Riley Nowakowski","RB","PIT","4000","0.00","0.00","0.0%","0.0%","0.0%","0.0%","100.0%","0.00","0.00","0.00","0.00","NE","0","100"
"106272","44137380","Lew Nichols","RB","PIT","4000","0.00","0.00","0.0%","0.0%","0.0%","0.0%","0.0%","0.00","0.00","0.00","0.00","NE","0","100"
"209201","44137382","Myles Montgomery","RB","NE","4000","0.00","0.00","0.0%","0.0%","0.0%","0.0%","0.0%","0.00","0.00","0.00","0.00","PIT","0","100"
"104724","44137384","Hassan Haskins","RB","NE","4000","0.00","0.00","0.0%","0.0%","0.0%","0.0%","0.0%","0.00","0.00","0.00","0.00","PIT","0","100"
"162927","44137386","Lan Larison","RB","NE","4000","0.00","0.00","0.0%","0.0%","0.0%","0.0%","0.0%","0.00","0.00","0.00","0.00","PIT","0","100"
"101811","44137388","Reggie Gilliam","RB","NE","4000","0.40","0.10","0.0%","0.0%","0.0%","0.0%","98.8%","0.00","0.00","0.00","1.50","PIT","0","100"
"162567","44137390","Josh Williams","RB","TB","4000","0.00","0.00","0.0%","0.0%","0.0%","0.0%","0.0%","0.00","0.00","0.00","0.00","CLE","0","100"
"162372","44137392","Raheim Sanders","RB","CLE","4000","4.96","1.24","0.0%","0.1%","0.1%","4.6%","79.5%","0.10","3.60","7.00","11.40","TB","0","100"
"106866","44137394","Jaleel McLaughlin","RB","CLE","4000","0.00","0.00","0.0%","0.0%","0.0%","0.0%","100.0%","0.00","0.00","0.00","0.00","TB","0","100"
"102265","44137396","Michael Burton","RB","CLE","4000","0.36","0.09","0.0%","0.0%","0.0%","0.0%","99.8%","0.00","0.00","0.00","1.50","TB","0","100"
"102147","44137398","Jeremy McNichols","RB","WAS","4000","0.00","0.00","0.0%","0.0%","0.0%","0.0%","0.0%","0.00","0.00","0.00","0.00","DAL","0","100"
"104006","44137400","Craig Reynolds","RB","WAS","4000","0.00","0.00","0.0%","0.0%","0.0%","0.0%","0.0%","0.00","0.00","0.00","0.00","DAL","0","100"
"210938","44137402","Robert Henry Jr.","RB","WAS","4000","0.00","0.00","0.0%","0.0%","0.0%","0.0%","0.0%","0.00","0.00","0.00","0.00","DAL","0","100"
"106254","44137404","Israel Abanikanda","RB","DAL","4000","0.00","0.00","0.0%","0.0%","0.0%","0.0%","0.0%","0.00","0.00","0.00","0.00","WAS","0","100"
"105498","44137406","Malik Davis","RB","DAL","4000","0.00","0.00","0.0%","0.0%","0.0%","0.0%","0.0%","0.00","0.00","0.00","0.00","WAS","0","100"
"106444","44137408","Hunter Luepke","RB","DAL","4000","1.82","0.46","0.0%","0.0%","-0.0%","1.0%","94.0%","0.00","0.50","2.20","5.40","WAS","0","100"
"162231","44137410","Tahj Brooks","RB","CIN","4000","0.00","0.00","0.0%","0.0%","0.0%","0.0%","100.0%","0.00","0.00","0.00","0.00","HOU","0","100"
"112587","44137412","Kendall Milton","RB","CIN","4000","0.00","0.00","0.0%","0.0%","0.0%","0.0%","0.0%","0.00","0.00","0.00","0.00","HOU","0","100"
"211049","44137414","Kentrel Bullock","RB","CIN","4000","0.00","0.00","0.0%","0.0%","0.0%","0.0%","0.0%","0.00","0.00","0.00","0.00","HOU","0","100"
"117376","44137416","British Brooks","RB","HOU","4000","0.00","0.00","0.0%","0.0%","0.0%","0.0%","100.0%","0.00","0.00","0.00","0.00","CIN","0","100"
"111058","44137418","Jawhar Jordan","RB","HOU","4000","0.00","0.00","0.0%","0.0%","0.0%","0.0%","0.0%","0.00","0.00","0.00","0.00","CIN","0","100"
"209153","44137420","Noah Whittington","RB","HOU","4000","0.00","0.00","0.0%","0.0%","0.0%","0.0%","0.0%","0.00","0.00","0.00","0.00","CIN","0","100"
"102865","44137422","Patrick Ricard","RB","NYG","4000","0.65","0.16","0.0%","0.0%","-0.0%","0.0%","99.6%","0.00","0.00","1.20","2.10","LAR","0","100"
"218998","44137424","Grant Finley","RB","NYG","4000","0.00","0.00","0.0%","0.0%","0.0%","0.0%","0.0%","0.00","0.00","0.00","0.00","LAR","0","100"
"104992","44137426","Ronnie Rivers","RB","LAR","4000","0.00","0.00","0.0%","0.0%","-0.0%","0.0%","100.0%","0.00","0.00","0.00","0.00","NYG","0","100"
"209156","44137428","Dean Connors","RB","LAR","4000","0.00","0.00","0.0%","0.0%","0.0%","0.0%","0.0%","0.00","0.00","0.00","0.00","NYG","0","100"
"162666","44137430","Jordan Waters","RB","LAR","4000","0.00","0.00","0.0%","0.0%","0.0%","0.0%","0.0%","0.00","0.00","0.00","0.00","NYG","0","100"
"106452","44137432","Jacob Saylors","RB","DET","4000","0.70","0.17","0.0%","0.0%","0.0%","0.1%","97.8%","0.00","0.00","0.40","1.90","BUF","0","100"
"105090","44137434","Isiah Pacheco","RB","DET","4000","0.00","0.00","0.0%","0.0%","0.0%","0.0%","0.0%","0.00","0.00","0.00","0.00","BUF","0","100"
"117257","44137436","Jabari Small","RB","DET","4000","0.00","0.00","0.0%","0.0%","0.0%","0.0%","0.0%","0.00","0.00","0.00","0.00","BUF","0","100"
"111419","44137438","Frank Gore Jr.","RB","BUF","4000","1.31","0.33","0.0%","0.0%","0.0%","0.4%","96.1%","0.00","0.20","1.50","3.70","DET","0","100"
"106148","44137440","Jaxon Smith-Njigba","WR","SEA","8100","18.46","2.28","9.9%","10.2%","0.3%","30.5%","50.3%","5.80","16.00","25.60","33.90","ARI","0","100"
"106249","44137442","Puka Nacua","WR","LAR","7900","17.83","2.26","14.6%","18.2%","3.6%","29.7%","50.9%","4.70","15.50","25.00","34.40","NYG","0","100"
"100389","44137444","Justin Jefferson","WR","MIN","7800","19.59","2.51","7.8%","9.5%","1.8%","36.0%","44.9%","6.00","17.20","27.20","36.10","CHI","0","100"
"102490","44137446","Amon-Ra St. Brown","WR","DET","7700","18.41","2.39","17.1%","27.3%","10.2%","31.8%","48.0%","5.10","16.00","25.60","35.10","BUF","0","100"
"100349","44137448","Ja'Marr Chase","WR","CIN","7600","19.29","2.54","12.7%","16.8%","4.1%","36.4%","43.8%","5.70","17.00","27.10","35.60","HOU","0","100"
"100589","44137450","CeeDee Lamb","WR","DAL","7300","17.26","2.36","8.3%","11.4%","3.1%","30.1%","50.1%","3.90","14.50","24.00","34.80","WAS","0","100"
"104695","44137452","Chris Olave","WR","NO","7200","14.94","2.08","5.8%","6.4%","0.6%","22.5%","56.0%","3.90","13.00","20.30","28.80","BAL","0","100"
"101666","44137454","Nico Collins","WR","HOU","7000","0.00","0.00","8.3%","0.0%","-8.3%","0.0%","0.0%","0.00","0.00","0.00","0.00","CIN","0","100"
"101015","44137456","DeVonta Smith","WR","PHI","6800","14.59","2.15","5.6%","7.0%","1.4%","24.3%","55.2%","3.60","12.30","20.20","29.20","TEN","0","100"
"106146","44137458","Zay Flowers","WR","BAL","6700","0.00","0.00","5.9%","0.0%","-5.9%","0.0%","0.0%","0.00","0.00","0.00","0.00","NO","0","100"
"100967","44137460","Mike Evans","WR","SF","6600","12.28","1.86","5.9%","4.8%","-1.1%","18.2%","63.6%","2.20","9.80","16.90","26.30","MIA","0","100"
"111021","44137462","Malik Nabers","WR","NYG","6500","16.32","2.51","6.0%","9.0%","3.0%","31.5%","45.9%","4.70","13.90","22.70","31.10","LAR","0","100"
"101960","44137464","Jaylen Waddle","WR","DEN","6500","11.54","1.78","3.6%","3.5%","-0.1%","16.2%","65.8%","2.10","9.20","15.70","24.90","JAX","0","100"
"106215","44137466","Rashee Rice","WR","KC","6400","16.30","2.55","4.9%","6.0%","1.1%","31.8%","46.8%","3.90","13.50","22.80","32.50","IND","0","100"
"161968","44137468","Emeka Egbuka","WR","TB","6400","12.45","1.95","6.1%","5.1%","-1.0%","20.0%","60.8%","2.10","10.10","17.50","26.80","CLE","0","100"
"104699","44137470","George Pickens","WR","DAL","6300","14.43","2.29","6.2%","8.3%","2.1%","26.6%","52.4%","3.10","12.00","20.10","29.40","WAS","0","100"
"111416","44137472","Ladd McConkey","WR","LAC","6200","11.16","1.80","5.4%","3.9%","-1.5%","15.7%","64.2%","1.90","9.10","15.70","23.40","LV","0","100"
"104710","44137474","Christian Watson","WR","GB","6200","12.05","1.94","5.6%","4.9%","-0.7%","18.8%","60.9%","2.20","9.90","16.60","25.10","NYJ","0","100"
"161966","44137476","Tetairoa McMillan","WR","CAR","6100","12.42","2.04","5.5%","4.5%","-1.0%","20.3%","57.2%","2.50","10.50","16.90","25.70","ATL","0","100"
"100212","44137478","Tee Higgins","WR","CIN","6100","11.84","1.94","5.5%","6.8%","1.3%","18.6%","60.7%","2.30","9.60","16.30","24.40","HOU","0","100"
"104692","44137480","Drake London","WR","ATL","6000","15.56","2.59","10.5%","6.3%","-4.2%","31.3%","44.4%","4.00","13.30","21.40","30.70","CAR","0","100"
"104691","44137482","Garrett Wilson","WR","NYJ","6000","18.27","3.04","7.4%","5.8%","-1.6%","40.4%","34.5%","5.60","15.90","25.10","34.20","GB","0","100"
"106228","44137484","Parker Washington","WR","JAX","5900","12.58","2.13","2.8%","3.0%","0.2%","21.8%","56.6%","2.70","10.40","17.20","26.30","DEN","0","100"
"102170","44137486","Davante Adams","WR","LAR","5900","13.98","2.37","2.7%","6.5%","3.8%","26.8%","50.7%","2.60","11.60","19.50","29.60","NYG","0","100"
"102592","44137488","Courtland Sutton","WR","DEN","5800","10.26","1.77","5.2%","4.1%","-1.1%","14.7%","65.3%","1.70","8.10","14.20","21.90","JAX","0","100"
"101561","44137490","DJ Moore","WR","BUF","5800","13.75","2.37","12.2%","11.9%","-0.3%","25.9%","49.9%","2.60","11.60","18.90","28.20","DET","0","100"
"162081","44137492","Luther Burden III","WR","CHI","5700","11.81","2.07","3.1%","3.5%","0.4%","20.8%","57.9%","2.00","9.50","16.50","25.40","MIN","0","100"
"104696","44137494","Jameson Williams","WR","DET","5700","12.17","2.14","9.6%","8.5%","-1.1%","21.6%","56.2%","2.20","9.90","16.80","25.50","BUF","0","100"
"104727","44137496","Alec Pierce","WR","IND","5600","10.13","1.81","1.8%","2.1%","0.3%","15.1%","63.9%","1.60","8.40","13.90","21.20","KC","0","100"
"101728","44137498","Chris Godwin Jr.","WR","TB","5600","12.18","2.17","5.4%","2.7%","-2.7%","21.6%","54.9%","2.30","10.20","16.80","25.40","CLE","0","100"
"111044","44137500","Rome Odunze","WR","CHI","5500","9.70","1.76","5.5%","3.6%","-1.9%","14.3%","64.6%","1.40","7.70","13.60","20.60","MIN","0","100"
"106250","44137502","Michael Wilson","WR","ARI","5400","10.60","1.96","4.6%","2.8%","-1.8%","15.1%","59.9%","2.30","9.00","14.30","21.20","SEA","0","100"
"106229","44137504","Josh Downs","WR","IND","5400","11.85","2.19","1.7%","2.2%","0.5%","20.4%","53.7%","2.60","10.00","15.90","23.90","KC","0","100"
"100543","44137506","Deebo Samuel Sr.","WR","SF","5300","10.82","2.04","5.3%","2.5%","-2.8%","19.3%","59.3%","1.70","8.60","15.10","24.00","MIA","0","100"
"102024","44137508","Stefon Diggs","WR","WAS","5300","13.61","2.57","4.8%","5.8%","1.0%","27.9%","46.2%","3.30","11.30","18.70","27.60","DAL","0","100"
"100528","44137510","DK Metcalf","WR","PIT","5200","13.03","2.51","4.0%","2.4%","-1.6%","27.2%","47.9%","2.80","10.80","18.30","26.80","NE","0","100"
"100730","44137512","Terry McLaurin","WR","WAS","5200","13.63","2.62","5.1%","5.8%","0.7%","28.3%","45.0%","3.20","11.50","18.60","27.70","DAL","0","100"
"106149","44137514","Jordan Addison","WR","MIN","5100","10.03","1.97","4.4%","2.6%","-1.8%","16.2%","60.2%","1.80","8.10","13.90","21.10","CHI","0","100"
"208460","44137516","Carnell Tate","WR","TEN","5100","10.44","2.05","0.9%","1.6%","0.7%","17.2%","58.3%","1.90","8.50","14.30","21.80","PHI","0","100"
"111463","44137518","Jalen Coker","WR","CAR","5100","11.98","2.35","1.6%","1.7%","0.1%","23.4%","52.0%","2.40","9.80","16.40","25.20","ATL","0","100"
"106175","44137520","Quentin Johnston","WR","LAC","5000","8.56","1.71","4.5%","2.6%","-1.9%","13.2%","66.8%","0.00","6.50","12.30","19.00","LV","0","100"
"104726","44137522","Romeo Doubs","WR","NE","5000","9.35","1.87","2.7%","2.6%","-0.1%","14.3%","62.0%","1.60","7.60","13.00","19.30","PIT","0","100"
"111042","44137524","Marvin Harrison Jr.","WR","ARI","4900","9.47","1.93","3.6%","2.1%","-1.5%","15.1%","61.4%","1.60","7.60","12.90","19.80","SEA","0","100"
"102091","44137526","Jakobi Meyers","WR","JAX","4900","7.95","1.62","4.1%","2.0%","-2.1%","10.4%","69.7%","1.30","6.20","11.00","17.00","DEN","0","100"
"208606","44137528","De'Zhaun Stribling","WR","SF","4800","0.00","0.00","0.3%","0.0%","-0.3%","0.0%","0.0%","0.00","0.00","0.00","0.00","MIA","0","100"
"111001","44137530","Brian Thomas Jr.","WR","JAX","4800","12.07","2.51","4.1%","2.1%","-2.0%","24.8%","48.1%","2.40","9.90","16.50","25.70","DEN","0","100"
"161981","44137532","Matthew Golden","WR","GB","4700","11.38","2.42","0.8%","2.7%","1.9%","22.4%","50.1%","2.20","9.30","15.50","23.50","NYJ","0","100"
"101397","44137534","Michael Pittman Jr.","WR","PIT","4700","0.00","0.00","3.1%","0.0%","-3.1%","0.0%","0.0%","0.00","0.00","0.00","0.00","NE","0","100"
"104719","44137536","Khalil Shakir","WR","BUF","4700","12.57","2.67","9.3%","6.0%","-3.3%","27.3%","46.7%","2.30","10.10","17.30","26.70","DET","0","100"
"100765","44137538","Keenan Allen","WR","IND","4600","8.32","1.81","0.3%","0.5%","0.2%","12.4%","65.0%","1.30","6.40","11.50","17.90","KC","0","100"
"208458","44137540","Makai Lemon","WR","PHI","4600","9.63","2.09","0.8%","2.4%","1.6%","18.0%","58.3%","1.50","7.50","13.50","20.30","TEN","0","100"
"104706","44137542","Wan'Dale Robinson","WR","TEN","4600","9.93","2.16","3.0%","1.5%","-1.5%","16.8%","54.7%","2.10","8.40","13.60","19.60","PHI","0","100"
"106253","44137544","Tre Tucker","WR","LV","4500","11.33","2.52","4.4%","1.3%","-3.1%","22.8%","46.8%","2.40","9.50","15.20","23.40","LAC","0","100"
"106191","44137546","Jayden Reed","WR","GB","4500","8.32","1.85","4.3%","1.5%","-2.8%","14.9%","64.1%","0.00","6.20","11.80","19.00","NYJ","0","100"
"110992","44137548","Xavier Worthy","WR","KC","4500","11.92","2.65","0.3%","1.4%","1.1%","25.5%","44.9%","2.30","10.00","16.10","24.70","IND","0","100"
"102626","44137550","Rashod Bateman","WR","BAL","4400","7.94","1.80","0.8%","0.9%","0.1%","13.6%","64.6%","0.00","5.70","11.80","17.80","NO","0","100"
"111417","44137552","Jalen McMillan","WR","TB","4400","7.13","1.62","1.1%","1.6%","0.5%","11.9%","70.0%","0.00","4.90","10.20","17.00","CLE","0","100"
"208579","44137554","Antonio Williams","WR","WAS","4400","7.60","1.73","0.7%","2.6%","1.9%","12.4%","66.9%","0.00","5.60","11.00","17.20","DAL","0","100"
"105387","44137556","Rashid Shaheed","WR","SEA","4300","5.73","1.33","2.2%","1.2%","-1.0%","6.5%","76.0%","0.00","4.20","8.30","13.30","ARI","0","100"
"106194","44137558","Dontayvion Wicks","WR","PHI","4300","8.83","2.05","0.7%","2.0%","1.3%","16.1%","59.9%","1.20","6.60","12.30","19.60","TEN","0","100"
"102512","44137560","Mack Hollins","WR","NE","4300","9.64","2.24","0.7%","1.1%","0.4%","20.1%","56.1%","1.40","7.30","13.60","21.20","PIT","0","100"
"162063","44137562","Pat Bryant","WR","DEN","4200","9.77","2.33","0.4%","1.3%","0.9%","21.0%","54.1%","1.40","7.50","13.90","21.10","JAX","0","100"
"111539","44137564","Devaughn Vele","WR","NO","4200","10.24","2.44","0.6%","0.8%","0.2%","20.9%","49.8%","1.90","8.40","14.00","21.20","BAL","0","100"
"208564","44137566","Denzel Boston","WR","CLE","4200","10.01","2.38","0.6%","0.9%","0.3%","19.6%","50.4%","2.00","8.30","13.60","20.40","TB","0","100"
"102693","44137568","Cooper Kupp","WR","SEA","4100","7.90","1.93","2.2%","1.3%","-0.9%","13.7%","61.6%","1.00","6.00","11.20","17.30","ARI","0","100"
"101323","44137570","Calvin Ridley","WR","TEN","4100","5.99","1.46","0.7%","1.4%","0.7%","7.1%","73.0%","0.00","4.50","8.50","13.50","PHI","0","100"
"208462","44137572","KC Concepcion","WR","CLE","4100","10.62","2.59","0.6%","0.8%","0.2%","23.5%","46.0%","2.20","8.90","14.70","21.60","TB","0","100"
"208560","44137574","Malachi Fields","WR","NYG","4100","6.62","1.61","0.2%","1.8%","1.6%","9.3%","69.8%","0.00","4.90","9.30","14.80","LAR","0","100"
"111422","44137576","Malik Washington","WR","MIA","4000","12.56","3.14","0.6%","1.3%","0.7%","30.7%","35.4%","3.10","10.70","16.60","25.00","SF","0","100"
"162058","44137578","Tre' Harris","WR","LAC","4000","8.00","2.00","0.4%","0.3%","-0.1%","15.6%","61.5%","0.00","5.70","11.60","18.40","LV","0","100"
"111022","44137580","Adonai Mitchell","WR","NYJ","4000","7.73","1.93","0.6%","1.0%","0.4%","13.5%","61.4%","0.00","5.90","11.00","16.90","GB","0","100"
"106179","44137582","Kayshon Boutte","WR","HOU","4000","8.46","2.12","0.8%","1.8%","1.1%","15.5%","57.8%","1.40","6.70","11.70","18.40","CIN","0","100"
"208769","44137584","Cyrus Allen","WR","KC","3900","2.22","0.57","0.1%","1.0%","0.9%","1.2%","92.9%","0.00","1.00","3.10","6.50","IND","0","100"
"102335","44137586","Demarcus Robinson","WR","SF","3900","5.30","1.36","0.5%","0.5%","0.0%","8.0%","75.1%","0.00","3.30","7.70","13.60","MIA","0","100"
"101850","44137588","Kendrick Bourne","WR","ARI","3900","7.19","1.84","0.4%","1.5%","1.1%","12.2%","64.9%","0.00","5.40","10.00","16.10","SEA","0","100"
"104737","44137590","Jalen Nailor","WR","LV","3900","7.04","1.81","1.4%","0.9%","-0.5%","11.1%","64.6%","0.00","5.50","9.90","15.30","LAC","0","100"
"208563","44137592","Ja'Kobi Lane","WR","BAL","3900","0.00","0.00","0.7%","0.0%","-0.7%","0.0%","0.0%","0.00","0.00","0.00","0.00","NO","0","100"
"102652","44137594","Jerry Jeudy","WR","CLE","3900","9.01","2.31","3.5%","1.1%","-2.4%","17.0%","52.1%","1.70","7.40","12.20","18.90","TB","0","100"
"111032","44137596","Keon Coleman","WR","BUF","3900","4.98","1.28","0.4%","1.6%","1.2%","6.7%","77.6%","0.00","3.20","7.10","12.50","DET","0","100"
"100842","44137598","Jauan Jennings","WR","MIN","3800","5.57","1.47","4.5%","1.4%","-3.1%","8.8%","72.6%","0.00","3.60","8.20","13.70","CHI","0","100"
"111041","44137600","Troy Franklin","WR","DEN","3800","4.07","1.07","0.7%","1.2%","0.5%","4.6%","82.8%","0.00","2.50","5.70","10.50","JAX","0","100"
"208492","44137602","Omar Cooper Jr.","WR","NYJ","3800","0.00","0.00","0.5%","0.0%","-0.5%","0.0%","0.0%","0.00","0.00","0.00","0.00","GB","0","100"
"106256","44137604","DeMario Douglas","WR","NE","3800","9.66","2.54","0.8%","0.9%","0.1%","21.7%","49.2%","1.60","7.70","13.40","20.70","PIT","0","100"
"111465","44137606","Ryan Flournoy","WR","DAL","3800","6.80","1.79","0.7%","1.7%","1.0%","12.9%","66.1%","0.00","4.50","9.80","16.10","WAS","0","100"
"102326","44137608","Darnell Mooney","WR","NYG","3800","6.19","1.63","0.1%","1.0%","0.9%","9.4%","69.3%","0.00","4.40","8.80","14.20","LAR","0","100"
"208580","44137610","Caleb Douglas","WR","MIA","3700","13.23","3.58","1.1%","1.2%","0.1%","36.3%","29.2%","3.40","11.30","17.90","26.30","SF","0","100"
"106185","44137612","Marvin Mims Jr.","WR","DEN","3700","0.00","0.00","0.7%","0.0%","-0.7%","0.0%","0.0%","0.00","0.00","0.00","0.00","JAX","0","100"
"208676","44137614","Elijah Sarratt","WR","BAL","3700","2.94","0.79","0.8%","0.7%","-0.1%","2.2%","87.5%","0.00","1.70","4.10","8.60","NO","0","100"
"162057","44137616","Jaylin Noel","WR","HOU","3700","7.36","1.99","0.4%","1.5%","1.1%","13.7%","61.4%","0.00","5.40","10.50","16.40","CIN","0","100"
"162092","44137618","Isaac TeSlaa","WR","DET","3700","4.41","1.19","0.5%","1.7%","1.3%","5.4%","78.7%","0.00","2.60","6.50","11.60","BUF","0","100"
"102307","44137620","Kalif Raymond","WR","CHI","3600","7.34","2.04","0.8%","1.1%","0.4%","14.3%","59.7%","0.00","5.50","10.40","16.50","MIN","0","100"
"162055","44137622","Jack Bech","WR","LV","3600","6.17","1.71","0.3%","0.4%","0.1%","9.5%","67.7%","0.00","4.60","8.70","13.80","LAC","0","100"
"102887","44137624","Hollywood Brown","WR","PHI","3600","0.00","0.00","0.7%","0.0%","-0.7%","0.0%","100.0%","0.00","0.00","0.00","0.00","TEN","0","100"
"162056","44137626","Kyle Williams","WR","NE","3600","2.77","0.77","0.1%","0.5%","0.4%","2.8%","87.7%","0.00","1.50","3.90","8.10","PIT","0","100"
"100559","44137628","Joshua Palmer","WR","BUF","3600","3.14","0.87","0.3%","1.3%","1.0%","3.2%","86.2%","0.00","1.80","4.20","8.80","DET","0","100"
"208624","44137630","Chris Bell","WR","MIA","3500","6.24","1.78","0.5%","0.5%","0.0%","10.5%","64.7%","0.00","4.70","8.90","14.10","SF","0","100"
"208682","44137632","Brenen Thompson","WR","LAC","3500","2.26","0.65","0.3%","0.9%","0.6%","1.8%","90.0%","0.00","0.70","3.00","6.90","LV","0","100"
"162177","44137634","Elic Ayomanor","WR","TEN","3500","3.52","1.01","0.6%","1.0%","0.4%","3.3%","83.6%","0.00","2.20","5.00","9.20","PHI","0","100"
"208593","44137636","Zachariah Branch","WR","ATL","3500","1.87","0.53","0.3%","0.0%","-0.3%","1.0%","93.1%","0.00","0.00","2.60","5.40","CAR","0","100"
"106325","44137638","Xavier Hutchinson","WR","HOU","3500","8.97","2.56","0.5%","1.0%","0.5%","18.8%","46.9%","1.70","7.30","12.10","18.30","CIN","0","100"
"105175","44137640","Tyquan Thornton","WR","KC","3400","4.30","1.26","0.1%","0.4%","0.3%","6.3%","77.7%","0.00","2.60","6.00","11.40","IND","0","100"
"102403","44137642","Tutu Atwell","WR","LAR","3400","0.00","0.00","0.1%","0.0%","-0.1%","0.0%","100.0%","0.00","0.00","0.00","0.00","NYG","0","100"
"163645","44137644","Jahdae Walker","WR","CHI","3400","4.20","1.24","0.3%","0.4%","0.1%","5.9%","77.3%","0.00","2.40","6.10","11.20","MIN","0","100"
"111045","44137646","Devontez Walker","WR","BAL","3400","4.04","1.19","0.1%","0.7%","0.6%","5.4%","79.1%","0.00","2.30","5.70","10.80","NO","0","100"
"111070","44137648","Xavier Legette","WR","CAR","3400","4.80","1.41","0.8%","0.5%","-0.3%","7.3%","74.3%","0.00","3.10","7.00","12.20","ATL","0","100"
"104700","44137650","Jahan Dotson","WR","ATL","3400","5.26","1.55","0.2%","0.2%","0.0%","7.3%","71.2%","0.00","3.70","7.60","12.20","CAR","0","100"
"208565","44137652","Germie Bernard","WR","PIT","3400","6.95","2.04","0.2%","1.0%","0.8%","13.4%","60.1%","0.00","5.20","9.90","15.60","NE","0","100"
"162249","44137654","Keandre Lambert-Smith","WR","LAC","3300","0.00","0.00","0.1%","0.0%","-0.1%","0.0%","0.0%","0.00","0.00","0.00","0.00","LV","0","100"
"161967","44137656","Travis Hunter","WR","JAX","3300","1.69","0.51","0.8%","0.0%","-0.8%","1.1%","93.2%","0.00","0.00","2.30","5.00","DEN","0","100"
"102759","44137658","Lil'Jordan Humphrey","WR","DEN","3300","0.70","0.21","0.1%","0.0%","-0.1%","0.2%","97.2%","0.00","0.00","0.00","2.40","JAX","0","100"
"101356","44137660","Chris Moore","WR","BAL","3300","4.61","1.40","0.1%","1.3%","1.2%","6.7%","74.8%","0.00","3.10","6.60","11.60","NO","0","100"
"111546","44137662","Isaiah Williams","WR","NYJ","3300","6.55","1.98","0.1%","0.7%","0.5%","11.9%","62.2%","0.00","4.80","9.20","14.60","GB","0","100"
"162173","44137664","Jalen Royals","WR","KC","3200","0.00","0.00","0.1%","0.0%","-0.1%","0.0%","100.0%","0.00","0.00","0.00","0.00","IND","0","100"
"208842","44137666","Deion Burks","WR","IND","3200","0.00","0.00","0.1%","0.0%","-0.1%","0.0%","100.0%","0.00","0.00","0.00","0.00","KC","0","100"
"111056","44137668","Tory Horton","WR","SEA","3200","2.69","0.84","0.6%","0.9%","0.3%","2.4%","86.8%","0.00","1.60","3.90","7.60","ARI","0","100"
"208683","44137670","Bryce Lance","WR","NO","3200","3.79","1.18","0.5%","0.8%","0.4%","4.1%","79.5%","0.00","2.50","5.40","9.60","BAL","0","100"
"101544","44137672","Olamide Zaccheaus","WR","ATL","3200","5.00","1.56","1.1%","0.7%","-0.4%","8.5%","71.0%","0.00","3.30","7.20","12.40","CAR","0","100"
"111106","44137674","Roman Wilson","WR","PIT","3200","8.28","2.59","0.1%","0.9%","0.8%","19.0%","48.7%","1.30","6.50","11.50","17.80","NE","0","100"
"208574","44137676","Ted Hurst III","WR","TB","3200","6.98","2.18","0.4%","0.7%","0.3%","15.0%","58.0%","0.00","5.10","10.00","15.80","CLE","0","100"
"111542","44137678","Jordan Whittington","WR","LAR","3200","0.00","0.00","0.1%","0.0%","-0.1%","0.0%","100.0%","0.00","0.00","0.00","0.00","NYG","0","100"
"208630","44137680","Zavion Thomas","WR","CHI","3100","0.00","0.00","0.4%","0.0%","-0.4%","0.0%","100.0%","0.00","0.00","0.00","0.00","MIN","0","100"
"162256","44137682","LaJohntay Wester","WR","BAL","3100","6.89","2.22","0.0%","0.6%","0.6%","16.0%","58.2%","0.00","4.90","9.80","16.10","NO","0","100"
"162925","44137684","Efton Chism III","WR","NE","3100","0.00","0.00","0.1%","0.0%","-0.1%","0.0%","100.0%","0.00","0.00","0.00","0.00","PIT","0","100"
"105683","44137686","KaVontae Turpin","WR","DAL","3100","3.83","1.24","0.6%","0.8%","0.2%","6.4%","78.2%","0.00","2.10","5.30","10.90","WAS","0","100"
"106214","44137688","Andrei Iosivas","WR","CIN","3100","4.45","1.44","0.4%","0.6%","0.2%","6.3%","73.8%","0.00","3.10","6.40","10.90","HOU","0","100"
"104725","44137690","Calvin Austin III","WR","NYG","3000","0.00","0.00","0.0%","0.0%","0.0%","0.0%","0.0%","0.00","0.00","0.00","0.00","LAR","0","100"
"100205","44137692","Nick Westbrook-Ikhine","WR","IND","3000","0.00","0.00","0.0%","0.0%","0.0%","0.0%","0.0%","0.00","0.00","0.00","0.00","KC","0","100"
"100626","44137694","Odell Beckham Jr.","WR","NYG","3000","1.78","0.59","0.0%","0.0%","0.0%","1.4%","91.8%","0.00","0.00","2.40","5.10","LAR","0","100"
"111068","44137696","Konata Mumpfield","WR","LAR","3000","3.85","1.28","0.0%","0.7%","0.7%","5.8%","77.9%","0.00","2.20","5.40","10.50","NYG","0","100"
"162117","44137698","Tai Felton","WR","MIN","3000","0.00","0.00","0.0%","0.0%","-0.0%","0.0%","100.0%","0.00","0.00","0.00","0.00","CHI","0","100"
"162643","44137700","Myles Price","WR","MIN","3000","0.00","0.00","0.0%","0.0%","-0.0%","0.0%","100.0%","0.00","0.00","0.00","0.00","CHI","0","100"
"117354","44137702","Jeshaun Jones","WR","MIN","3000","0.00","0.00","0.0%","0.0%","0.0%","0.0%","0.0%","0.00","0.00","0.00","0.00","CHI","0","100"
"211992","44137704","Trayvon Rudolph","WR","MIN","3000","0.00","0.00","0.0%","0.0%","0.0%","0.0%","0.0%","0.00","0.00","0.00","0.00","CHI","0","100"
"208846","44137706","Dillon Bell","WR","MIN","3000","0.00","0.00","0.0%","0.0%","0.0%","0.0%","100.0%","0.00","0.00","0.00","0.00","CHI","0","100"
"209449","44137708","Michael Briscoe","WR","MIN","3000","0.00","0.00","0.0%","0.0%","0.0%","0.0%","0.0%","0.00","0.00","0.00","0.00","CHI","0","100"
"105523","44137710","Kaden Davis","WR","CHI","3000","0.00","0.00","0.0%","0.0%","0.0%","0.0%","0.0%","0.00","0.00","0.00","0.00","MIN","0","100"
"101909","44137712","Scotty Miller","WR","CHI","3000","0.00","0.00","0.0%","0.0%","0.0%","0.0%","0.0%","0.00","0.00","0.00","0.00","MIN","0","100"
"162868","44137714","JP Richardson","WR","CHI","3000","0.00","0.00","0.0%","0.0%","0.0%","0.0%","0.0%","0.00","0.00","0.00","0.00","MIN","0","100"
"111048","44137716","Jacob Cowing","WR","SF","3000","1.48","0.49","0.0%","0.0%","-0.0%","1.6%","91.7%","0.00","0.00","1.70","4.50","MIA","0","100"
"162192","44137718","Jordan Watkins","WR","SF","3000","0.00","0.00","0.0%","0.0%","-0.0%","0.0%","100.0%","0.00","0.00","0.00","0.00","MIA","0","100"
"101347","44137720","Christian Kirk","WR","SF","3000","0.00","0.00","0.0%","0.0%","0.0%","0.0%","0.0%","0.00","0.00","0.00","0.00","MIA","0","100"
"100843","44137722","Brandon Aiyuk","WR","SF","3000","0.00","0.00","0.0%","0.0%","0.0%","0.0%","0.0%","0.00","0.00","0.00","0.00","MIA","0","100"
"111049","44137724","Ricky Pearsall","WR","SF","3000","0.00","0.00","0.0%","0.0%","0.0%","0.0%","0.0%","0.00","0.00","0.00","0.00","MIA","0","100"
"208965","44137726","Will Pauling","WR","SF","3000","0.00","0.00","0.0%","0.0%","0.0%","0.0%","0.0%","0.00","0.00","0.00","0.00","MIA","0","100"
"100050","44137728","KhaDarel Hodge","WR","SF","3000","0.00","0.00","0.0%","0.0%","0.0%","0.0%","100.0%","0.00","0.00","0.00","0.00","MIA","0","100"
"208995","44137730","Wesley Grimes","WR","SF","3000","0.00","0.00","0.0%","0.0%","0.0%","0.0%","0.0%","0.00","0.00","0.00","0.00","MIA","0","100"
"104714","44137732","Jalen Tolbert","WR","MIA","3000","0.00","0.00","0.3%","0.0%","-0.3%","0.0%","100.0%","0.00","0.00","0.00","0.00","SF","0","100"
"208790","44137734","Kevin Coleman Jr.","WR","MIA","3000","1.54","0.51","0.3%","0.0%","-0.3%","0.8%","93.1%","0.00","0.00","2.20","4.50","SF","0","100"
"106498","44137736","Ryan Miller","WR","MIA","3000","0.00","0.00","0.0%","0.0%","-0.0%","0.0%","100.0%","0.00","0.00","0.00","0.00","SF","0","100"
"101014","44137738","Jalen Reagor","WR","MIA","3000","0.00","0.00","0.0%","0.0%","0.0%","0.0%","0.0%","0.00","0.00","0.00","0.00","SF","0","100"
"169058","44137740","Will Sheppard","WR","MIA","3000","0.00","0.00","0.0%","0.0%","0.0%","0.0%","0.0%","0.00","0.00","0.00","0.00","SF","0","100"
"163922","44137742","Montorie Foster Jr.","WR","SEA","3000","0.00","0.00","0.1%","0.0%","-0.1%","0.0%","100.0%","0.00","0.00","0.00","0.00","ARI","0","100"
"105558","44137744","Irv Charles","WR","SEA","3000","0.00","0.00","0.0%","0.0%","0.0%","0.0%","0.0%","0.00","0.00","0.00","0.00","ARI","0","100"
"106455","44137746","Jake Bobo","WR","SEA","3000","0.00","0.00","0.0%","0.0%","0.0%","0.0%","0.0%","0.00","0.00","0.00","0.00","ARI","0","100"
"111077","44137748","Ricky White III","WR","SEA","3000","0.00","0.00","0.0%","0.0%","0.0%","0.0%","0.0%","0.00","0.00","0.00","0.00","ARI","0","100"
"117968","44137750","Julian Hicks","WR","SEA","3000","0.00","0.00","0.0%","0.0%","0.0%","0.0%","0.0%","0.00","0.00","0.00","0.00","ARI","0","100"
"208764","44137752","Emmanuel Henderson Jr.","WR","SEA","3000","0.00","0.00","0.0%","0.0%","0.0%","0.0%","0.0%","0.00","0.00","0.00","0.00","ARI","0","100"
"106347","44137754","Jalen Brooks","WR","ARI","3000","0.28","0.09","0.0%","0.0%","-0.0%","0.1%","99.4%","0.00","0.00","0.00","1.10","SEA","0","100"
"102897","44137756","Devin Duvernay","WR","ARI","3000","0.00","0.00","0.0%","0.0%","-0.0%","0.0%","100.0%","0.00","0.00","0.00","0.00","SEA","0","100"
"101097","44137758","Simi Fehoko","WR","ARI","3000","0.00","0.00","0.0%","0.0%","-0.0%","0.0%","100.0%","0.00","0.00","0.00","0.00","SEA","0","100"
"208698","44137760","Reggie Virgil","WR","ARI","3000","0.00","0.00","0.2%","0.0%","-0.2%","0.0%","100.0%","0.00","0.00","0.00","0.00","SEA","0","100"
"208954","44137762","Harrison Wallace III","WR","ARI","3000","0.00","0.00","0.0%","0.0%","0.0%","0.0%","0.0%","0.00","0.00","0.00","0.00","SEA","0","100"
"100126","44137764","Ihmir Smith-Marsette","WR","ARI","3000","0.00","0.00","0.0%","0.0%","0.0%","0.0%","0.0%","0.00","0.00","0.00","0.00","SEA","0","100"
"106216","44137766","Derius Davis","WR","LAC","3000","0.65","0.22","0.0%","0.0%","-0.0%","0.7%","95.0%","0.00","0.00","0.00","0.00","LV","0","100"
"162554","44137768","Theo Wease Jr.","WR","LAC","3000","0.00","0.00","0.0%","0.0%","0.0%","0.0%","0.0%","0.00","0.00","0.00","0.00","LV","0","100"
"101316","44137770","Gary Jennings","WR","LAC","3000","1.45","0.48","0.0%","0.0%","0.0%","0.2%","95.1%","0.00","0.00","2.30","4.30","LV","0","100"
"208763","44137772","Malik Benson","WR","LV","3000","3.43","1.14","0.7%","0.2%","-0.5%","4.0%","80.8%","0.00","2.20","4.80","8.90","LAC","0","100"
"105294","44137774","Dareke Young","WR","LV","3000","0.50","0.17","0.0%","0.0%","-0.0%","0.1%","98.6%","0.00","0.00","0.00","2.00","LAC","0","100"
"101381","44137776","Cody White","WR","LV","3000","2.89","0.96","0.6%","0.6%","0.0%","2.8%","84.2%","0.00","1.70","4.20","7.80","LAC","0","100"
"162191","44137778","Dont'e Thornton Jr.","WR","LV","3000","0.00","0.00","0.0%","0.0%","0.0%","0.0%","0.0%","0.00","0.00","0.00","0.00","LAC","0","100"
"106277","44137780","Justin Shorter","WR","LV","3000","0.00","0.00","0.0%","0.0%","0.0%","0.0%","0.0%","0.00","0.00","0.00","0.00","LAC","0","100"
"209609","44137782","Corey Rucker","WR","LV","3000","0.00","0.00","0.0%","0.0%","0.0%","0.0%","0.0%","0.00","0.00","0.00","0.00","LAC","0","100"
"105401","44137784","Deven Thompkins","WR","LV","3000","0.00","0.00","0.0%","0.0%","0.0%","0.0%","0.0%","0.00","0.00","0.00","0.00","LAC","0","100"
"106178","44137786","Ronnie Bell","WR","LV","3000","0.00","0.00","0.0%","0.0%","0.0%","0.0%","0.0%","0.00","0.00","0.00","0.00","LAC","0","100"
"208742","44137788","Josh Cameron","WR","JAX","3000","4.72","1.57","0.1%","1.3%","1.2%","8.3%","71.5%","0.00","3.00","6.70","12.00","DEN","0","100"
"208825","44137790","CJ Williams","WR","JAX","3000","0.00","0.00","0.1%","0.0%","-0.1%","0.0%","100.0%","0.00","0.00","0.00","0.00","DEN","0","100"
"101794","44137792","Austin Trammell","WR","JAX","3000","0.00","0.00","0.0%","0.0%","0.0%","0.0%","0.0%","0.00","0.00","0.00","0.00","DEN","0","100"
"208992","44137794","Michael Wortham","WR","JAX","3000","0.00","0.00","0.0%","0.0%","0.0%","0.0%","0.0%","0.00","0.00","0.00","0.00","DEN","0","100"
"100280","44137796","Tim Jones","WR","JAX","3000","0.00","0.00","0.0%","0.0%","0.0%","0.0%","0.0%","0.00","0.00","0.00","0.00","DEN","0","100"
"208956","44137798","Trebor Peña","WR","JAX","3000","0.00","0.00","0.0%","0.0%","0.0%","0.0%","0.0%","0.00","0.00","0.00","0.00","DEN","0","100"
"104471","44137800","Michael Bandy","WR","DEN","3000","0.00","0.00","0.0%","0.0%","0.0%","0.0%","0.0%","0.00","0.00","0.00","0.00","JAX","0","100"
"211178","44137802","Kolbe Katsis","WR","DEN","3000","0.00","0.00","0.0%","0.0%","0.0%","0.0%","0.0%","0.00","0.00","0.00","0.00","JAX","0","100"
"209163","44137804","Dane Key","WR","DEN","3000","0.00","0.00","0.0%","0.0%","0.0%","0.0%","0.0%","0.00","0.00","0.00","0.00","JAX","0","100"
"162648","44137806","Xavier Guillory","WR","BAL","3000","0.00","0.00","0.0%","0.0%","0.0%","0.0%","0.0%","0.00","0.00","0.00","0.00","NO","0","100"
"208734","44137808","Barion Brown","WR","NO","3000","1.14","0.38","0.1%","0.0%","-0.1%","0.8%","96.3%","0.00","0.30","1.40","3.00","BAL","0","100"
"105467","44137810","Kevin Austin Jr.","WR","NO","3000","0.18","0.06","0.1%","0.0%","-0.1%","0.1%","99.5%","0.00","0.00","0.00","0.00","BAL","0","100"
"208459","44137812","Jordyn Tyson","WR","NO","3000","0.00","0.00","0.0%","0.0%","0.0%","0.0%","0.0%","0.00","0.00","0.00","0.00","BAL","0","100"
"117333","44137814","Mason Tipton","WR","NO","3000","0.00","0.00","0.0%","0.0%","0.0%","0.0%","0.0%","0.00","0.00","0.00","0.00","BAL","0","100"
"163953","44137816","Kyrese Rowan","WR","NO","3000","0.00","0.00","0.0%","0.0%","0.0%","0.0%","0.0%","0.00","0.00","0.00","0.00","BAL","0","100"
"106274","44137818","Trey Palmer","WR","NO","3000","0.00","0.00","0.0%","0.0%","0.0%","0.0%","0.0%","0.00","0.00","0.00","0.00","BAL","0","100"
"106413","44137820","Jalen Moreno-Cropper","WR","NO","3000","0.00","0.00","0.0%","0.0%","0.0%","0.0%","0.0%","0.00","0.00","0.00","0.00","BAL","0","100"
"106326","44137822","Cedric Tillman","WR","NO","3000","0.00","0.00","0.0%","0.0%","0.0%","0.0%","0.0%","0.00","0.00","0.00","0.00","BAL","0","100"
"101041","44137824","Elijah Moore","WR","PHI","3000","0.00","0.00","0.1%","0.0%","-0.1%","0.0%","100.0%","0.00","0.00","0.00","0.00","TEN","0","100"
"163090","44137826","Darius Cooper","WR","PHI","3000","0.46","0.15","0.0%","0.0%","-0.0%","0.1%","98.4%","0.00","0.00","0.00","1.80","TEN","0","100"
"105037","44137828","Britain Covey","WR","PHI","3000","0.00","0.00","0.0%","0.0%","-0.0%","0.0%","100.0%","0.00","0.00","0.00","0.00","TEN","0","100"
"111435","44137830","Johnny Wilson","WR","PHI","3000","0.00","0.00","0.0%","0.0%","0.0%","0.0%","0.0%","0.00","0.00","0.00","0.00","TEN","0","100"
"106499","44137832","Xavier Gipson","WR","PHI","3000","0.00","0.00","0.0%","0.0%","0.0%","0.0%","0.0%","0.00","0.00","0.00","0.00","TEN","0","100"
"162179","44137834","Chimere Dike","WR","TEN","3000","2.96","0.99","0.3%","0.9%","0.6%","3.0%","84.3%","0.00","1.80","4.20","7.90","PHI","0","100"
"162570","44137836","Xavier Restrepo","WR","TEN","3000","0.00","0.00","0.0%","0.0%","0.0%","0.0%","0.0%","0.00","0.00","0.00","0.00","PHI","0","100"
"100390","44137838","K.J. Osborn","WR","TEN","3000","0.00","0.00","0.0%","0.0%","0.0%","0.0%","0.0%","0.00","0.00","0.00","0.00","PHI","0","100"
"209438","44137840","Tyren Montgomery","WR","TEN","3000","0.00","0.00","0.0%","0.0%","0.0%","0.0%","0.0%","0.00","0.00","0.00","0.00","PHI","0","100"
"162237","44137842","Jimmy Horn Jr.","WR","CAR","3000","0.00","0.00","0.0%","0.0%","0.0%","0.0%","0.0%","0.00","0.00","0.00","0.00","ATL","0","100"
"106727","44137844","Brycen Tremayne","WR","CAR","3000","1.18","0.39","0.0%","0.0%","-0.0%","0.7%","94.7%","0.00","0.00","1.60","3.60","ATL","0","100"
"104705","44137846","John Metchie III","WR","CAR","3000","0.53","0.18","0.1%","0.0%","-0.1%","0.2%","98.5%","0.00","0.00","0.00","1.90","ATL","0","100"
"208562","44137848","Chris Brazzell II","WR","CAR","3000","0.00","0.00","0.0%","0.0%","0.0%","0.0%","0.0%","0.00","0.00","0.00","0.00","ATL","0","100"
"163653","44137850","Ja'Seem Reed","WR","CAR","3000","0.00","0.00","0.0%","0.0%","0.0%","0.0%","0.0%","0.00","0.00","0.00","0.00","ATL","0","100"
"101532","44137852","David Moore","WR","CAR","3000","0.00","0.00","0.0%","0.0%","0.0%","0.0%","0.0%","0.00","0.00","0.00","0.00","ATL","0","100"
"117247","44137854","Casey Washington","WR","CAR","3000","0.00","0.00","0.0%","0.0%","0.0%","0.0%","0.0%","0.00","0.00","0.00","0.00","ATL","0","100"
"100400","44137856","Chris Blair","WR","ATL","3000","0.73","0.24","0.0%","0.0%","-0.0%","0.4%","96.0%","0.00","0.00","0.00","2.30","CAR","0","100"
"162848","44137858","Beaux Collins","WR","ATL","3000","0.00","0.00","0.0%","0.0%","0.0%","0.0%","0.0%","0.00","0.00","0.00","0.00","CAR","0","100"
"162847","44137860","Antwane Wells Jr.","WR","ATL","3000","0.00","0.00","0.0%","0.0%","0.0%","0.0%","0.0%","0.00","0.00","0.00","0.00","CAR","0","100"
"210940","44137862","Vinny Anthony II","WR","ATL","3000","0.00","0.00","0.0%","0.0%","0.0%","0.0%","0.0%","0.00","0.00","0.00","0.00","CAR","0","100"
"106891","44137864","Dylan Drummond","WR","ATL","3000","0.00","0.00","0.0%","0.0%","0.0%","0.0%","0.0%","0.00","0.00","0.00","0.00","CAR","0","100"
"162185","44137866","Arian Smith","WR","NYJ","3000","0.39","0.13","0.0%","0.0%","-0.0%","0.2%","97.9%","0.00","0.00","0.00","0.00","GB","0","100"
"102591","44137868","Tim Patrick","WR","NYJ","3000","0.00","0.00","0.0%","0.0%","0.0%","0.0%","0.0%","0.00","0.00","0.00","0.00","GB","0","100"
"163766","44137870","Jamaal Pritchett","WR","NYJ","3000","0.00","0.00","0.0%","0.0%","0.0%","0.0%","0.0%","0.00","0.00","0.00","0.00","GB","0","100"
"211091","44137872","Malik McClain","WR","NYJ","3000","0.00","0.00","0.0%","0.0%","0.0%","0.0%","0.0%","0.00","0.00","0.00","0.00","GB","0","100"
"104708","44137874","Skyy Moore","WR","GB","3000","0.11","0.04","0.0%","0.0%","-0.0%","0.0%","99.8%","0.00","0.00","0.00","0.00","NYJ","0","100"
"209654","44137876","J. Michael Sturdivant","WR","GB","3000","0.00","0.00","0.4%","0.0%","-0.4%","0.0%","100.0%","0.00","0.00","0.00","0.00","NYJ","0","100"
"104767","44137878","Bo Melton","WR","GB","3000","0.67","0.22","0.0%","0.0%","-0.0%","0.2%","97.7%","0.00","0.00","0.00","2.40","NYJ","0","100"
"162122","44137880","Savion Williams","WR","GB","3000","0.00","0.00","0.0%","0.0%","0.0%","0.0%","0.0%","0.00","0.00","0.00","0.00","NYJ","0","100"
"162453","44137882","Isaiah Neyor","WR","GB","3000","0.00","0.00","0.0%","0.0%","0.0%","0.0%","0.0%","0.00","0.00","0.00","0.00","NYJ","0","100"
"210942","44137884","Chris Hilton Jr.","WR","GB","3000","0.00","0.00","0.0%","0.0%","0.0%","0.0%","0.0%","0.00","0.00","0.00","0.00","NYJ","0","100"
"106458","44137886","Nikko Remigio","WR","KC","3000","0.00","0.00","0.0%","0.0%","0.0%","0.0%","100.0%","0.00","0.00","0.00","0.00","IND","0","100"
"209649","44137888","Jeff Caldwell","WR","KC","3000","0.00","0.00","0.0%","0.0%","0.0%","0.0%","0.0%","0.00","0.00","0.00","0.00","IND","0","100"
"163424","44137890","Jimmy Holiday","WR","KC","3000","0.00","0.00","0.0%","0.0%","0.0%","0.0%","0.0%","0.00","0.00","0.00","0.00","IND","0","100"
"162924","44137892","Andrew Armstrong","WR","KC","3000","0.00","0.00","0.0%","0.0%","0.0%","0.0%","0.0%","0.00","0.00","0.00","0.00","IND","0","100"
"209696","44137894","Omari Evans","WR","KC","3000","0.00","0.00","0.0%","0.0%","0.0%","0.0%","0.0%","0.00","0.00","0.00","0.00","IND","0","100"
"101389","44137896","Ashton Dulin","WR","IND","3000","2.19","0.73","0.0%","0.4%","0.4%","1.4%","88.8%","0.00","1.10","3.20","6.30","KC","0","100"
"103643","44137898","Laquon Treadwell","WR","IND","3000","2.66","0.89","0.0%","0.6%","0.6%","2.6%","86.3%","0.00","1.60","3.80","7.20","KC","0","100"
"100756","44137900","D.J. Montgomery","WR","IND","3000","0.00","0.00","0.0%","0.0%","0.0%","0.0%","0.0%","0.00","0.00","0.00","0.00","KC","0","100"
"111467","44137902","Anthony Gould","WR","IND","3000","0.00","0.00","0.0%","0.0%","0.0%","0.0%","100.0%","0.00","0.00","0.00","0.00","KC","0","100"
"102380","44137904","Ben Skowronek","WR","PIT","3000","0.63","0.21","0.0%","0.0%","-0.0%","0.1%","98.4%","0.00","0.00","0.00","2.40","NE","0","100"
"208699","44137906","Kaden Wetjen","WR","PIT","3000","0.00","0.00","0.1%","0.0%","-0.1%","0.0%","100.0%","0.00","0.00","0.00","0.00","NE","0","100"
"117428","44137908","Cole Burgess","WR","PIT","3000","0.00","0.00","0.0%","0.0%","0.0%","0.0%","0.0%","0.00","0.00","0.00","0.00","NE","0","100"
"105413","44137910","Brandon Johnson","WR","PIT","3000","0.00","0.00","0.0%","0.0%","0.0%","0.0%","0.0%","0.00","0.00","0.00","0.00","NE","0","100"
"101023","44137912","Brandon Smith","WR","PIT","3000","0.00","0.00","0.0%","0.0%","0.0%","0.0%","0.0%","0.00","0.00","0.00","0.00","NE","0","100"
"163944","44137914","Max Hurleman","WR","PIT","3000","0.00","0.00","0.0%","0.0%","0.0%","0.0%","0.0%","0.00","0.00","0.00","0.00","NE","0","100"
"100136","44137916","A.J. Brown","WR","NE","3000","0.00","0.00","4.0%","0.0%","-4.0%","0.0%","0.0%","0.00","0.00","0.00","0.00","PIT","0","100"
"162941","44137918","Jeremiah Webb","WR","NE","3000","0.00","0.00","0.0%","0.0%","0.0%","0.0%","0.0%","0.00","0.00","0.00","0.00","PIT","0","100"
"209162","44137920","Cameron Dorner","WR","NE","3000","0.00","0.00","0.0%","0.0%","0.0%","0.0%","0.0%","0.00","0.00","0.00","0.00","PIT","0","100"
"209185","44137922","Kyle Dixon","WR","NE","3000","0.00","0.00","0.0%","0.0%","0.0%","0.0%","0.0%","0.00","0.00","0.00","0.00","PIT","0","100"
"162230","44137924","Tez Johnson","WR","TB","3000","1.17","0.39","0.2%","0.0%","-0.2%","1.0%","94.6%","0.00","0.00","1.40","3.40","CLE","0","100"
"117549","44137926","Kameron Johnson","WR","TB","3000","0.30","0.10","0.0%","0.0%","-0.0%","0.1%","98.9%","0.00","0.00","0.00","0.00","CLE","0","100"
"100816","44137928","David Sills V","WR","TB","3000","0.00","0.00","0.0%","0.0%","0.0%","0.0%","0.0%","0.00","0.00","0.00","0.00","CLE","0","100"
"211129","44137930","Eric Rivers Jr.","WR","TB","3000","0.00","0.00","0.0%","0.0%","0.0%","0.0%","0.0%","0.00","0.00","0.00","0.00","CLE","0","100"
"162595","44137932","Garrett Greene","WR","TB","3000","0.00","0.00","0.0%","0.0%","0.0%","0.0%","0.0%","0.00","0.00","0.00","0.00","CLE","0","100"
"211605","44137934","Dean Patterson IV","WR","TB","3000","0.00","0.00","0.0%","0.0%","0.0%","0.0%","0.0%","0.00","0.00","0.00","0.00","CLE","0","100"
"171127","44137936","Isaiah Bond","WR","CLE","3000","1.43","0.48","0.1%","0.0%","-0.1%","0.6%","93.7%","0.00","0.00","2.10","4.30","TB","0","100"
"102620","44137938","Tylan Wallace","WR","CLE","3000","0.54","0.18","0.0%","0.0%","-0.0%","0.2%","98.0%","0.00","0.00","0.00","2.10","TB","0","100"
"111046","44137940","Malachi Corley","WR","CLE","3000","0.00","0.00","0.0%","0.0%","-0.0%","0.0%","100.0%","0.00","0.00","0.00","0.00","TB","0","100"
"211088","44137942","Kole Wilson","WR","CLE","3000","0.00","0.00","0.0%","0.0%","0.0%","0.0%","0.0%","0.00","0.00","0.00","0.00","TB","0","100"
"111474","44137944","Bub Means","WR","CLE","3000","0.00","0.00","0.0%","0.0%","0.0%","0.0%","0.0%","0.00","0.00","0.00","0.00","TB","0","100"
"104690","44137946","Treylon Burks","WR","WAS","3000","0.00","0.00","0.1%","0.0%","-0.1%","0.0%","100.0%","0.00","0.00","0.00","0.00","DAL","0","100"
"101289","44137948","Dyami Brown","WR","WAS","3000","4.15","1.38","0.1%","0.6%","0.5%","6.3%","74.3%","0.00","2.50","6.10","11.10","DAL","0","100"
"111054","44137950","Luke McCaffrey","WR","WAS","3000","0.00","0.00","0.1%","0.0%","-0.1%","0.0%","100.0%","0.00","0.00","0.00","0.00","DAL","0","100"
"162178","44137952","Jaylin Lane","WR","WAS","3000","1.76","0.59","0.1%","0.0%","-0.1%","1.3%","91.9%","0.00","0.00","2.50","5.20","DAL","0","100"
"102681","44137954","Van Jefferson","WR","WAS","3000","0.00","0.00","0.0%","0.0%","0.0%","0.0%","0.0%","0.00","0.00","0.00","0.00","DAL","0","100"
"100330","44137956","River Cracraft","WR","WAS","3000","0.00","0.00","0.0%","0.0%","0.0%","0.0%","0.0%","0.00","0.00","0.00","0.00","DAL","0","100"
"210939","44137958","Jaden Bradley","WR","WAS","3000","0.00","0.00","0.0%","0.0%","0.0%","0.0%","0.0%","0.00","0.00","0.00","0.00","DAL","0","100"
"106184","44137960","Jonathan Mingo","WR","DAL","3000","0.80","0.27","0.0%","0.0%","-0.0%","0.3%","97.0%","0.00","0.00","0.00","2.70","WAS","0","100"
"209644","44137962","Camden Brown","WR","DAL","3000","0.00","0.00","0.3%","0.0%","-0.3%","0.0%","100.0%","0.00","0.00","0.00","0.00","WAS","0","100"
"209647","44137964","Jordan Hudson","WR","DAL","3000","0.00","0.00","0.0%","0.0%","0.0%","0.0%","0.0%","0.00","0.00","0.00","0.00","WAS","0","100"
"208743","44137966","Anthony Smith","WR","DAL","3000","0.00","0.00","0.0%","0.0%","0.0%","0.0%","0.0%","0.00","0.00","0.00","0.00","WAS","0","100"
"208677","44137968","Colbie Young","WR","CIN","3000","0.71","0.24","0.1%","0.0%","-0.1%","0.2%","97.4%","0.00","0.00","0.00","2.40","HOU","0","100"
"198057","44137970","Dohnte Meyers","WR","CIN","3000","1.74","0.58","0.1%","0.0%","-0.1%","0.8%","92.8%","0.00","0.40","2.50","4.80","HOU","0","100"
"162393","44137972","Ke'Shawn Williams","WR","CIN","3000","0.00","0.00","0.0%","0.0%","-0.0%","0.0%","100.0%","0.00","0.00","0.00","0.00","HOU","0","100"
"162612","44137974","Jordan Moore","WR","CIN","3000","0.00","0.00","0.0%","0.0%","0.0%","0.0%","0.0%","0.00","0.00","0.00","0.00","HOU","0","100"
"211051","44137976","Noah Thomas","WR","CIN","3000","0.00","0.00","0.0%","0.0%","0.0%","0.0%","0.0%","0.00","0.00","0.00","0.00","HOU","0","100"
"106596","44137978","Jared Wayne","WR","HOU","3000","3.14","1.05","0.1%","0.7%","0.6%","3.5%","82.6%","0.00","1.90","4.50","8.60","CIN","0","100"
"106252","44137980","Tank Dell","WR","HOU","3000","0.00","0.00","0.0%","0.0%","0.0%","0.0%","0.0%","0.00","0.00","0.00","0.00","CIN","0","100"
"162091","44137982","Jayden Higgins","WR","HOU","3000","0.00","0.00","0.0%","0.0%","0.0%","0.0%","0.0%","0.00","0.00","0.00","0.00","CIN","0","100"
"162844","44137984","Josh Kelly","WR","HOU","3000","0.00","0.00","0.0%","0.0%","0.0%","0.0%","0.0%","0.00","0.00","0.00","0.00","CIN","0","100"
"106457","44137986","Mitch Tinsley","WR","HOU","3000","0.00","0.00","0.0%","0.0%","0.0%","0.0%","0.0%","0.00","0.00","0.00","0.00","CIN","0","100"
"208741","44137988","Lewis Bond","WR","HOU","3000","0.00","0.00","0.0%","0.0%","0.0%","0.0%","100.0%","0.00","0.00","0.00","0.00","CIN","0","100"
"209179","44137990","Daniel Sobkowicz","WR","HOU","3000","0.00","0.00","0.0%","0.0%","0.0%","0.0%","0.0%","0.00","0.00","0.00","0.00","CIN","0","100"
"162615","44137992","Dalen Cambre","WR","NYG","3000","0.00","0.00","0.0%","0.0%","0.0%","0.0%","0.0%","0.00","0.00","0.00","0.00","LAR","0","100"
"100361","44137994","Braxton Berrios","WR","NYG","3000","0.00","0.00","0.0%","0.0%","0.0%","0.0%","0.0%","0.00","0.00","0.00","0.00","LAR","0","100"
"102166","44137996","Gunner Olszewski","WR","NYG","3000","0.00","0.00","0.0%","0.0%","0.0%","0.0%","0.0%","0.00","0.00","0.00","0.00","LAR","0","100"
"106220","44137998","Jalin Hyatt","WR","NYG","3000","0.00","0.00","0.0%","0.0%","0.0%","0.0%","0.0%","0.00","0.00","0.00","0.00","LAR","0","100"
"106217","44138000","Charlie Jones","WR","NYG","3000","0.00","0.00","0.0%","0.0%","0.0%","0.0%","0.0%","0.00","0.00","0.00","0.00","LAR","0","100"
"106758","44138002","Xavier Smith","WR","LAR","3000","3.95","1.32","0.0%","0.7%","0.7%","7.0%","76.6%","0.00","2.10","5.60","11.20","NYG","0","100"
"208748","44138004","CJ Daniels","WR","LAR","3000","0.00","0.00","0.0%","0.0%","0.0%","0.0%","100.0%","0.00","0.00","0.00","0.00","NYG","0","100"
"162664","44138006","Brennan Presley","WR","LAR","3000","0.00","0.00","0.0%","0.0%","0.0%","0.0%","0.0%","0.00","0.00","0.00","0.00","NYG","0","100"
"100868","44138008","Alex Bachman","WR","LAR","3000","0.00","0.00","0.0%","0.0%","0.0%","0.0%","0.0%","0.00","0.00","0.00","0.00","NYG","0","100"
"102441","44138010","Tom Kennedy","WR","DET","3000","0.51","0.17","0.0%","0.0%","0.0%","0.1%","98.0%","0.00","0.00","0.00","1.90","BUF","0","100"
"105324","44138012","Tay Martin","WR","DET","3000","0.46","0.15","0.0%","0.0%","0.0%","0.0%","98.7%","0.00","0.00","0.00","1.90","BUF","0","100"
"208768","44138014","Kendrick Law","WR","DET","3000","0.00","0.00","0.0%","0.0%","0.0%","0.0%","0.0%","0.00","0.00","0.00","0.00","BUF","0","100"
"106914","44138016","Lucky Jackson","WR","DET","3000","0.00","0.00","0.0%","0.0%","0.0%","0.0%","0.0%","0.00","0.00","0.00","0.00","BUF","0","100"
"162324","44138018","Dominic Lovett","WR","DET","3000","0.00","0.00","0.0%","0.0%","0.0%","0.0%","0.0%","0.00","0.00","0.00","0.00","BUF","0","100"
"101484","44138020","Greg Dortch","WR","BUF","3000","0.00","0.00","0.0%","0.0%","0.0%","0.0%","100.0%","0.00","0.00","0.00","0.00","DET","0","100"
"208681","44138022","Skyler Bell","WR","BUF","3000","0.00","0.00","0.0%","0.0%","0.0%","0.0%","100.0%","0.00","0.00","0.00","0.00","DET","0","100"
"106511","44138024","Tyrell Shavers","WR","BUF","3000","0.00","0.00","0.0%","0.0%","0.0%","0.0%","0.0%","0.00","0.00","0.00","0.00","DET","0","100"
"100380","44138026","Trent Sherfield","WR","BUF","3000","0.00","0.00","0.0%","0.0%","0.0%","0.0%","0.0%","0.00","0.00","0.00","0.00","DET","0","100"
"162867","44138028","Stephen Gosnell","WR","BUF","3000","0.00","0.00","0.0%","0.0%","0.0%","0.0%","0.0%","0.00","0.00","0.00","0.00","DET","0","100"
"211137","44138030","Ja'Mori Maclin","WR","BUF","3000","0.00","0.00","0.0%","0.0%","0.0%","0.0%","0.0%","0.00","0.00","0.00","0.00","DET","0","100"
"104702","44138032","Trey McBride","TE","ARI","6900","15.93","2.31","7.8%","10.3%","2.5%","27.1%","51.0%","4.30","13.50","21.90","31.50","SEA","0","100"
"111011","44138034","Brock Bowers","TE","LV","6600","0.00","0.00","0.0%","0.0%","0.0%","0.0%","0.0%","0.00","0.00","0.00","0.00","LAC","0","100"
"161951","44138036","Tyler Warren","TE","IND","5200","11.89","2.29","6.8%","5.4%","-1.4%","20.9%","51.5%","2.40","10.00","15.80","24.30","KC","0","100"
"161950","44138038","Colston Loveland","TE","CHI","5000","9.92","1.98","5.6%","4.8%","-0.8%","17.5%","60.6%","1.60","7.70","14.00","21.50","MIN","0","100"
"106213","44138040","Tucker Kraft","TE","GB","4900","11.32","2.31","7.0%","5.3%","-1.7%","21.3%","52.9%","1.90","9.20","15.20","24.00","NYJ","0","100"
"100749","44138042","Dallas Goedert","TE","PHI","4800","11.49","2.39","5.7%","5.1%","-0.6%","22.5%","50.7%","2.00","9.40","15.80","23.90","TEN","0","100"
"106158","44138044","Dalton Kincaid","TE","BUF","4700","10.83","2.30","8.1%","9.7%","1.6%","21.9%","54.2%","1.80","8.50","15.20","23.10","DET","0","100"
"100228","44138046","George Kittle","TE","SF","4600","10.90","2.37","7.3%","4.4%","-2.9%","22.8%","53.3%","1.60","8.40","15.30","24.10","MIA","0","100"
"104762","44138048","Isaiah Likely","TE","NYG","4500","11.57","2.57","1.0%","3.6%","2.6%","23.9%","46.6%","2.30","9.60","15.60","23.60","LAR","0","100"
"101682","44138050","Kyle Pitts Sr.","TE","ATL","4500","10.93","2.43","5.9%","2.0%","-3.9%","21.5%","51.2%","2.20","8.70","14.80","22.70","CAR","0","100"
"102867","44138052","Mark Andrews","TE","BAL","4400","10.96","2.49","4.0%","2.4%","-1.6%","25.1%","51.5%","1.50","8.40","15.80","23.70","NO","0","100"
"106182","44138054","Sam LaPorta","TE","DET","4300","11.16","2.60","8.9%","4.7%","-4.2%","24.4%","47.0%","2.00","9.20","15.30","23.10","BUF","0","100"
"101981","44138056","Travis Kelce","TE","KC","4200","10.23","2.44","0.6%","2.0%","1.4%","20.7%","50.5%","1.90","8.30","13.90","20.90","IND","0","100"
"162054","44138058","Harold Fannin Jr.","TE","CLE","4100","8.80","2.15","4.9%","2.4%","-2.5%","15.4%","56.4%","1.70","7.10","12.00","18.00","TB","0","100"
"101719","44138060","Hunter Henry","TE","NE","4000","8.50","2.13","3.1%","2.6%","-0.5%","15.4%","57.4%","1.50","6.70","11.80","17.90","PIT","0","100"
"106279","44138062","Brenton Strange","TE","JAX","3900","9.11","2.34","1.4%","2.3%","0.9%","18.0%","51.8%","1.70","7.40","12.60","18.70","DEN","0","100"
"102801","44138064","Juwan Johnson","TE","NO","3900","10.07","2.58","2.8%","1.9%","-0.9%","21.3%","46.7%","2.00","8.30","13.50","20.70","BAL","0","100"
"208461","44138066","Kenyon Sadiq","TE","NYJ","3800","6.08","1.60","0.6%","1.9%","1.3%","8.4%","69.5%","0.40","4.60","8.80","13.70","GB","0","100"
"104764","44138068","Jake Ferguson","TE","DAL","3800","9.31","2.45","4.1%","3.3%","-0.8%","21.2%","52.0%","1.40","7.10","13.20","20.00","WAS","0","100"
"101430","44138070","Pat Freiermuth","TE","PIT","3700","8.52","2.30","1.4%","1.3%","-0.1%","17.3%","53.3%","1.50","6.80","11.80","17.70","NE","0","100"
"105185","44138072","Chig Okonkwo","TE","WAS","3700","0.00","0.00","1.6%","0.0%","-1.6%","0.0%","0.0%","0.00","0.00","0.00","0.00","DAL","0","100"
"106181","44138074","Michael Mayer","TE","LV","3600","12.25","3.40","1.5%","1.0%","-0.5%","32.7%","33.6%","2.90","10.20","16.60","24.80","LAC","0","100"
"102534","44138076","Mike Gesicki","TE","CIN","3600","6.80","1.89","0.8%","2.8%","2.0%","10.7%","62.9%","0.80","5.20","9.60","14.60","HOU","0","100"
"102397","44138078","T.J. Hockenson","TE","MIN","3500","9.46","2.70","2.7%","1.8%","-0.9%","21.9%","46.6%","1.70","7.50","13.00","19.70","CHI","0","100"
"162224","44138080","Oronde Gadsden","TE","LAC","3500","4.14","1.18","2.5%","1.4%","-1.1%","5.2%","79.3%","0.00","2.50","5.80","10.80","LV","0","100"
"102612","44138082","Noah Fant","TE","NO","3400","5.97","1.76","0.9%","1.6%","0.7%","9.9%","67.3%","0.00","4.20","8.30","13.70","BAL","0","100"
"104754","44138084","Cade Otton","TE","TB","3400","7.73","2.27","1.8%","0.7%","-1.1%","17.0%","56.7%","1.00","5.70","11.10","17.10","CLE","0","100"
"111425","44138086","AJ Barner","TE","SEA","3300","6.61","2.00","2.7%","1.9%","-0.8%","13.0%","61.1%","0.00","4.80","9.40","14.80","ARI","0","100"
"101440","44138088","Evan Engram","TE","DEN","3300","8.36","2.53","1.5%","1.3%","-0.2%","18.1%","49.3%","1.50","6.70","11.60","17.40","JAX","0","100"
"104738","44138090","Greg Dulcich","TE","MIA","3200","7.82","2.44","0.4%","0.4%","0.0%","16.6%","49.9%","1.40","6.40","10.80","16.00","SF","0","100"
"100500","44138092","Dalton Schultz","TE","HOU","3200","11.99","3.75","3.6%","2.0%","-1.6%","35.8%","34.8%","1.80","9.50","16.90","25.60","CIN","0","100"
"102551","44138094","Noah Gray","TE","KC","3200","4.88","1.52","0.1%","0.7%","0.6%","8.6%","73.1%","0.00","3.10","6.90","12.60","IND","0","100"
"100819","44138096","Colby Parkinson","TE","LAR","3100","6.41","2.07","0.1%","2.2%","2.1%","13.4%","60.5%","0.00","4.60","9.10","14.80","NYG","0","100"
"162176","44138098","Gunnar Helm","TE","TEN","3100","4.99","1.61","0.4%","0.6%","0.2%","6.6%","69.9%","0.00","3.80","7.00","11.30","PHI","0","100"
"101754","44138100","Darren Waller","TE","CAR","3100","5.52","1.78","1.5%","1.2%","-0.3%","10.3%","66.6%","0.00","3.70","8.10","13.30","ATL","0","100"
"102323","44138102","Cole Kmet","TE","CHI","3000","4.46","1.49","1.4%","2.0%","0.6%","7.1%","73.0%","0.00","2.70","6.40","11.50","MIN","0","100"
"100564","44138104","David Njoku","TE","LAC","3000","6.77","2.26","2.8%","0.6%","-2.2%","15.2%","57.2%","0.00","5.00","9.80","15.20","LV","0","100"
"208626","44138106","Eli Raridon","TE","NE","3000","3.09","1.03","0.1%","1.0%","0.9%","3.8%","83.4%","0.00","1.80","4.10","8.80","PIT","0","100"
"102708","44138108","Tyler Higbee","TE","LAR","2900","1.43","0.49","0.0%","0.0%","-0.0%","1.4%","92.2%","0.00","0.00","1.70","4.30","NYG","0","100"
"101800","44138110","Jonnu Smith","TE","GB","2900","4.75","1.64","3.5%","1.0%","-2.5%","8.5%","70.7%","0.00","3.20","6.80","11.90","NYJ","0","100"
"106180","44138112","Darnell Washington","TE","PIT","2900","5.29","1.82","0.2%","1.0%","0.8%","9.4%","65.1%","0.00","3.70","7.60","12.40","NE","0","100"
"111052","44138114","Ben Sinnott","TE","WAS","2900","6.57","2.27","0.0%","1.2%","1.2%","15.0%","57.0%","0.00","4.70","9.50","15.00","DAL","0","100"
"102805","44138116","Adam Trautman","TE","DEN","2800","2.43","0.87","0.0%","1.6%","1.6%","2.4%","87.0%","0.00","1.50","3.40","6.90","JAX","0","100"
"162061","44138118","Mason Taylor","TE","NYJ","2800","4.99","1.78","1.2%","1.5%","0.3%","8.2%","66.1%","0.00","3.60","7.10","11.50","GB","0","100"
"111475","44138120","Brevyn Spann-Ford","TE","DAL","2800","1.26","0.45","0.0%","0.0%","-0.0%","1.1%","94.1%","0.00","0.00","1.70","3.60","WAS","0","100"
"102546","44138122","Brock Wright","TE","DET","2800","2.14","0.76","0.1%","1.5%","1.4%","1.9%","88.7%","0.00","1.20","2.90","6.10","BUF","0","100"
"101637","44138124","Dawson Knox","TE","BUF","2700","3.26","1.21","0.1%","1.3%","1.2%","5.5%","79.8%","0.00","1.70","4.40","9.50","DET","0","100"
"104757","44138126","Charlie Kolar","TE","LAC","2700","5.95","2.20","0.0%","1.7%","1.7%","13.6%","59.9%","0.00","3.90","8.70","14.30","LV","0","100"
"101288","44138128","John Bates","TE","WAS","2700","4.08","1.51","0.0%","1.3%","1.3%","7.2%","73.2%","0.00","2.50","5.70","10.60","DAL","0","100"
"101985","44138130","Foster Moreau","TE","HOU","2700","3.77","1.40","0.1%","1.7%","1.6%","5.8%","76.1%","0.00","2.30","5.10","10.00","CIN","0","100"
"162062","44138132","Terrance Ferguson","TE","LAR","2700","6.33","2.34","0.0%","1.0%","1.0%","15.9%","57.9%","0.00","4.20","9.30","15.30","NYG","0","100"
"111426","44138134","Theo Johnson","TE","NYG","2600","5.33","2.05","0.0%","1.6%","1.6%","10.9%","62.5%","0.00","3.70","7.50","12.70","LAR","0","100"
"105327","44138136","Jake Tonges","TE","SF","2600","0.00","0.00","0.1%","0.0%","-0.1%","0.0%","0.0%","0.00","0.00","0.00","0.00","MIA","0","100"
"104780","44138138","Daniel Bellinger","TE","TEN","2600","2.87","1.10","0.0%","1.1%","1.1%","3.7%","81.2%","0.00","1.60","4.00","8.30","PHI","0","100"
"102060","44138140","Tommy Tremble","TE","CAR","2600","4.73","1.82","0.2%","1.3%","1.1%","10.0%","67.2%","0.00","3.10","6.80","12.10","ATL","0","100"
"100145","44138142","Drew Sample","TE","CIN","2600","4.89","1.88","0.0%","2.0%","2.0%","9.3%","64.2%","0.00","3.40","7.10","11.80","HOU","0","100"
"208566","44138144","Max Klare","TE","LAR","2500","0.00","0.00","0.0%","0.0%","0.0%","0.0%","100.0%","0.00","0.00","0.00","0.00","NYG","0","100"
"102884","44138146","Josh Oliver","TE","MIN","2500","3.56","1.42","0.1%","1.4%","1.3%","6.4%","74.9%","0.00","2.10","5.00","9.70","CHI","0","100"
"162259","44138148","Gavin Bartholomew","TE","MIN","2500","0.00","0.00","0.1%","0.0%","-0.1%","0.0%","100.0%","0.00","0.00","0.00","0.00","CHI","0","100"
"162341","44138150","Ben Yurosek","TE","MIN","2500","0.00","0.00","0.0%","0.0%","0.0%","0.0%","0.0%","0.00","0.00","0.00","0.00","CHI","0","100"
"117437","44138152","Cam Grandy","TE","MIN","2500","0.00","0.00","0.0%","0.0%","0.0%","0.0%","0.0%","0.00","0.00","0.00","0.00","CHI","0","100"
"100795","44138154","Andrew DePaola","TE","MIN","2500","0.00","0.00","0.0%","0.0%","0.0%","0.0%","0.0%","0.00","0.00","0.00","0.00","CHI","0","100"
"208596","44138156","Sam Roush","TE","CHI","2500","1.41","0.56","0.1%","0.0%","-0.1%","1.3%","92.4%","0.00","0.00","1.90","4.10","MIN","0","100"
"104560","44138158","Nikola Kalinic","TE","CHI","2500","0.00","0.00","0.0%","0.0%","0.0%","0.0%","0.0%","0.00","0.00","0.00","0.00","MIN","0","100"
"211062","44138160","Hayden Large","TE","CHI","2500","0.00","0.00","0.0%","0.0%","0.0%","0.0%","0.0%","0.00","0.00","0.00","0.00","MIN","0","100"
"119016","44138162","Qadir Ismail","TE","CHI","2500","0.00","0.00","0.0%","0.0%","0.0%","0.0%","0.0%","0.00","0.00","0.00","0.00","MIN","0","100"
"100092","44138164","Stephen Carlson","TE","CHI","2500","0.00","0.00","0.0%","0.0%","0.0%","0.0%","0.0%","0.00","0.00","0.00","0.00","MIN","0","100"
"101119","44138166","Luke Farrell","TE","SF","2500","2.50","1.00","0.0%","1.5%","1.5%","4.7%","84.4%","0.00","1.00","2.90","9.00","MIA","0","100"
"208961","44138168","Khalil Dinkins","TE","SF","2500","0.00","0.00","0.0%","0.0%","0.0%","0.0%","0.0%","0.00","0.00","0.00","0.00","MIA","0","100"
"106231","44138170","Brayden Willis","TE","SF","2500","0.00","0.00","0.0%","0.0%","0.0%","0.0%","100.0%","0.00","0.00","0.00","0.00","MIA","0","100"
"208631","44138172","Will Kacmarek","TE","MIA","2500","2.43","0.97","0.1%","1.2%","1.1%","1.9%","83.9%","0.00","1.60","3.60","6.60","SF","0","100"
"208766","44138174","Seydou Traore","TE","MIA","2500","0.00","0.00","0.1%","0.0%","-0.1%","0.0%","100.0%","0.00","0.00","0.00","0.00","SF","0","100"
"208746","44138176","Justin Joly","TE","MIA","2500","0.00","0.00","0.1%","0.0%","-0.1%","0.0%","100.0%","0.00","0.00","0.00","0.00","SF","0","100"
"104777","44138178","Cole Turner","TE","MIA","2500","0.00","0.00","0.0%","0.0%","0.0%","0.0%","0.0%","0.00","0.00","0.00","0.00","SF","0","100"
"162942","44138180","Tre Watson","TE","MIA","2500","0.00","0.00","0.0%","0.0%","0.0%","0.0%","0.0%","0.00","0.00","0.00","0.00","SF","0","100"
"102588","44138182","Eric Saubert","TE","SEA","2500","0.60","0.24","0.0%","0.0%","-0.0%","0.2%","97.6%","0.00","0.00","0.00","2.10","ARI","0","100"
"162077","44138184","Elijah Arroyo","TE","SEA","2500","2.57","1.03","0.1%","1.4%","1.3%","3.1%","83.3%","0.00","1.50","3.50","7.10","ARI","0","100"
"162596","44138186","Nick Kallerup","TE","SEA","2500","0.00","0.00","0.0%","0.0%","0.0%","0.0%","100.0%","0.00","0.00","0.00","0.00","ARI","0","100"
"106369","44138188","Elijah Higgins","TE","ARI","2500","1.24","0.50","0.1%","0.0%","-0.1%","0.7%","93.6%","0.00","0.00","1.80","3.80","SEA","0","100"
"101958","44138190","Hunter Long","TE","ARI","2500","1.30","0.52","0.0%","0.0%","0.0%","0.8%","93.9%","0.00","0.00","1.80","3.60","SEA","0","100"
"111482","44138192","Tip Reiman","TE","ARI","2500","0.00","0.00","0.0%","0.0%","0.0%","0.0%","0.0%","0.00","0.00","0.00","0.00","SEA","0","100"
"209137","44138194","Jameson Geers","TE","ARI","2500","0.00","0.00","0.0%","0.0%","0.0%","0.0%","0.0%","0.00","0.00","0.00","0.00","SEA","0","100"
"117562","44138196","Shawn Bowman","TE","ARI","2500","0.00","0.00","0.0%","0.0%","0.0%","0.0%","0.0%","0.00","0.00","0.00","0.00","SEA","0","100"
"105077","44138198","Teagan Quitoriano","TE","ARI","2500","0.00","0.00","0.0%","0.0%","0.0%","0.0%","0.0%","0.00","0.00","0.00","0.00","SEA","0","100"
"208892","44138200","Evan Svoboda","TE","LAC","2500","0.00","0.00","0.0%","0.0%","0.0%","0.0%","0.0%","0.00","0.00","0.00","0.00","LV","0","100"
"162471","44138202","Patrick Herbert","TE","LAC","2500","0.00","0.00","0.0%","0.0%","0.0%","0.0%","0.0%","0.00","0.00","0.00","0.00","LV","0","100"
"101583","44138204","Ian Thomas","TE","LV","2500","0.60","0.24","0.0%","0.0%","-0.0%","0.3%","97.3%","0.00","0.00","0.00","2.00","LAC","0","100"
"101759","44138206","Chris Myarick","TE","LV","2500","0.44","0.18","0.0%","0.0%","0.0%","0.0%","99.0%","0.00","0.00","0.00","1.90","LAC","0","100"
"162933","44138208","Carter Runyon","TE","LV","2500","0.00","0.00","0.0%","0.0%","0.0%","0.0%","0.0%","0.00","0.00","0.00","0.00","LAC","0","100"
"210000","44138210","Patrick Gurd","TE","LV","2500","0.00","0.00","0.0%","0.0%","0.0%","0.0%","0.0%","0.00","0.00","0.00","0.00","LAC","0","100"
"208597","44138212","Nate Boerkircher","TE","JAX","2500","2.43","0.97","0.0%","1.4%","1.4%","2.9%","84.7%","0.00","1.40","3.30","7.10","DEN","0","100"
"101823","44138214","Quintin Morris","TE","JAX","2500","1.30","0.52","0.0%","0.0%","0.0%","0.8%","93.4%","0.00","0.00","1.90","3.90","DEN","0","100"
"208740","44138216","Tanner Koziol","TE","JAX","2500","0.00","0.00","0.1%","0.0%","-0.1%","0.0%","100.0%","0.00","0.00","0.00","0.00","DEN","0","100"
"117453","44138218","Hayden Rucci","TE","JAX","2500","0.00","0.00","0.0%","0.0%","0.0%","0.0%","0.0%","0.00","0.00","0.00","0.00","DEN","0","100"
"106683","44138220","Nate Adkins","TE","DEN","2500","0.91","0.36","0.0%","0.0%","-0.0%","0.4%","96.2%","0.00","0.00","1.50","2.90","JAX","0","100"
"208851","44138222","Dallen Bentley","TE","DEN","2500","0.00","0.00","0.1%","0.0%","-0.1%","0.0%","100.0%","0.00","0.00","0.00","0.00","JAX","0","100"
"162346","44138224","Caleb Lohner","TE","DEN","2500","0.00","0.00","0.0%","0.0%","0.0%","0.0%","0.0%","0.00","0.00","0.00","0.00","JAX","0","100"
"104474","44138226","Mitchell Fraboni","TE","DEN","2500","0.00","0.00","0.0%","0.0%","0.0%","0.0%","0.0%","0.00","0.00","0.00","0.00","JAX","0","100"
"105316","44138228","Lucas Krull","TE","DEN","2500","0.00","0.00","0.0%","0.0%","0.0%","0.0%","0.0%","0.00","0.00","0.00","0.00","JAX","0","100"
"102554","44138230","Durham Smythe","TE","BAL","2500","4.47","1.79","0.0%","1.6%","1.6%","9.7%","67.8%","0.00","2.80","6.40","11.70","NO","0","100"
"208702","44138232","Matt Hibner","TE","BAL","2500","2.71","1.08","0.1%","0.9%","0.8%","4.5%","82.5%","0.00","1.50","3.60","7.60","NO","0","100"
"208791","44138234","Josh Cuevas","TE","BAL","2500","0.43","0.17","0.1%","0.0%","-0.1%","0.3%","98.2%","0.00","0.00","0.00","1.60","NO","0","100"
"102686","44138236","Nick Vannett","TE","BAL","2500","0.00","0.00","0.0%","0.0%","0.0%","0.0%","0.0%","0.00","0.00","0.00","0.00","NO","0","100"
"209893","44138238","Ty Pezza","TE","BAL","2500","0.00","0.00","0.0%","0.0%","0.0%","0.0%","0.0%","0.00","0.00","0.00","0.00","NO","0","100"
"208561","44138240","Oscar Delp","TE","NO","2500","0.00","0.00","0.0%","0.0%","0.0%","0.0%","0.0%","0.00","0.00","0.00","0.00","BAL","0","100"
"117533","44138242","Treyton Welch","TE","NO","2500","0.58","0.23","0.0%","0.0%","0.0%","0.3%","97.3%","0.00","0.00","0.00","2.00","BAL","0","100"
"162327","44138244","Moliki Matavao","TE","NO","2500","0.00","0.00","0.0%","0.0%","0.0%","0.0%","0.0%","0.00","0.00","0.00","0.00","BAL","0","100"
"105311","44138246","Stone Smartt","TE","NO","2500","0.00","0.00","0.0%","0.0%","0.0%","0.0%","0.0%","0.00","0.00","0.00","0.00","BAL","0","100"
"102699","44138248","Zach Wood","TE","NO","2500","0.00","0.00","0.0%","0.0%","0.0%","0.0%","0.0%","0.00","0.00","0.00","0.00","BAL","0","100"
"102694","44138250","Johnny Mundt","TE","PHI","2500","1.21","0.48","0.0%","0.0%","-0.0%","0.9%","93.8%","0.00","0.00","1.80","3.70","TEN","0","100"
"106809","44138252","E.J. Jenkins","TE","PHI","2500","0.00","0.00","0.0%","0.0%","0.0%","0.0%","100.0%","0.00","0.00","0.00","0.00","TEN","0","100"
"104789","44138254","Grant Calcaterra","TE","PHI","2500","0.00","0.00","0.0%","0.0%","0.0%","0.0%","0.0%","0.00","0.00","0.00","0.00","TEN","0","100"
"208567","44138256","Eli Stowers","TE","PHI","2500","0.00","0.00","0.0%","0.0%","0.0%","0.0%","0.0%","0.00","0.00","0.00","0.00","TEN","0","100"
"209690","44138258","Rocco Underwood","TE","PHI","2500","0.00","0.00","0.0%","0.0%","0.0%","0.0%","0.0%","0.00","0.00","0.00","0.00","TEN","0","100"
"101581","44138260","Kylen Granson","TE","TEN","2500","0.00","0.00","0.0%","0.0%","0.0%","0.0%","100.0%","0.00","0.00","0.00","0.00","PHI","0","100"
"117554","44138262","David Martin-Robinson","TE","TEN","2500","0.00","0.00","0.0%","0.0%","0.0%","0.0%","100.0%","0.00","0.00","0.00","0.00","PHI","0","100"
"208738","44138264","Jaren Kanak","TE","TEN","2500","0.00","0.00","0.0%","0.0%","0.0%","0.0%","0.0%","0.00","0.00","0.00","0.00","PHI","0","100"
"106539","44138266","Joel Wilson","TE","TEN","2500","0.00","0.00","0.0%","0.0%","0.0%","0.0%","0.0%","0.00","0.00","0.00","0.00","PHI","0","100"
"162223","44138268","Mitchell Evans","TE","CAR","2500","3.21","1.28","0.0%","0.9%","0.9%","4.9%","78.5%","0.00","1.90","4.40","8.60","ATL","0","100"
"101681","44138270","Feleipe Franks","TE","CAR","2500","0.35","0.14","0.0%","0.0%","0.0%","0.7%","97.2%","0.00","0.00","0.00","0.00","ATL","0","100"
"111015","44138272","Ja'Tavion Sanders","TE","CAR","2500","0.00","0.00","0.2%","0.0%","-0.2%","0.0%","100.0%","0.00","0.00","0.00","0.00","ATL","0","100"
"101045","44138274","Charlie Woerner","TE","ATL","2500","1.07","0.43","0.0%","0.0%","0.0%","0.6%","95.5%","0.00","0.00","1.70","3.20","CAR","0","100"
"100474","44138276","Austin Hooper","TE","ATL","2500","0.61","0.24","0.2%","0.0%","-0.2%","0.2%","97.4%","0.00","0.00","0.00","2.10","CAR","0","100"
"104782","44138278","Nick Muse","TE","ATL","2500","0.00","0.00","0.0%","0.0%","-0.0%","0.0%","100.0%","0.00","0.00","0.00","0.00","CAR","0","100"
"209167","44138280","Jack Velling","TE","ATL","2500","0.00","0.00","0.0%","0.0%","0.0%","0.0%","0.0%","0.00","0.00","0.00","0.00","CAR","0","100"
"104734","44138282","Jeremy Ruckert","TE","NYJ","2500","2.10","0.84","0.1%","0.8%","0.8%","1.8%","87.4%","0.00","1.30","2.90","5.80","GB","0","100"
"104773","44138284","Jelani Woods","TE","NYJ","2500","0.94","0.38","0.0%","0.0%","0.0%","0.8%","95.2%","0.00","0.00","1.30","2.80","GB","0","100"
"106339","44138286","Josh Whyle","TE","GB","2500","0.26","0.10","0.0%","0.0%","-0.0%","0.0%","99.3%","0.00","0.00","0.00","1.00","NYJ","0","100"
"162680","44138288","Mark Redman","TE","GB","2500","0.29","0.12","0.1%","0.0%","-0.1%","0.1%","98.9%","0.00","0.00","0.00","1.10","NYJ","0","100"
"106232","44138290","Luke Musgrave","TE","GB","2500","0.00","0.00","0.0%","0.0%","0.0%","0.0%","0.0%","0.00","0.00","0.00","0.00","NYJ","0","100"
"117320","44138292","Thomas Yassmin","TE","GB","2500","0.00","0.00","0.0%","0.0%","0.0%","0.0%","0.0%","0.00","0.00","0.00","0.00","NYJ","0","100"
"111069","44138294","Drake Dabney","TE","GB","2500","0.00","0.00","0.0%","0.0%","0.0%","0.0%","0.0%","0.00","0.00","0.00","0.00","NYJ","0","100"
"111453","44138296","Jared Wiley","TE","KC","2500","0.00","0.00","0.0%","0.0%","0.0%","0.0%","100.0%","0.00","0.00","0.00","0.00","IND","0","100"
"162571","44138298","Jake Briningstool","TE","KC","2500","1.02","0.41","0.0%","0.0%","0.0%","0.5%","95.3%","0.00","0.00","1.60","3.10","IND","0","100"
"209648","44138300","John Michael Gyllenborg","TE","KC","2500","0.00","0.00","0.0%","0.0%","0.0%","0.0%","0.0%","0.00","0.00","0.00","0.00","IND","0","100"
"105507","44138302","Thomas Odukoya","TE","KC","2500","0.00","0.00","0.0%","0.0%","0.0%","0.0%","0.0%","0.00","0.00","0.00","0.00","IND","0","100"
"101989","44138304","James Winchester","TE","KC","2500","0.00","0.00","0.0%","0.0%","0.0%","0.0%","0.0%","0.00","0.00","0.00","0.00","IND","0","100"
"101095","44138306","Mo Alie-Cox","TE","IND","2500","1.81","0.72","0.0%","0.0%","0.0%","1.6%","89.2%","0.00","0.00","2.50","5.20","KC","0","100"
"105279","44138308","Drew Ogletree","TE","IND","2500","0.79","0.32","0.0%","0.0%","0.0%","0.6%","95.6%","0.00","0.00","0.00","2.40","KC","0","100"
"106183","44138310","Will Mallory","TE","IND","2500","0.00","0.00","0.0%","0.0%","0.0%","0.0%","0.0%","0.00","0.00","0.00","0.00","KC","0","100"
"205716","44138312","Carson Towt","TE","IND","2500","0.00","0.00","0.0%","0.0%","0.0%","0.0%","0.0%","0.00","0.00","0.00","0.00","KC","0","100"
"211147","44138314","Kenny Fletcher Jr.","TE","IND","2500","0.00","0.00","0.0%","0.0%","0.0%","0.0%","0.0%","0.00","0.00","0.00","0.00","KC","0","100"
"100979","44138316","Pharaoh Brown","TE","IND","2500","0.00","0.00","0.0%","0.0%","0.0%","0.0%","0.0%","0.00","0.00","0.00","0.00","KC","0","100"
"102254","44138318","Robert Tonyan","TE","PIT","2500","0.94","0.38","0.0%","0.0%","0.0%","0.3%","96.0%","0.00","0.00","1.50","2.90","NE","0","100"
"209068","44138320","Lake McRee","TE","PIT","2500","0.00","0.00","0.0%","0.0%","0.0%","0.0%","0.0%","0.00","0.00","0.00","0.00","NE","0","100"
"209157","44138322","Tanner Arkin","TE","NE","2500","0.00","0.00","0.1%","0.0%","-0.1%","0.0%","100.0%","0.00","0.00","0.00","0.00","PIT","0","100"
"106354","44138324","Cameron Latu","TE","NE","2500","0.00","0.00","0.0%","0.0%","0.0%","0.0%","100.0%","0.00","0.00","0.00","0.00","PIT","0","100"
"106741","44138326","Julian Hill","TE","NE","2500","0.00","0.00","0.0%","0.0%","0.0%","0.0%","0.0%","0.00","0.00","0.00","0.00","PIT","0","100"
"100272","44138328","Shane Zylstra","TE","NE","2500","0.00","0.00","0.0%","0.0%","0.0%","0.0%","0.0%","0.00","0.00","0.00","0.00","PIT","0","100"
"106233","44138330","Payne Durham","TE","TB","2500","0.00","0.00","0.0%","0.0%","0.0%","0.0%","100.0%","0.00","0.00","0.00","0.00","CLE","0","100"
"105289","44138332","Ko Kieft","TE","TB","2500","0.00","0.00","0.0%","0.0%","0.0%","0.0%","100.0%","0.00","0.00","0.00","0.00","CLE","0","100"
"208765","44138334","Bauer Sharp","TE","TB","2500","0.24","0.10","0.1%","0.0%","-0.1%","0.0%","99.3%","0.00","0.00","0.00","0.00","CLE","0","100"
"162572","44138336","CJ Dippre","TE","TB","2500","0.00","0.00","0.0%","0.0%","0.0%","0.0%","0.0%","0.00","0.00","0.00","0.00","CLE","0","100"
"106654","44138338","Evan Deckers","TE","TB","2500","0.00","0.00","0.0%","0.0%","0.0%","0.0%","0.0%","0.00","0.00","0.00","0.00","CLE","0","100"
"106461","44138340","Blake Whiteheart","TE","CLE","2500","2.59","1.04","0.0%","1.0%","1.0%","2.9%","82.4%","0.00","1.60","3.60","7.10","TB","0","100"
"208856","44138342","Carsen Ryan","TE","CLE","2500","0.00","0.00","0.1%","0.0%","-0.1%","0.0%","100.0%","0.00","0.00","0.00","0.00","TB","0","100"
"208747","44138344","Joe Royer","TE","CLE","2500","0.00","0.00","0.0%","0.0%","0.0%","0.0%","0.0%","0.00","0.00","0.00","0.00","TB","0","100"
"117490","44138346","Messiah Swinson","TE","CLE","2500","0.00","0.00","0.0%","0.0%","0.0%","0.0%","0.0%","0.00","0.00","0.00","0.00","TB","0","100"
"117568","44138348","Colson Yankoff","TE","WAS","2500","1.04","0.42","0.0%","0.0%","0.0%","0.5%","95.3%","0.00","0.00","1.60","3.30","DAL","0","100"
"111464","44138350","Jack Westover","TE","WAS","2500","0.00","0.00","0.0%","0.0%","0.0%","0.0%","0.0%","0.00","0.00","0.00","0.00","DAL","0","100"
"101710","44138352","Tyler Ott","TE","WAS","2500","0.00","0.00","0.0%","0.0%","0.0%","0.0%","0.0%","0.00","0.00","0.00","0.00","DAL","0","100"
"106322","44138354","Luke Schoonmaker","TE","DAL","2500","3.03","1.21","0.0%","1.7%","1.7%","6.5%","80.1%","0.00","1.40","3.80","9.90","WAS","0","100"
"106615","44138356","Princeton Fant","TE","DAL","2500","0.00","0.00","0.0%","0.0%","0.0%","0.0%","0.0%","0.00","0.00","0.00","0.00","WAS","0","100"
"209646","44138358","DJ Rogers","TE","DAL","2500","0.00","0.00","0.0%","0.0%","0.0%","0.0%","0.0%","0.00","0.00","0.00","0.00","WAS","0","100"
"209656","44138360","Michael Trigg","TE","DAL","2500","0.00","0.00","0.0%","0.0%","0.0%","0.0%","0.0%","0.00","0.00","0.00","0.00","WAS","0","100"
"104790","44138362","James Mitchell","TE","DAL","2500","0.00","0.00","0.0%","0.0%","0.0%","0.0%","0.0%","0.00","0.00","0.00","0.00","WAS","0","100"
"111549","44138364","Erick All Jr.","TE","CIN","2500","2.83","1.13","0.1%","1.1%","1.1%","3.7%","81.3%","0.00","1.60","3.80","7.90","HOU","0","100"
"208737","44138366","Jack Endries","TE","CIN","2500","0.00","0.00","0.1%","0.0%","-0.1%","0.0%","100.0%","0.00","0.00","0.00","0.00","HOU","0","100"
"101881","44138368","Tanner Hudson","TE","CIN","2500","0.00","0.00","0.0%","0.0%","0.0%","0.0%","0.0%","0.00","0.00","0.00","0.00","HOU","0","100"
"162676","44138370","William Wagner","TE","CIN","2500","0.00","0.00","0.0%","0.0%","0.0%","0.0%","0.0%","0.00","0.00","0.00","0.00","HOU","0","100"
"208595","44138372","Marlin Klein","TE","HOU","2500","0.88","0.35","0.1%","0.0%","-0.1%","0.5%","95.7%","0.00","0.00","1.30","2.70","CIN","0","100"
"111053","44138374","Cade Stover","TE","HOU","2500","1.90","0.76","0.1%","0.0%","-0.1%","1.7%","89.1%","0.00","0.90","2.60","5.30","CIN","0","100"
"101864","44138376","Brevin Jordan","TE","HOU","2500","0.00","0.00","0.1%","0.0%","-0.1%","0.0%","100.0%","0.00","0.00","0.00","0.00","CIN","0","100"
"105380","44138378","Zaire Mitchell-Paden","TE","HOU","2500","0.00","0.00","0.0%","0.0%","0.0%","0.0%","0.0%","0.00","0.00","0.00","0.00","CIN","0","100"
"100524","44138380","Chris Manhertz","TE","NYG","2500","0.18","0.07","0.0%","0.0%","0.0%","0.0%","99.8%","0.00","0.00","0.00","0.00","LAR","0","100"
"162248","44138382","Thomas Fidone II","TE","NYG","2500","0.00","0.00","0.0%","0.0%","0.0%","0.0%","100.0%","0.00","0.00","0.00","0.00","LAR","0","100"
"210913","44138384","Ben Mann","TE","NYG","2500","0.00","0.00","0.0%","0.0%","0.0%","0.0%","0.0%","0.00","0.00","0.00","0.00","LAR","0","100"
"106230","44138386","Davis Allen","TE","LAR","2500","1.11","0.44","0.0%","0.0%","0.0%","1.5%","93.3%","0.00","0.00","1.30","3.10","NYG","0","100"
"209155","44138388","Dan Villari","TE","LAR","2500","0.00","0.00","0.0%","0.0%","0.0%","0.0%","0.0%","0.00","0.00","0.00","0.00","NYG","0","100"
"101055","44138390","Tyler Conklin","TE","DET","2500","0.62","0.25","0.0%","0.0%","0.0%","0.5%","96.8%","0.00","0.00","0.00","2.10","BUF","0","100"
"162599","44138392","Jackson Meeks","TE","DET","2500","0.00","0.00","0.0%","0.0%","0.0%","0.0%","100.0%","0.00","0.00","0.00","0.00","BUF","0","100"
"170663","44138394","Thomas Gordon","TE","DET","2500","0.00","0.00","0.0%","0.0%","0.0%","0.0%","0.0%","0.00","0.00","0.00","0.00","BUF","0","100"
"162235","44138396","Jackson Hawes","TE","BUF","2500","0.84","0.34","0.0%","0.0%","0.0%","0.9%","95.5%","0.00","0.00","0.00","2.60","DET","0","100"
"162632","44138398","Keleki Latu","TE","BUF","2500","0.24","0.10","0.0%","0.0%","0.0%","0.1%","99.3%","0.00","0.00","0.00","0.00","DET","0","100"
"31","44138400","San Francisco 49ers","DST","SF","3800","8.23","2.17","6.0%","7.6%","1.6%","13.8%","51.5%","2.00","7.00","11.00","16.00","MIA","0","100"
"26","44138401","Philadelphia Eagles","DST","PHI","3700","7.90","2.14","5.3%","6.3%","1.0%","12.8%","53.2%","1.00","7.00","11.00","16.00","TEN","0","100"
"33","44138402","Tampa Bay Buccaneers","DST","TB","3600","8.23","2.29","6.5%","6.0%","-0.5%","14.9%","52.0%","2.00","7.00","12.00","17.00","CLE","0","100"
"30","44138403","Seattle Seahawks","DST","SEA","3500","7.75","2.21","4.6%","5.5%","0.9%","16.1%","48.3%","1.00","7.00","11.00","16.00","ARI","0","100"
"12","44138404","Green Bay Packers","DST","GB","3400","7.12","2.09","5.4%","4.8%","-0.6%","13.5%","53.5%","1.00","6.00","10.00","15.00","NYJ","0","100"
"3","44138405","Baltimore Ravens","DST","BAL","3300","7.32","2.22","4.4%","3.8%","-0.6%","14.2%","51.1%","1.00","6.00","11.00","15.00","NO","0","100"
"32","44138406","Los Angeles Rams","DST","LAR","3300","6.59","2.00","2.0%","3.8%","1.8%","11.7%","56.4%","0.00","6.00","10.00","14.00","NYG","0","100"
"29","44138407","Los Angeles Chargers","DST","LAC","3200","7.82","2.44","5.3%","4.5%","-0.8%","16.4%","48.6%","1.00","7.00","11.00","16.00","LV","0","100"
"16","44138408","Kansas City Chiefs","DST","KC","3200","7.24","2.26","1.9%","3.9%","2.0%","14.8%","52.3%","1.00","6.00","11.00","15.00","IND","0","100"
"21","44138409","New England Patriots","DST","NE","3100","7.13","2.30","4.4%","3.6%","-0.8%","13.0%","52.3%","1.00","6.00","10.00","15.00","PIT","0","100"
"6","44138410","Chicago Bears","DST","CHI","3000","6.99","2.33","4.0%","4.0%","0.0%","17.2%","46.7%","0.00","6.00","10.00","15.00","MIN","0","100"
"13","44138411","Houston Texans","DST","HOU","3000","7.02","2.34","4.2%","3.4%","-0.8%","17.2%","46.8%","0.00","6.00","10.00","15.00","CIN","0","100"
"2","44138412","Atlanta Falcons","DST","ATL","2900","6.70","2.31","3.1%","2.3%","-0.8%","15.0%","49.1%","0.00","6.00","10.00","15.00","CAR","0","100"
"9","44138413","Dallas Cowboys","DST","DAL","2900","5.91","2.04","3.5%","2.9%","-0.6%","13.4%","53.9%","-1.00","5.00","9.00","14.00","WAS","0","100"
"10","44138414","Denver Broncos","DST","DEN","2800","7.18","2.56","4.2%","3.4%","-0.8%","17.4%","46.2%","0.00","6.00","10.00","15.00","JAX","0","100"
"28","44138415","Pittsburgh Steelers","DST","PIT","2800","6.75","2.41","3.1%","2.6%","-0.5%","15.8%","49.1%","0.00","6.00","10.00","15.00","NE","0","100"
"5","44138416","Carolina Panthers","DST","CAR","2700","7.56","2.80","1.5%","2.3%","0.8%","19.5%","43.3%","1.00","6.00","11.00","16.00","ATL","0","100"
"7","44138417","Cincinnati Bengals","DST","CIN","2700","7.13","2.64","3.4%","3.1%","-0.3%","17.7%","46.7%","0.00","6.00","11.00","16.00","HOU","0","100"
"20","44138418","Minnesota Vikings","DST","MIN","2600","5.68","2.18","1.4%","1.3%","-0.1%","12.2%","56.5%","-1.00","5.00","9.00","14.00","CHI","0","100"
"25","44138419","Las Vegas Raiders","DST","LV","2600","5.98","2.30","3.0%","2.4%","-0.6%","13.0%","54.5%","0.00","5.00","9.00","14.00","LAC","0","100"
"4","44138420","Buffalo Bills","DST","BUF","2600","5.97","2.30","1.5%","2.1%","0.6%","13.9%","54.9%","-1.00","5.00","9.00","14.00","DET","0","100"
"1","44138421","Arizona Cardinals","DST","ARI","2500","7.30","2.92","3.3%","2.8%","-0.5%","21.4%","38.2%","1.00","6.00","11.00","16.00","SEA","0","100"
"35","44138422","Washington Commanders","DST","WAS","2500","5.42","2.17","1.4%","1.6%","0.2%","15.3%","50.6%","-1.00","4.00","9.00","14.00","DAL","0","100"
"11","44138423","Detroit Lions","DST","DET","2500","5.09","2.04","1.2%","1.9%","0.7%","13.9%","54.0%","-2.00","4.00","8.00","13.00","BUF","0","100"
"15","44138424","Jacksonville Jaguars","DST","JAX","2400","6.01","2.50","3.4%","2.2%","-1.2%","15.1%","46.0%","0.00","5.00","9.00","14.00","DEN","0","100"
"24","44138425","New York Jets","DST","NYJ","2400","6.48","2.70","1.4%","2.0%","0.6%","17.7%","43.7%","0.00","5.00","10.00","15.00","GB","0","100"
"14","44138426","Indianapolis Colts","DST","IND","2300","5.97","2.60","0.9%","2.0%","1.1%","16.5%","46.6%","-1.00","5.00","9.00","14.00","KC","0","100"
"22","44138427","New Orleans Saints","DST","NO","2300","5.89","2.56","1.3%","2.3%","1.0%","16.2%","47.0%","-1.00","5.00","9.00","14.00","BAL","0","100"
"8","44138428","Cleveland Browns","DST","CLE","2200","6.51","2.96","3.1%","0.7%","-2.4%","18.6%","43.4%","0.00","5.00","10.00","15.00","TB","0","100"
"23","44138429","New York Giants","DST","NYG","2200","5.68","2.58","0.9%","1.4%","0.5%","15.3%","48.8%","-1.00","5.00","9.00","14.00","LAR","0","100"
"34","44138430","Tennessee Titans","DST","TEN","2100","6.23","2.97","3.1%","1.6%","-1.5%","16.6%","45.2%","0.00","5.00","9.00","14.00","PHI","0","100"
"19","44138431","Miami Dolphins","DST","MIA","2000","5.90","2.95","1.3%","1.9%","0.6%","19.8%","39.7%","-1.00","5.00","9.00","14.00","SF","0","100"